2026-03-07 23:04:45 | [92mINFO[0m | __main__ | 
=== Critical Files ===
2026-03-07 23:04:45 | [92mINFO[0m | __main__ | 
=== Pipeline Modules ===
2026-03-07 23:04:45 | [92mINFO[0m | __main__ | 
=== API Modules ===
2026-03-07 23:04:45 | [92mINFO[0m | __main__ | 
=== Utilities ===
2026-03-07 23:04:45 | [92mINFO[0m | __main__ | 
=== Directories ===
2026-03-07 23:04:45 | [92mINFO[0m | __main__ | 
======================================================================
2026-03-07 23:04:45 | [92mINFO[0m | __main__ | Verification Results: 32/32 checks passed
2026-03-07 23:04:45 | [92mINFO[0m | __main__ | 
=== Configuration Keys ===
2026-03-07 23:04:45 | [92mINFO[0m | __main__ | 
=== Import Tests ===
2026-03-07 23:06:46 | [91mERROR[0m | __main__ | 
SOME VERIFICATIONS FAILED
2026-03-07 23:06:46 | [91mERROR[0m | __main__ | Please check the errors above.
2026-04-20 02:17:48 | [92mINFO[0m | pipeline.ingestion.arduino_reader | Initialized ArduinoReader for COM5 @ 230400 baud
2026-04-20 02:17:48 | [92mINFO[0m | pipeline.ingestion.arduino_reader | Connecting to COM5...
2026-04-20 02:17:50 | [92mINFO[0m | pipeline.ingestion.arduino_reader | Testing connection with 10 samples...
2026-04-20 02:17:50 | [92mINFO[0m | pipeline.ingestion.arduino_reader | Sample 1: [1935323.20087896  878026.00256363  987401.57480315]
2026-04-20 02:17:50 | [92mINFO[0m | pipeline.ingestion.arduino_reader | Sample 2: [1943783.18989196  540432.15528292  755154.73356528]
2026-04-20 02:17:50 | [92mINFO[0m | pipeline.ingestion.arduino_reader | Sample 3: [1950228.89580663  569639.26020875  755960.44680461]
2026-04-20 02:17:50 | [92mINFO[0m | pipeline.ingestion.arduino_reader | Sample 4: [1948013.18439846  548489.28767625  742464.75004578]
2026-04-20 02:17:50 | [92mINFO[0m | pipeline.ingestion.arduino_reader | Sample 5: [1926460.35524629  548086.43105658  740047.61032778]
2026-04-20 02:17:50 | [92mINFO[0m | pipeline.ingestion.arduino_reader | Sample 6: [1909540.37722029  548489.28767625  741054.75187695]
2026-04-20 02:17:50 | [92mINFO[0m | pipeline.ingestion.arduino_reader | Sample 7: [1899267.53341879  547885.00274675  739040.46877861]
2026-04-20 02:17:50 | [92mINFO[0m | pipeline.ingestion.arduino_reader | Sample 8: [1901483.24482695  546676.43288775  738637.61215895]
2026-04-20 02:17:50 | [92mINFO[0m | pipeline.ingestion.arduino_reader | Sample 9: [1902490.38637612  548287.85936642  739644.75370811]
2026-04-20 02:17:50 | [92mINFO[0m | pipeline.ingestion.arduino_reader | Sample 10: [1903698.95623512  547482.14612708  740651.89525728]
2026-04-20 02:17:50 | [92mINFO[0m | pipeline.ingestion.test_connection |   Ready for data collection
2026-04-20 02:17:50 | [92mINFO[0m | pipeline.ingestion.arduino_reader | Disconnected from Arduino
2026-04-20 02:18:50 | [92mINFO[0m | pipeline.ingestion.arduino_reader | Initialized ArduinoReader for COM5 @ 230400 baud
2026-04-20 02:18:50 | [92mINFO[0m | pipeline.ingestion.arduino_reader | Connecting to COM5...
2026-04-20 02:18:52 | [92mINFO[0m | pipeline.ingestion.arduino_reader | Testing connection with 10 samples...
2026-04-20 02:18:52 | [92mINFO[0m | pipeline.ingestion.arduino_reader | Sample 1: [1550997.9857169   847610.3277788   966050.17396081]
2026-04-20 02:18:52 | [92mINFO[0m | pipeline.ingestion.arduino_reader | Sample 2: [1580406.51895257  538820.72880425  756967.58835378]
2026-04-20 02:18:52 | [92mINFO[0m | pipeline.ingestion.arduino_reader | Sample 3: [1604175.05951291  565006.40908259  753341.87877678]
2026-04-20 02:18:52 | [92mINFO[0m | pipeline.ingestion.arduino_reader | Sample 4: [1600146.49331624  544259.29316975  727961.91173778]
2026-04-20 02:18:52 | [92mINFO[0m | pipeline.ingestion.arduino_reader | Sample 5: [1568723.67698224  542647.86669108  726551.91356894]
2026-04-20 02:18:52 | [92mINFO[0m | pipeline.ingestion.arduino_reader | Sample 6: [1543947.99487273  543252.15162058  727760.48342794]
2026-04-20 02:18:52 | [92mINFO[0m | pipeline.ingestion.arduino_reader | Sample 7: [1521790.88079106  543050.72331075  738234.75553928]
2026-04-20 02:18:52 | [92mINFO[0m | pipeline.ingestion.arduino_reader | Sample 8: [1508698.0406519   549899.28584508  739241.89708845]
2026-04-20 02:18:52 | [92mINFO[0m | pipeline.ingestion.arduino_reader | Sample 9: [1511920.89360923  549899.28584508  740047.61032778]
2026-04-20 02:18:52 | [92mINFO[0m | pipeline.ingestion.arduino_reader | Sample 10: [1536495.1474089   541842.15345175  738436.18384911]
2026-04-20 02:18:52 | [92mINFO[0m | pipeline.ingestion.test_connection |   Ready for data collection
2026-04-20 02:18:52 | [92mINFO[0m | pipeline.ingestion.arduino_reader | Disconnected from Arduino
2026-04-20 02:20:59 | [92mINFO[0m | pipeline.ingestion.arduino_reader | Initialized ArduinoReader for COM5 @ 230400 baud
2026-04-20 02:20:59 | [92mINFO[0m | pipeline.ingestion.arduino_reader | Connecting to COM5...
2026-04-20 02:21:02 | [92mINFO[0m | pipeline.ingestion.arduino_reader | Testing connection with 10 samples...
2026-04-20 02:21:02 | [92mINFO[0m | pipeline.ingestion.arduino_reader | Sample 1: [1670646.40175792  872587.43819813  980955.86888848]
2026-04-20 02:21:02 | [92mINFO[0m | pipeline.ingestion.arduino_reader | Sample 2: [1666416.40725142  564603.55246292  755557.59018495]
2026-04-20 02:21:02 | [92mINFO[0m | pipeline.ingestion.arduino_reader | Sample 3: [1654330.70866142  544057.86485992  727961.91173778]
2026-04-20 02:21:02 | [92mINFO[0m | pipeline.ingestion.arduino_reader | Sample 4: [1648086.43105658  542849.29500092  726954.77018861]
2026-04-20 02:21:02 | [92mINFO[0m | pipeline.ingestion.arduino_reader | Sample 5: [1667020.69218092  542446.43838125  726149.05694928]
2026-04-20 02:21:02 | [92mINFO[0m | pipeline.ingestion.arduino_reader | Sample 6: [1673667.82640542  543655.00824025  727760.48342794]
2026-04-20 02:21:02 | [92mINFO[0m | pipeline.ingestion.arduino_reader | Sample 7: [1686357.80992492  542849.29500092  726551.91356894]
2026-04-20 02:21:02 | [92mINFO[0m | pipeline.ingestion.arduino_reader | Sample 8: [1703882.07288042  544460.72147958  728163.34004761]
2026-04-20 02:21:02 | [92mINFO[0m | pipeline.ingestion.arduino_reader | Sample 9: [1694817.79893792  543453.57993042  727357.62680828]
2026-04-20 02:21:02 | [92mINFO[0m | pipeline.ingestion.arduino_reader | Sample 10: [1681322.10217909  542245.01007142  727156.19849844]
2026-04-20 02:21:02 | [92mINFO[0m | pipeline.ingestion.test_connection |   Ready for data collection
2026-04-20 02:21:02 | [92mINFO[0m | pipeline.ingestion.arduino_reader | Disconnected from Arduino
2026-04-20 02:24:34 | [92mINFO[0m | pipeline.ingestion.arduino_reader | Initialized ArduinoReader for COM5 @ 230400 baud
2026-04-20 02:24:34 | [92mINFO[0m | pipeline.ingestion.arduino_reader | Connecting to COM5...
2026-04-20 02:24:36 | [92mINFO[0m | pipeline.ingestion.arduino_reader | Testing connection with 10 samples...
2026-04-20 02:24:36 | [92mINFO[0m | pipeline.ingestion.arduino_reader | Sample 1: [1667423.54880059  880845.9989013   980553.01226882]
2026-04-20 02:24:36 | [92mINFO[0m | pipeline.ingestion.arduino_reader | Sample 2: [1635396.44753708  563596.41091375  756363.30342428]
2026-04-20 02:24:36 | [92mINFO[0m | pipeline.ingestion.arduino_reader | Sample 3: [1638820.72880425  543050.72331075  727156.19849844]
2026-04-20 02:24:36 | [92mINFO[0m | pipeline.ingestion.arduino_reader | Sample 4: [1658762.13147775  543453.57993042  725746.20032961]
2026-04-20 02:24:36 | [92mINFO[0m | pipeline.ingestion.arduino_reader | Sample 5: [1672459.25654642  539827.87035342  721717.63413294]
2026-04-20 02:24:36 | [92mINFO[0m | pipeline.ingestion.arduino_reader | Sample 6: [1696429.22541659  542043.58176158  725544.77201978]
2026-04-20 02:24:36 | [92mINFO[0m | pipeline.ingestion.arduino_reader | Sample 7: [1726240.61527193  543856.43655008  727156.19849844]
2026-04-20 02:24:36 | [92mINFO[0m | pipeline.ingestion.arduino_reader | Sample 8: [1734700.60428493  550302.14246475  738839.04046878]
2026-04-20 02:24:36 | [92mINFO[0m | pipeline.ingestion.arduino_reader | Sample 9: [1736312.0307636   550704.99908442  740249.03863761]
2026-04-20 02:24:36 | [92mINFO[0m | pipeline.ingestion.arduino_reader | Sample 10: [1734096.31935543  553122.13880242  740450.46694745]
2026-04-20 02:24:36 | [92mINFO[0m | pipeline.ingestion.test_connection |   Ready for data collection
2026-04-20 02:24:36 | [92mINFO[0m | pipeline.ingestion.arduino_reader | Disconnected from Arduino
2026-04-20 02:25:48 | [92mINFO[0m | pipeline.ingestion.arduino_reader | Initialized ArduinoReader for COM5 @ 230400 baud
2026-04-20 02:25:48 | [92mINFO[0m | pipeline.ingestion.arduino_reader | Connecting to COM5...
2026-04-20 02:25:50 | [92mINFO[0m | pipeline.ingestion.arduino_reader | Testing connection with 10 samples...
2026-04-20 02:25:50 | [92mINFO[0m | pipeline.ingestion.arduino_reader | Sample 1: [1674473.53964475  868558.87200146  973704.44973448]
2026-04-20 02:25:50 | [92mINFO[0m | pipeline.ingestion.arduino_reader | Sample 2: [1697033.51034609  557754.98992858  749917.59750961]
2026-04-20 02:25:50 | [92mINFO[0m | pipeline.ingestion.arduino_reader | Sample 3: [1705694.92766893  553726.42373192  727961.91173778]
2026-04-20 02:25:50 | [92mINFO[0m | pipeline.ingestion.arduino_reader | Sample 4: [1714960.62992126  551913.56894342  739040.46877861]
2026-04-20 02:25:50 | [92mINFO[0m | pipeline.ingestion.arduino_reader | Sample 5: [1711939.20527376  551913.56894342  740651.89525728]
2026-04-20 02:25:50 | [92mINFO[0m | pipeline.ingestion.arduino_reader | Sample 6: [1692400.65921992  550906.42739425  740450.46694745]
2026-04-20 02:25:50 | [92mINFO[0m | pipeline.ingestion.arduino_reader | Sample 7: [1676487.82274309  542446.43838125  729371.90990661]
2026-04-20 02:25:50 | [92mINFO[0m | pipeline.ingestion.arduino_reader | Sample 8: [1666013.55063175  541640.72514192  727156.19849844]
2026-04-20 02:25:50 | [92mINFO[0m | pipeline.ingestion.arduino_reader | Sample 9: [1655337.85021058  541842.15345175  727156.19849844]
2026-04-20 02:25:50 | [92mINFO[0m | pipeline.ingestion.arduino_reader | Sample 10: [1648287.85936642  539626.44204358  721516.20582311]
2026-04-20 02:25:50 | [92mINFO[0m | pipeline.ingestion.test_connection |   Ready for data collection
2026-04-20 02:25:50 | [92mINFO[0m | pipeline.ingestion.arduino_reader | Disconnected from Arduino
2026-04-20 02:28:47 | [92mINFO[0m | pipeline.ingestion.arduino_reader | Initialized ArduinoReader for COM5 @ 230400 baud
2026-04-20 02:28:47 | [92mINFO[0m | pipeline.ingestion.arduino_reader | Connecting to COM5...
2026-04-20 02:28:50 | [92mINFO[0m | pipeline.ingestion.arduino_reader | Testing connection with 10 samples...
2026-04-20 02:28:50 | [92mINFO[0m | pipeline.ingestion.arduino_reader | Sample 1: [1687364.95147409  866343.1605933   973905.87804431]
2026-04-20 02:28:50 | [92mINFO[0m | pipeline.ingestion.arduino_reader | Sample 2: [1684142.09851676  558359.27485808  750723.31074895]
2026-04-20 02:28:50 | [92mINFO[0m | pipeline.ingestion.arduino_reader | Sample 3: [1684343.52682659  544460.72147958  727961.91173778]
2026-04-20 02:28:50 | [92mINFO[0m | pipeline.ingestion.arduino_reader | Sample 4: [1689177.80626259  551309.28401392  728566.19666728]
2026-04-20 02:28:50 | [92mINFO[0m | pipeline.ingestion.arduino_reader | Sample 5: [1697637.79527559  543252.15162058  727357.62680828]
2026-04-20 02:28:50 | [92mINFO[0m | pipeline.ingestion.arduino_reader | Sample 6: [1694616.37062809  542245.01007142  737831.89891961]
2026-04-20 02:28:50 | [92mINFO[0m | pipeline.ingestion.arduino_reader | Sample 7: [1686760.66654459  543655.00824025  728163.34004761]
2026-04-20 02:28:50 | [92mINFO[0m | pipeline.ingestion.arduino_reader | Sample 8: [1679509.24739059  543453.57993042  727760.48342794]
2026-04-20 02:28:50 | [92mINFO[0m | pipeline.ingestion.arduino_reader | Sample 9: [1682329.24372825  542245.01007142  727156.19849844]
2026-04-20 02:28:50 | [92mINFO[0m | pipeline.ingestion.arduino_reader | Sample 10: [1683940.67020692  542647.86669108  727357.62680828]
2026-04-20 02:28:50 | [92mINFO[0m | pipeline.ingestion.test_connection |   Ready for data collection
2026-04-20 02:28:50 | [92mINFO[0m | pipeline.ingestion.arduino_reader | Disconnected from Arduino
2026-04-20 02:36:20 | [92mINFO[0m | __main__ |  Configuration loaded
2026-04-20 02:36:20 | [92mINFO[0m | pipeline.ingestion.arduino_reader | Initialized ArduinoReader for COM5 @ 230400 baud
2026-04-20 02:36:20 | [92mINFO[0m | pipeline.ingestion.arduino_reader | Connecting to COM5...
2026-04-20 02:36:23 | [92mINFO[0m | pipeline.ingestion.arduino_reader | Testing connection with 10 samples...
2026-04-20 02:36:23 | [92mINFO[0m | pipeline.ingestion.arduino_reader | Sample 1: [  52472.07471159 -815482.51236037 -696236.95293902]
2026-04-20 02:36:23 | [92mINFO[0m | pipeline.ingestion.arduino_reader | Sample 2: [   30919.24555942 -1108762.13147775  -896053.83629372]
2026-04-20 02:36:23 | [92mINFO[0m | pipeline.ingestion.arduino_reader | Sample 3: [   25480.68119392 -1086605.01739608  -900485.25911005]
2026-04-20 02:36:23 | [92mINFO[0m | pipeline.ingestion.arduino_reader | Sample 4: [   32127.81541842 -1105942.13514008  -921232.37502289]
2026-04-20 02:36:23 | [92mINFO[0m | pipeline.ingestion.arduino_reader | Sample 5: [   39379.23457242 -1107150.70499908  -923045.22981139]
2026-04-20 02:36:23 | [92mINFO[0m | pipeline.ingestion.arduino_reader | Sample 6: [   68586.33949826 -1107150.70499908  -922642.37319172]
2026-04-20 02:36:23 | [92mINFO[0m | pipeline.ingestion.arduino_reader | Sample 7: [   99002.0142831  -1100100.71415492  -910758.10291155]
2026-04-20 02:36:23 | [92mINFO[0m | pipeline.ingestion.arduino_reader | Sample 8: [  102023.4389306  -1099093.57260575  -910758.10291155]
2026-04-20 02:36:23 | [92mINFO[0m | pipeline.ingestion.arduino_reader | Sample 9: [   95174.87639626 -1098086.43105658  -910556.67460172]
2026-04-20 02:36:23 | [92mINFO[0m | pipeline.ingestion.arduino_reader | Sample 10: [   77247.7568211  -1099093.57260575  -909952.38967222]
2026-04-20 02:36:23 | [92mINFO[0m | pipeline.ingestion.test_connection |   Ready for data collection
2026-04-20 02:36:23 | [92mINFO[0m | pipeline.ingestion.arduino_reader | Disconnected from Arduino
2026-04-20 02:36:23 | [92mINFO[0m | __main__ | 
 Operation completed successfully
2026-04-20 02:38:21 | [92mINFO[0m | __main__ |  Configuration loaded
2026-04-20 02:38:21 | [92mINFO[0m | pipeline.ingestion.arduino_reader | Initialized ArduinoReader for COM5 @ 230400 baud
2026-04-20 02:38:21 | [92mINFO[0m | pipeline.ingestion.arduino_reader | Connecting to COM5...
2026-04-20 02:38:23 | [92mINFO[0m | pipeline.ingestion.arduino_reader | Testing connection with 10 samples...
2026-04-20 02:38:23 | [92mINFO[0m | pipeline.ingestion.arduino_reader | Sample 1: [-139891.96117927 -787685.40560337 -682942.68449002]
2026-04-20 02:38:23 | [92mINFO[0m | pipeline.ingestion.arduino_reader | Sample 2: [ -108670.5731551  -1085799.30415675  -894240.98150522]
2026-04-20 02:38:23 | [92mINFO[0m | pipeline.ingestion.arduino_reader | Sample 3: [  -76643.47189159 -1108762.13147775  -924455.22798022]
2026-04-20 02:38:23 | [92mINFO[0m | pipeline.ingestion.arduino_reader | Sample 4: [  -66169.19978026 -1106949.27668925  -922843.80150156]
2026-04-20 02:38:23 | [92mINFO[0m | pipeline.ingestion.arduino_reader | Sample 5: [  -66572.05639993 -1107150.70499908  -921433.80333272]
2026-04-20 02:38:23 | [92mINFO[0m | pipeline.ingestion.arduino_reader | Sample 6: [  -76240.61527193 -1107956.41823842  -922440.94488189]
2026-04-20 02:38:23 | [92mINFO[0m | pipeline.ingestion.arduino_reader | Sample 7: [  -99404.87090276 -1106747.84837942  -912168.10108039]
2026-04-20 02:38:23 | [92mINFO[0m | pipeline.ingestion.arduino_reader | Sample 8: [ -128410.54751877 -1098690.71598608  -909750.96136239]
2026-04-20 02:38:23 | [92mINFO[0m | pipeline.ingestion.arduino_reader | Sample 9: [ -138683.39132027 -1099697.85753525  -909348.10474272]
2026-04-20 02:38:23 | [92mINFO[0m | pipeline.ingestion.arduino_reader | Sample 10: [ -132640.54202527 -1099496.42922542  -909952.38967222]
2026-04-20 02:38:23 | [92mINFO[0m | pipeline.ingestion.test_connection |   Ready for data collection
2026-04-20 02:38:24 | [92mINFO[0m | pipeline.ingestion.arduino_reader | Disconnected from Arduino
2026-04-20 02:38:24 | [92mINFO[0m | __main__ | 
 Operation completed successfully
2026-04-20 02:39:08 | [92mINFO[0m | __main__ |  Configuration loaded
2026-04-20 02:39:08 | [92mINFO[0m | pipeline.ingestion.arduino_reader | Initialized ArduinoReader for COM5 @ 230400 baud
2026-04-20 02:39:08 | [92mINFO[0m | pipeline.ingestion.arduino_reader | Connecting to COM5...
2026-04-20 02:39:11 | [92mINFO[0m | pipeline.ingestion.arduino_reader | Testing connection with 10 samples...
2026-04-20 02:39:11 | [92mINFO[0m | pipeline.ingestion.arduino_reader | Sample 1: [ -19034.97527925 -783656.8394067  -668036.98956235]
2026-04-20 02:39:11 | [92mINFO[0m | pipeline.ingestion.arduino_reader | Sample 2: [  -39983.51950192 -1091036.44021242  -898068.11939205]
2026-04-20 02:39:11 | [92mINFO[0m | pipeline.ingestion.arduino_reader | Sample 3: [  -41796.37429042 -1105337.85021058  -922038.08826222]
2026-04-20 02:39:11 | [92mINFO[0m | pipeline.ingestion.arduino_reader | Sample 4: [  -33940.67020692 -1106747.84837942  -922843.80150156]
2026-04-20 02:39:11 | [92mINFO[0m | pipeline.ingestion.arduino_reader | Sample 5: [  -13596.41091375 -1108359.27485808  -923649.51474089]
2026-04-20 02:39:11 | [92mINFO[0m | pipeline.ingestion.arduino_reader | Sample 6: [   19840.68851859 -1107150.70499908  -921836.65995239]
2026-04-20 02:39:11 | [92mINFO[0m | pipeline.ingestion.arduino_reader | Sample 7: [   44817.79893792 -1106546.42006958  -923448.08643106]
2026-04-20 02:39:11 | [92mINFO[0m | pipeline.ingestion.arduino_reader | Sample 8: [   45824.94048709 -1107553.56161875  -921433.80333272]
2026-04-20 02:39:11 | [92mINFO[0m | pipeline.ingestion.arduino_reader | Sample 9: [   34544.95513642 -1107150.70499908  -922843.80150156]
2026-04-20 02:39:11 | [92mINFO[0m | pipeline.ingestion.arduino_reader | Sample 10: [   13193.55429409 -1107553.56161875  -923045.22981139]
2026-04-20 02:39:11 | [92mINFO[0m | pipeline.ingestion.test_connection |   Ready for data collection
2026-04-20 02:39:11 | [92mINFO[0m | pipeline.ingestion.arduino_reader | Disconnected from Arduino
2026-04-20 02:39:11 | [92mINFO[0m | __main__ | 
 Operation completed successfully
2026-04-20 02:46:45 | [92mINFO[0m | __main__ |  Configuration loaded
2026-04-20 02:46:45 | [92mINFO[0m | pipeline.ingestion.arduino_reader | Initialized ArduinoReader for COM5 @ 230400 baud
2026-04-20 02:46:45 | [92mINFO[0m | pipeline.ingestion.arduino_reader | Connecting to COM5...
2026-04-20 02:46:47 | [92mINFO[0m | pipeline.ingestion.arduino_reader |  [ok] Connected to UNO-R4
2026-04-20 02:46:47 | [92mINFO[0m | pipeline.ingestion.arduino_reader | Testing connection with 10 samples...
2026-04-20 02:46:47 | [92mINFO[0m | pipeline.ingestion.arduino_reader | Sample 1: [ -54.2849295  -796.74967955 -684.35268266]
2026-04-20 02:46:47 | [92mINFO[0m | pipeline.ingestion.arduino_reader | Sample 2: [  -61.33492034 -1106.34499176  -916.5995239 ]
2026-04-20 02:46:47 | [92mINFO[0m | pipeline.ingestion.arduino_reader | Sample 3: [  -72.816334   -1106.34499176  -923.24665812]
2026-04-20 02:46:47 | [92mINFO[0m | pipeline.ingestion.arduino_reader | Sample 4: [  -78.05347006 -1106.54642007  -921.43380333]
2026-04-20 02:46:47 | [92mINFO[0m | pipeline.ingestion.arduino_reader | Sample 5: [  -68.98919612 -1106.34499176  -921.83665995]
2026-04-20 02:46:47 | [92mINFO[0m | pipeline.ingestion.arduino_reader | Sample 6: [  -56.2992126  -1107.150705    -921.83665995]
2026-04-20 02:46:47 | [92mINFO[0m | pipeline.ingestion.arduino_reader | Sample 7: [  -42.40065922 -1107.55356162  -922.03808826]
2026-04-20 02:46:47 | [92mINFO[0m | pipeline.ingestion.arduino_reader | Sample 8: [  -37.9692364  -1110.57498627  -928.28236587]
2026-04-20 02:46:47 | [92mINFO[0m | pipeline.ingestion.arduino_reader | Sample 9: [  -23.66782641 -1107.150705    -923.85094305]
2026-04-20 02:46:47 | [92mINFO[0m | pipeline.ingestion.arduino_reader | Sample 10: [  -19.23640359 -1107.75498993  -922.8438015 ]
2026-04-20 02:46:47 | [92mINFO[0m | pipeline.ingestion.arduino_reader |  [ok] Connection test complete
2026-04-20 02:46:47 | [92mINFO[0m | pipeline.ingestion.test_connection | 
 [ok] Hardware test passed!
2026-04-20 02:46:47 | [92mINFO[0m | pipeline.ingestion.test_connection |   Ready for data collection
2026-04-20 02:46:48 | [92mINFO[0m | pipeline.ingestion.arduino_reader | Disconnected from Arduino
2026-04-20 02:46:48 | [92mINFO[0m | __main__ | 
 Operation completed successfully
2026-04-20 02:47:32 | [92mINFO[0m | __main__ |  Configuration loaded
2026-04-20 02:47:40 | [92mINFO[0m | pipeline.ingestion.arduino_reader | Initialized ArduinoReader for COM5 @ 230400 baud
2026-04-20 02:47:40 | [92mINFO[0m | pipeline.ingestion.arduino_reader | Connecting to COM5...
2026-04-20 02:47:42 | [92mINFO[0m | pipeline.ingestion.arduino_reader |  [ok] Connected to UNO-R4
2026-04-20 02:47:42 | [92mINFO[0m | pipeline.ingestion.record_session | 
======================================================================
2026-04-20 02:47:42 | [92mINFO[0m | pipeline.ingestion.record_session | STATE: FOCUSED
2026-04-20 02:47:42 | [92mINFO[0m | pipeline.ingestion.record_session | LABEL: 0
2026-04-20 02:47:42 | [92mINFO[0m | pipeline.ingestion.record_session | INSTRUCTION: Count backwards from 500 by 7s continuously. Keep counting without stopping.
2026-04-20 02:47:42 | [92mINFO[0m | pipeline.ingestion.record_session | DURATION: 900s
2026-04-20 02:47:42 | [92mINFO[0m | pipeline.ingestion.record_session | ======================================================================

2026-04-20 03:02:52 | [92mINFO[0m | pipeline.ingestion.record_session |   Mean amplitude: 704.67 µV
2026-04-20 03:02:53 | [92mINFO[0m | pipeline.ingestion.record_session | Take a 30s break...

2026-04-20 03:03:23 | [92mINFO[0m | pipeline.ingestion.record_session | 
======================================================================
2026-04-20 03:03:23 | [92mINFO[0m | pipeline.ingestion.record_session | STATE: DROWSY
2026-04-20 03:03:23 | [92mINFO[0m | pipeline.ingestion.record_session | LABEL: 1
2026-04-20 03:03:23 | [92mINFO[0m | pipeline.ingestion.record_session | INSTRUCTION: Sit back, breathe slowly, eyes half open, think about nothing.
2026-04-20 03:03:23 | [92mINFO[0m | pipeline.ingestion.record_session | DURATION: 900s
2026-04-20 03:03:23 | [92mINFO[0m | pipeline.ingestion.record_session | ======================================================================

2026-04-22 01:09:17 | [92mINFO[0m | __main__ |  Configuration loaded
2026-04-22 01:09:17 | [91mERROR[0m | __main__ | 
 Operation failed: No module named 'serial'
2026-04-22 01:41:47 | [92mINFO[0m | pipeline.ingestion.arduino_reader | Initialized ArduinoReader for COM5 @ 230400 baud
2026-04-22 01:41:47 | [92mINFO[0m | pipeline.ingestion.arduino_reader | Connecting to COM5...
2026-04-22 01:41:50 | [92mINFO[0m | pipeline.ingestion.arduino_reader |  [ok] Connected to UNO-R4
2026-04-22 02:01:50 | [92mINFO[0m | pipeline.ingestion.arduino_reader | Disconnected from Arduino
2026-04-22 09:01:39 | [92mINFO[0m | pipeline.ingestion.arduino_reader | Initialized ArduinoReader for COM5 @ 230400 baud
2026-04-22 09:01:39 | [92mINFO[0m | pipeline.ingestion.arduino_reader | Connecting to COM5...
2026-04-22 09:01:41 | [92mINFO[0m | pipeline.ingestion.arduino_reader |  [ok] Connected to UNO-R4
2026-04-22 09:21:17 | [92mINFO[0m | pipeline.ingestion.arduino_reader | Initialized ArduinoReader for COM5 @ 230400 baud
2026-04-22 09:21:17 | [92mINFO[0m | pipeline.ingestion.arduino_reader | Connecting to COM5...
2026-04-22 09:21:19 | [92mINFO[0m | pipeline.ingestion.arduino_reader |  [ok] Connected to UNO-R4
2026-04-22 09:28:02 | [92mINFO[0m | pipeline.ingestion.arduino_reader | Initialized ArduinoReader for COM5 @ 230400 baud
2026-04-22 09:28:02 | [92mINFO[0m | pipeline.ingestion.arduino_reader | Connecting to COM5...
2026-04-22 09:28:04 | [92mINFO[0m | pipeline.ingestion.arduino_reader |  [ok] Connected to UNO-R4
2026-04-22 09:48:04 | [92mINFO[0m | pipeline.ingestion.arduino_reader | Disconnected from Arduino
2026-04-22 10:02:28 | [92mINFO[0m | pipeline.ingestion.arduino_reader | Initialized ArduinoReader for COM5 @ 230400 baud
2026-04-22 10:02:28 | [92mINFO[0m | pipeline.ingestion.arduino_reader | Connecting to COM5...
2026-04-22 10:02:30 | [92mINFO[0m | pipeline.ingestion.arduino_reader |  [ok] Connected to UNO-R4
2026-04-22 10:22:30 | [92mINFO[0m | pipeline.ingestion.arduino_reader | Disconnected from Arduino
2026-04-22 10:25:58 | [92mINFO[0m | __main__ |  Configuration loaded
2026-04-22 10:26:03 | [91mERROR[0m | __main__ | 
 Operation failed: No raw CSV files found in data\raw [Error Code: PRE001]
Suggested Fix: Verify raw data format, check filter parameters in config.yaml
2026-04-22 10:27:42 | [92mINFO[0m | __main__ |  Configuration loaded
2026-04-22 10:27:42 | [91mERROR[0m | __main__ | 
 Operation failed: No raw CSV files found in data\raw [Error Code: PRE001]
Suggested Fix: Verify raw data format, check filter parameters in config.yaml
2026-04-22 10:31:18 | [92mINFO[0m | __main__ |  Configuration loaded
2026-04-22 10:31:18 | [92mINFO[0m | pipeline.preprocessing.process_pipeline | Found 3 raw files
2026-04-22 10:31:18 | [92mINFO[0m | pipeline.preprocessing.process_pipeline | Processing drowsy_20260422_014128.csv...
2026-04-22 10:31:18 | [92mINFO[0m | pipeline.preprocessing.process_pipeline |   Loaded: (600000, 1), label=1
2026-04-22 10:31:18 | [92mINFO[0m | pipeline.preprocessing.process_pipeline |   Filtered: mean=47.62 µV
2026-04-22 10:31:18 | [92mINFO[0m | pipeline.preprocessing.process_pipeline |   Windows: (2397, 1000, 1)
2026-04-22 10:31:18 | [92mINFO[0m | pipeline.preprocessing.process_pipeline | Processing focused_20260422_092755.csv...
2026-04-22 10:31:19 | [92mINFO[0m | pipeline.preprocessing.process_pipeline |   Loaded: (600000, 1), label=0
2026-04-22 10:31:19 | [92mINFO[0m | pipeline.preprocessing.process_pipeline |   Filtered: mean=42.09 µV
2026-04-22 10:31:19 | [92mINFO[0m | pipeline.preprocessing.process_pipeline |   Windows: (2397, 1000, 1)
2026-04-22 10:31:19 | [92mINFO[0m | pipeline.preprocessing.process_pipeline | Processing stressed_20260422_100220.csv...
2026-04-22 10:31:19 | [92mINFO[0m | pipeline.preprocessing.process_pipeline |   Loaded: (600000, 1), label=2
2026-04-22 10:31:19 | [92mINFO[0m | pipeline.preprocessing.process_pipeline |   Filtered: mean=31.02 µV
2026-04-22 10:31:19 | [92mINFO[0m | pipeline.preprocessing.process_pipeline |   Windows: (2397, 1000, 1)
2026-04-22 10:31:19 | [92mINFO[0m | pipeline.preprocessing.process_pipeline | 
Combined dataset: (7191, 1000, 1)
2026-04-22 10:31:19 | [92mINFO[0m | pipeline.preprocessing.artifact_rejection | Artifact rejection: 7191 -> 7191 windows
2026-04-22 10:31:19 | [92mINFO[0m | pipeline.preprocessing.artifact_rejection | Rejection rate: 0.0%
2026-04-22 10:31:19 | [92mINFO[0m | pipeline.preprocessing.process_pipeline | 
======================================================================
2026-04-22 10:31:19 | [92mINFO[0m | pipeline.preprocessing.process_pipeline | Dataset Statistics:
2026-04-22 10:31:19 | [92mINFO[0m | pipeline.preprocessing.process_pipeline |   Total windows: 7191
2026-04-22 10:31:19 | [92mINFO[0m | pipeline.preprocessing.process_pipeline |   Window shape: (1000, 1)
2026-04-22 10:31:19 | [92mINFO[0m | pipeline.preprocessing.process_pipeline |   Rejection rate: 0.0%
2026-04-22 10:31:19 | [92mINFO[0m | pipeline.preprocessing.process_pipeline |   focused: 2397 windows (33.3%)
2026-04-22 10:31:19 | [92mINFO[0m | pipeline.preprocessing.process_pipeline |   drowsy: 2397 windows (33.3%)
2026-04-22 10:31:19 | [92mINFO[0m | pipeline.preprocessing.process_pipeline |   stressed: 2397 windows (33.3%)
2026-04-22 10:31:19 | [92mINFO[0m | pipeline.preprocessing.process_pipeline | ======================================================================

2026-04-22 10:31:19 | [92mINFO[0m | pipeline.preprocessing.process_pipeline | [OK] Saved to:
2026-04-22 10:31:19 | [92mINFO[0m | pipeline.preprocessing.process_pipeline |   data\processed\X_windows.npy
2026-04-22 10:31:19 | [92mINFO[0m | pipeline.preprocessing.process_pipeline |   data\processed\y_labels.npy
2026-04-22 10:31:19 | [92mINFO[0m | __main__ | 
 Operation completed successfully
2026-04-22 10:32:11 | [92mINFO[0m | __main__ |  Configuration loaded
2026-04-22 10:33:41 | [92mINFO[0m | pipeline.training.train | Loaded data: X=(7191, 1000, 1), y=(7191,)
2026-04-22 10:33:41 | [92mINFO[0m | pipeline.training.train | Train: 5753, Val: 1438
2026-04-22 10:33:41 | [92mINFO[0m | pipeline.training.train | Using device: cuda
2026-04-22 10:33:41 | [92mINFO[0m | pipeline.training.train | Model parameters: 133,731
2026-04-22 10:33:43 | [92mINFO[0m | pipeline.training.train | 
======================================================================
2026-04-22 10:33:43 | [92mINFO[0m | pipeline.training.train | Epoch    Train Loss   Train Acc    Val Acc      Time    
2026-04-22 10:33:43 | [92mINFO[0m | pipeline.training.train | ======================================================================
2026-04-22 10:33:44 | [92mINFO[0m | pipeline.training.train | 1        1.0454       0.4511       0.4965       1.29    s
2026-04-22 10:33:45 | [92mINFO[0m | pipeline.training.train | 2        0.9743       0.4945       0.5139       0.65    s
2026-04-22 10:33:46 | [92mINFO[0m | pipeline.training.train | 3        0.9510       0.5034       0.5195       0.65    s
2026-04-22 10:33:46 | [92mINFO[0m | pipeline.training.train | 4        0.9350       0.4949       0.5306       0.61    s
2026-04-22 10:33:47 | [92mINFO[0m | pipeline.training.train | 5        0.9317       0.5123       0.4847       0.66    s
2026-04-22 10:33:48 | [92mINFO[0m | pipeline.training.train | 6        0.9225       0.5124       0.4847       0.63    s
2026-04-22 10:33:48 | [92mINFO[0m | pipeline.training.train | 7        0.9137       0.5206       0.5070       0.69    s
2026-04-22 10:33:49 | [92mINFO[0m | pipeline.training.train | 8        0.9092       0.5222       0.5292       0.43    s
2026-04-22 10:33:49 | [92mINFO[0m | pipeline.training.train | 9        0.9030       0.5293       0.5236       0.44    s
2026-04-22 10:33:50 | [92mINFO[0m | pipeline.training.train | 10       0.8999       0.5164       0.5216       0.44    s
2026-04-22 10:33:50 | [92mINFO[0m | pipeline.training.train | 11       0.8870       0.5324       0.5243       0.47    s
2026-04-22 10:33:51 | [92mINFO[0m | pipeline.training.train | 12       0.8935       0.5295       0.5466       0.40    s
2026-04-22 10:33:51 | [92mINFO[0m | pipeline.training.train | 13       0.8874       0.5166       0.4701       0.41    s
2026-04-22 10:33:51 | [92mINFO[0m | pipeline.training.train | 14       0.8847       0.5246       0.5396       0.42    s
2026-04-22 10:33:52 | [92mINFO[0m | pipeline.training.train | 15       0.8730       0.5362       0.4875       0.41    s
2026-04-22 10:33:52 | [92mINFO[0m | pipeline.training.train | 16       0.8702       0.5350       0.5111       0.41    s
2026-04-22 10:33:53 | [92mINFO[0m | pipeline.training.train | 17       0.8732       0.5211       0.5209       0.42    s
2026-04-22 10:33:53 | [92mINFO[0m | pipeline.training.train | 18       0.8732       0.5329       0.5132       0.43    s
2026-04-22 10:33:53 | [92mINFO[0m | pipeline.training.train | 19       0.8682       0.5336       0.5167       0.46    s
2026-04-22 10:33:54 | [92mINFO[0m | pipeline.training.train | 20       0.8717       0.5409       0.5243       0.45    s
2026-04-22 10:33:54 | [92mINFO[0m | pipeline.training.train | 21       0.8620       0.5416       0.5299       0.45    s
2026-04-22 10:33:55 | [92mINFO[0m | pipeline.training.train | 22       0.8667       0.5435       0.5285       0.43    s
2026-04-22 10:33:55 | [92mINFO[0m | pipeline.training.train | 23       0.8653       0.5329       0.5104       0.40    s
2026-04-22 10:33:56 | [92mINFO[0m | pipeline.training.train | 24       0.8546       0.5378       0.5369       0.42    s
2026-04-22 10:33:56 | [92mINFO[0m | pipeline.training.train | 25       0.8439       0.5491       0.5125       0.44    s
2026-04-22 10:33:57 | [92mINFO[0m | pipeline.training.train | 26       0.8438       0.5488       0.5529       0.48    s
2026-04-22 10:33:57 | [92mINFO[0m | pipeline.training.train | 27       0.8497       0.5522       0.5501       0.44    s
2026-04-22 10:33:58 | [92mINFO[0m | pipeline.training.train | 28       0.8322       0.5446       0.4861       0.62    s
2026-04-22 10:33:58 | [92mINFO[0m | pipeline.training.train | 29       0.8460       0.5505       0.5250       0.75    s
2026-04-22 10:33:59 | [92mINFO[0m | pipeline.training.train | 30       0.8393       0.5627       0.5341       0.84    s
2026-04-22 10:34:00 | [92mINFO[0m | pipeline.training.train | 31       0.8286       0.5654       0.5424       0.70    s
2026-04-22 10:34:00 | [92mINFO[0m | pipeline.training.train | 
Early stopping at epoch 31
2026-04-22 10:34:00 | [92mINFO[0m | pipeline.training.train | ======================================================================

2026-04-22 10:34:00 | [92mINFO[0m | pipeline.training.train | [OK] Best validation accuracy: 0.5529
2026-04-22 10:34:00 | [92mINFO[0m | pipeline.training.train | [OK] Model saved to: models\saved\eegnet_best.pth
2026-04-22 10:34:00 | [92mINFO[0m | pipeline.training.train | 
Classification Report:
2026-04-22 10:34:00 | [92mINFO[0m | pipeline.training.train | 
Confusion Matrix:
2026-04-22 10:34:00 | [92mINFO[0m | __main__ | 
 Operation completed successfully
2026-04-22 10:38:21 | [92mINFO[0m | __main__ |  Configuration loaded
2026-04-22 10:38:23 | [92mINFO[0m | pipeline.preprocessing.process_pipeline | Found 3 raw files
2026-04-22 10:38:23 | [92mINFO[0m | pipeline.preprocessing.process_pipeline | Processing drowsy_20260422_014128.csv...
2026-04-22 10:38:23 | [92mINFO[0m | pipeline.preprocessing.process_pipeline |   Loaded: (600000, 1), label=1
2026-04-22 10:38:23 | [92mINFO[0m | pipeline.preprocessing.process_pipeline |   Filtered: mean=47.62 µV
2026-04-22 10:38:23 | [92mINFO[0m | pipeline.preprocessing.process_pipeline |   Windows: (2397, 1, 1000)
2026-04-22 10:38:23 | [92mINFO[0m | pipeline.preprocessing.process_pipeline | Processing focused_20260422_092755.csv...
2026-04-22 10:38:23 | [92mINFO[0m | pipeline.preprocessing.process_pipeline |   Loaded: (600000, 1), label=0
2026-04-22 10:38:23 | [92mINFO[0m | pipeline.preprocessing.process_pipeline |   Filtered: mean=42.09 µV
2026-04-22 10:38:23 | [92mINFO[0m | pipeline.preprocessing.process_pipeline |   Windows: (2397, 1, 1000)
2026-04-22 10:38:23 | [92mINFO[0m | pipeline.preprocessing.process_pipeline | Processing stressed_20260422_100220.csv...
2026-04-22 10:38:23 | [92mINFO[0m | pipeline.preprocessing.process_pipeline |   Loaded: (600000, 1), label=2
2026-04-22 10:38:23 | [92mINFO[0m | pipeline.preprocessing.process_pipeline |   Filtered: mean=31.02 µV
2026-04-22 10:38:23 | [92mINFO[0m | pipeline.preprocessing.process_pipeline |   Windows: (2397, 1, 1000)
2026-04-22 10:38:23 | [92mINFO[0m | pipeline.preprocessing.process_pipeline | 
Combined dataset: (7191, 1, 1000)
2026-04-22 10:38:23 | [92mINFO[0m | pipeline.preprocessing.artifact_rejection | Artifact rejection: 7191 -> 0 windows
2026-04-22 10:38:23 | [92mINFO[0m | pipeline.preprocessing.artifact_rejection | Rejection rate: 100.0%
2026-04-22 10:38:23 | [92mINFO[0m | pipeline.preprocessing.process_pipeline | 
======================================================================
2026-04-22 10:38:23 | [92mINFO[0m | pipeline.preprocessing.process_pipeline | Dataset Statistics:
2026-04-22 10:38:23 | [92mINFO[0m | pipeline.preprocessing.process_pipeline |   Total windows: 0
2026-04-22 10:38:23 | [92mINFO[0m | pipeline.preprocessing.process_pipeline |   Window shape: (1, 1000)
2026-04-22 10:38:23 | [92mINFO[0m | pipeline.preprocessing.process_pipeline |   Rejection rate: 100.0%
2026-04-22 10:38:23 | [92mINFO[0m | pipeline.preprocessing.process_pipeline |   focused: 0 windows (nan%)
2026-04-22 10:38:23 | [92mINFO[0m | pipeline.preprocessing.process_pipeline |   drowsy: 0 windows (nan%)
2026-04-22 10:38:23 | [92mINFO[0m | pipeline.preprocessing.process_pipeline |   stressed: 0 windows (nan%)
2026-04-22 10:38:23 | [92mINFO[0m | pipeline.preprocessing.process_pipeline | ======================================================================

2026-04-22 10:38:23 | [92mINFO[0m | pipeline.preprocessing.process_pipeline | [OK] Saved to:
2026-04-22 10:38:23 | [92mINFO[0m | pipeline.preprocessing.process_pipeline |   data\processed\X_windows.npy
2026-04-22 10:38:23 | [92mINFO[0m | pipeline.preprocessing.process_pipeline |   data\processed\y_labels.npy
2026-04-22 10:38:23 | [92mINFO[0m | __main__ | 
 Operation completed successfully
2026-04-22 10:38:35 | [92mINFO[0m | __main__ |  Configuration loaded
2026-04-22 10:38:37 | [92mINFO[0m | pipeline.training.train | Loaded data: X=(0, 1, 1000), y=(0,)
2026-04-22 10:38:37 | [92mINFO[0m | pipeline.training.train | Train: 0, Val: 0
2026-04-22 10:38:37 | [91mERROR[0m | __main__ | 
 Operation failed: num_samples should be a positive integer value, but got num_samples=0
2026-04-22 10:39:25 | [92mINFO[0m | __main__ |  Configuration loaded
2026-04-22 10:39:26 | [92mINFO[0m | pipeline.preprocessing.process_pipeline | Found 3 raw files
2026-04-22 10:39:26 | [92mINFO[0m | pipeline.preprocessing.process_pipeline | Processing drowsy_20260422_014128.csv...
2026-04-22 10:39:26 | [92mINFO[0m | pipeline.preprocessing.process_pipeline |   Loaded: (600000, 1), label=1
2026-04-22 10:39:26 | [92mINFO[0m | pipeline.preprocessing.process_pipeline |   Filtered: mean=47.62 µV
2026-04-22 10:39:26 | [92mINFO[0m | pipeline.preprocessing.process_pipeline |   Windows: (2397, 1, 1000)
2026-04-22 10:39:26 | [92mINFO[0m | pipeline.preprocessing.process_pipeline | Processing focused_20260422_092755.csv...
2026-04-22 10:39:26 | [92mINFO[0m | pipeline.preprocessing.process_pipeline |   Loaded: (600000, 1), label=0
2026-04-22 10:39:26 | [92mINFO[0m | pipeline.preprocessing.process_pipeline |   Filtered: mean=42.09 µV
2026-04-22 10:39:26 | [92mINFO[0m | pipeline.preprocessing.process_pipeline |   Windows: (2397, 1, 1000)
2026-04-22 10:39:26 | [92mINFO[0m | pipeline.preprocessing.process_pipeline | Processing stressed_20260422_100220.csv...
2026-04-22 10:39:26 | [92mINFO[0m | pipeline.preprocessing.process_pipeline |   Loaded: (600000, 1), label=2
2026-04-22 10:39:26 | [92mINFO[0m | pipeline.preprocessing.process_pipeline |   Filtered: mean=31.02 µV
2026-04-22 10:39:26 | [92mINFO[0m | pipeline.preprocessing.process_pipeline |   Windows: (2397, 1, 1000)
2026-04-22 10:39:26 | [92mINFO[0m | pipeline.preprocessing.process_pipeline | 
Combined dataset: (7191, 1, 1000)
2026-04-22 10:39:27 | [92mINFO[0m | pipeline.preprocessing.artifact_rejection | Artifact rejection: 7191 -> 0 windows
2026-04-22 10:39:27 | [92mINFO[0m | pipeline.preprocessing.artifact_rejection | Rejection rate: 100.0%
2026-04-22 10:39:27 | [92mINFO[0m | pipeline.preprocessing.process_pipeline | 
======================================================================
2026-04-22 10:39:27 | [92mINFO[0m | pipeline.preprocessing.process_pipeline | Dataset Statistics:
2026-04-22 10:39:27 | [92mINFO[0m | pipeline.preprocessing.process_pipeline |   Total windows: 0
2026-04-22 10:39:27 | [92mINFO[0m | pipeline.preprocessing.process_pipeline |   Window shape: (1, 1000)
2026-04-22 10:39:27 | [92mINFO[0m | pipeline.preprocessing.process_pipeline |   Rejection rate: 100.0%
2026-04-22 10:39:27 | [92mINFO[0m | pipeline.preprocessing.process_pipeline |   focused: 0 windows (nan%)
2026-04-22 10:39:27 | [92mINFO[0m | pipeline.preprocessing.process_pipeline |   drowsy: 0 windows (nan%)
2026-04-22 10:39:27 | [92mINFO[0m | pipeline.preprocessing.process_pipeline |   stressed: 0 windows (nan%)
2026-04-22 10:39:27 | [92mINFO[0m | pipeline.preprocessing.process_pipeline | ======================================================================

2026-04-22 10:39:27 | [92mINFO[0m | pipeline.preprocessing.process_pipeline | [OK] Saved to:
2026-04-22 10:39:27 | [92mINFO[0m | pipeline.preprocessing.process_pipeline |   data\processed\X_windows.npy
2026-04-22 10:39:27 | [92mINFO[0m | pipeline.preprocessing.process_pipeline |   data\processed\y_labels.npy
2026-04-22 10:39:27 | [92mINFO[0m | __main__ | 
 Operation completed successfully
2026-04-22 10:43:06 | [92mINFO[0m | __main__ |  Configuration loaded
2026-04-22 10:43:07 | [92mINFO[0m | pipeline.preprocessing.process_pipeline | Found 3 raw files
2026-04-22 10:43:07 | [92mINFO[0m | pipeline.preprocessing.process_pipeline | Processing drowsy_20260422_014128.csv...
2026-04-22 10:43:07 | [92mINFO[0m | pipeline.preprocessing.process_pipeline |   Loaded: (600000, 1), label=1
2026-04-22 10:43:07 | [92mINFO[0m | pipeline.preprocessing.process_pipeline |   Filtered: mean=47.62 µV
2026-04-22 10:43:07 | [92mINFO[0m | pipeline.preprocessing.process_pipeline |   Windows: (2397, 1, 1000)
2026-04-22 10:43:07 | [92mINFO[0m | pipeline.preprocessing.process_pipeline | Processing focused_20260422_092755.csv...
2026-04-22 10:43:07 | [92mINFO[0m | pipeline.preprocessing.process_pipeline |   Loaded: (600000, 1), label=0
2026-04-22 10:43:07 | [92mINFO[0m | pipeline.preprocessing.process_pipeline |   Filtered: mean=42.09 µV
2026-04-22 10:43:07 | [92mINFO[0m | pipeline.preprocessing.process_pipeline |   Windows: (2397, 1, 1000)
2026-04-22 10:43:07 | [92mINFO[0m | pipeline.preprocessing.process_pipeline | Processing stressed_20260422_100220.csv...
2026-04-22 10:43:07 | [92mINFO[0m | pipeline.preprocessing.process_pipeline |   Loaded: (600000, 1), label=2
2026-04-22 10:43:07 | [92mINFO[0m | pipeline.preprocessing.process_pipeline |   Filtered: mean=31.02 µV
2026-04-22 10:43:08 | [92mINFO[0m | pipeline.preprocessing.process_pipeline |   Windows: (2397, 1, 1000)
2026-04-22 10:43:08 | [92mINFO[0m | pipeline.preprocessing.process_pipeline | 
Combined dataset: (7191, 1, 1000)
2026-04-22 10:43:08 | [92mINFO[0m | pipeline.preprocessing.artifact_rejection | Artifact rejection: 7191 -> 7191 windows
2026-04-22 10:43:08 | [92mINFO[0m | pipeline.preprocessing.artifact_rejection | Rejection rate: 0.0%
2026-04-22 10:43:08 | [92mINFO[0m | pipeline.preprocessing.process_pipeline | 
======================================================================
2026-04-22 10:43:08 | [92mINFO[0m | pipeline.preprocessing.process_pipeline | Dataset Statistics:
2026-04-22 10:43:08 | [92mINFO[0m | pipeline.preprocessing.process_pipeline |   Total windows: 7191
2026-04-22 10:43:08 | [92mINFO[0m | pipeline.preprocessing.process_pipeline |   Window shape: (1, 1000)
2026-04-22 10:43:08 | [92mINFO[0m | pipeline.preprocessing.process_pipeline |   Rejection rate: 0.0%
2026-04-22 10:43:08 | [92mINFO[0m | pipeline.preprocessing.process_pipeline |   focused: 2397 windows (33.3%)
2026-04-22 10:43:08 | [92mINFO[0m | pipeline.preprocessing.process_pipeline |   drowsy: 2397 windows (33.3%)
2026-04-22 10:43:08 | [92mINFO[0m | pipeline.preprocessing.process_pipeline |   stressed: 2397 windows (33.3%)
2026-04-22 10:43:08 | [92mINFO[0m | pipeline.preprocessing.process_pipeline | ======================================================================

2026-04-22 10:43:08 | [92mINFO[0m | pipeline.preprocessing.process_pipeline | [OK] Saved to:
2026-04-22 10:43:08 | [92mINFO[0m | pipeline.preprocessing.process_pipeline |   data\processed\X_windows.npy
2026-04-22 10:43:08 | [92mINFO[0m | pipeline.preprocessing.process_pipeline |   data\processed\y_labels.npy
2026-04-22 10:43:08 | [92mINFO[0m | __main__ | 
 Operation completed successfully
2026-04-22 10:43:53 | [92mINFO[0m | __main__ |  Configuration loaded
2026-04-22 10:43:54 | [92mINFO[0m | pipeline.training.train | Loaded data: X=(7191, 1, 1000), y=(7191,)
2026-04-22 10:43:54 | [92mINFO[0m | pipeline.training.train | Train: 5753, Val: 1438
2026-04-22 10:43:54 | [92mINFO[0m | pipeline.training.train | Using device: cuda
2026-04-22 10:43:54 | [92mINFO[0m | pipeline.training.train | Model parameters: 133,731
2026-04-22 10:43:55 | [92mINFO[0m | pipeline.training.train | 
======================================================================
2026-04-22 10:43:55 | [92mINFO[0m | pipeline.training.train | Epoch    Train Loss   Train Acc    Val Acc      Time    
2026-04-22 10:43:55 | [92mINFO[0m | pipeline.training.train | ======================================================================
2026-04-22 10:43:55 | [91mERROR[0m | __main__ | 
 Operation failed: Given input size: (64x1000x2). Calculated output size: (64x1000x0). Output size is too small
2026-04-22 10:50:44 | [92mINFO[0m | __main__ |  Configuration loaded
2026-04-22 10:50:46 | [92mINFO[0m | pipeline.training.train | Loaded data: X=(7191, 1, 1000), y=(7191,)
2026-04-22 10:50:46 | [92mINFO[0m | pipeline.training.train | Train: 5753, Val: 1438
2026-04-22 10:50:46 | [92mINFO[0m | pipeline.training.train | Using device: cuda
2026-04-22 10:50:46 | [92mINFO[0m | pipeline.training.train | Model parameters: 133,731
2026-04-22 10:50:47 | [92mINFO[0m | pipeline.training.train | 
======================================================================
2026-04-22 10:50:47 | [92mINFO[0m | pipeline.training.train | Epoch    Train Loss   Train Acc    Val Acc      Time    
2026-04-22 10:50:47 | [92mINFO[0m | pipeline.training.train | ======================================================================
2026-04-22 10:50:47 | [92mINFO[0m | pipeline.training.train | 1        1.0549       0.4342       0.4889       0.66    s
2026-04-22 10:50:48 | [92mINFO[0m | pipeline.training.train | 2        0.9615       0.4917       0.5278       0.41    s
2026-04-22 10:50:48 | [92mINFO[0m | pipeline.training.train | 3        0.9425       0.5128       0.5417       0.40    s
2026-04-22 10:50:49 | [92mINFO[0m | pipeline.training.train | 4        0.9450       0.5124       0.5876       0.41    s
2026-04-22 10:50:49 | [92mINFO[0m | pipeline.training.train | 5        0.9156       0.5350       0.5814       0.39    s
2026-04-22 10:50:50 | [92mINFO[0m | pipeline.training.train | 6        0.9249       0.5357       0.5834       0.41    s
2026-04-22 10:50:50 | [92mINFO[0m | pipeline.training.train | 7        0.8961       0.5336       0.5668       0.41    s
2026-04-22 10:50:50 | [92mINFO[0m | pipeline.training.train | 8        0.8851       0.5512       0.5862       0.40    s
2026-04-22 10:50:51 | [92mINFO[0m | pipeline.training.train | 9        0.8831       0.5548       0.5862       0.40    s
2026-04-22 10:50:51 | [92mINFO[0m | pipeline.training.train | 10       0.8711       0.5557       0.5737       0.42    s
2026-04-22 10:50:52 | [92mINFO[0m | pipeline.training.train | 11       0.8823       0.5578       0.5716       0.40    s
2026-04-22 10:50:52 | [92mINFO[0m | pipeline.training.train | 12       0.8938       0.5548       0.6092       0.41    s
2026-04-22 10:50:52 | [92mINFO[0m | pipeline.training.train | 13       0.8674       0.5665       0.5904       0.39    s
2026-04-22 10:50:53 | [92mINFO[0m | pipeline.training.train | 14       0.8680       0.5628       0.5883       0.41    s
2026-04-22 10:50:53 | [92mINFO[0m | pipeline.training.train | 15       0.8649       0.5722       0.5925       0.41    s
2026-04-22 10:50:54 | [92mINFO[0m | pipeline.training.train | 16       0.8590       0.5736       0.5751       0.40    s
2026-04-22 10:50:54 | [92mINFO[0m | pipeline.training.train | 17       0.8551       0.5847       0.5786       0.39    s
2026-04-22 10:50:54 | [92mINFO[0m | pipeline.training.train | 18       0.8526       0.5809       0.5744       0.40    s
2026-04-22 10:50:55 | [92mINFO[0m | pipeline.training.train | 19       0.8556       0.5797       0.5695       0.41    s
2026-04-22 10:50:55 | [92mINFO[0m | pipeline.training.train | 20       0.8396       0.5940       0.5751       0.40    s
2026-04-22 10:50:56 | [92mINFO[0m | pipeline.training.train | 21       0.8584       0.5797       0.5981       0.39    s
2026-04-22 10:50:56 | [92mINFO[0m | pipeline.training.train | 22       0.8494       0.5952       0.6127       0.40    s
2026-04-22 10:50:56 | [92mINFO[0m | pipeline.training.train | 23       0.8297       0.6049       0.6057       0.42    s
2026-04-22 10:50:57 | [92mINFO[0m | pipeline.training.train | 24       0.8309       0.6063       0.6259       0.39    s
2026-04-22 10:50:57 | [92mINFO[0m | pipeline.training.train | 25       0.8232       0.6040       0.5702       0.40    s
2026-04-22 10:50:58 | [92mINFO[0m | pipeline.training.train | 26       0.8273       0.5967       0.5939       0.41    s
2026-04-22 10:50:58 | [92mINFO[0m | pipeline.training.train | 27       0.8278       0.6044       0.6064       0.41    s
2026-04-22 10:50:58 | [92mINFO[0m | pipeline.training.train | 28       0.8221       0.6082       0.5925       0.40    s
2026-04-22 10:50:59 | [92mINFO[0m | pipeline.training.train | 29       0.8213       0.6190       0.6071       0.40    s
2026-04-22 10:50:59 | [92mINFO[0m | pipeline.training.train | 30       0.8234       0.6179       0.6203       0.39    s
2026-04-22 10:51:00 | [92mINFO[0m | pipeline.training.train | 31       0.8002       0.6209       0.6196       0.42    s
2026-04-22 10:51:00 | [92mINFO[0m | pipeline.training.train | 32       0.7916       0.6252       0.5974       0.40    s
2026-04-22 10:51:00 | [92mINFO[0m | pipeline.training.train | 33       0.7954       0.6315       0.6182       0.41    s
2026-04-22 10:51:01 | [92mINFO[0m | pipeline.training.train | 34       0.7787       0.6285       0.6127       0.40    s
2026-04-22 10:51:01 | [92mINFO[0m | pipeline.training.train | 35       0.7881       0.6310       0.6384       0.41    s
2026-04-22 10:51:02 | [92mINFO[0m | pipeline.training.train | 36       0.7848       0.6332       0.6043       0.39    s
2026-04-22 10:51:02 | [92mINFO[0m | pipeline.training.train | 37       0.7702       0.6419       0.5939       0.41    s
2026-04-22 10:51:02 | [92mINFO[0m | pipeline.training.train | 38       0.7764       0.6390       0.6127       0.38    s
2026-04-22 10:51:03 | [92mINFO[0m | pipeline.training.train | 39       0.7850       0.6404       0.6231       0.40    s
2026-04-22 10:51:03 | [92mINFO[0m | pipeline.training.train | 40       0.7751       0.6338       0.6370       0.41    s
2026-04-22 10:51:04 | [92mINFO[0m | pipeline.training.train | 41       0.7600       0.6397       0.6175       0.39    s
2026-04-22 10:51:04 | [92mINFO[0m | pipeline.training.train | 42       0.7553       0.6485       0.6134       0.39    s
2026-04-22 10:51:04 | [92mINFO[0m | pipeline.training.train | 43       0.7773       0.6378       0.6106       0.41    s
2026-04-22 10:51:05 | [92mINFO[0m | pipeline.training.train | 44       0.7689       0.6433       0.6321       0.40    s
2026-04-22 10:51:05 | [92mINFO[0m | pipeline.training.train | 45       0.7489       0.6506       0.6280       0.40    s
2026-04-22 10:51:06 | [92mINFO[0m | pipeline.training.train | 46       0.7449       0.6595       0.6391       0.40    s
2026-04-22 10:51:06 | [92mINFO[0m | pipeline.training.train | 47       0.7426       0.6579       0.6300       0.41    s
2026-04-22 10:51:06 | [92mINFO[0m | pipeline.training.train | 48       0.7286       0.6647       0.6280       0.42    s
2026-04-22 10:51:07 | [92mINFO[0m | pipeline.training.train | 49       0.7267       0.6666       0.6293       0.40    s
2026-04-22 10:51:07 | [92mINFO[0m | pipeline.training.train | 50       0.7354       0.6623       0.6474       0.39    s
2026-04-22 10:51:08 | [92mINFO[0m | pipeline.training.train | 51       0.7320       0.6593       0.6398       0.41    s
2026-04-22 10:51:08 | [92mINFO[0m | pipeline.training.train | 52       0.7259       0.6652       0.6356       0.41    s
2026-04-22 10:51:08 | [92mINFO[0m | pipeline.training.train | 53       0.7198       0.6656       0.6370       0.40    s
2026-04-22 10:51:09 | [92mINFO[0m | pipeline.training.train | 54       0.7338       0.6680       0.6210       0.40    s
2026-04-22 10:51:09 | [92mINFO[0m | pipeline.training.train | 55       0.7061       0.6800       0.6426       0.40    s
2026-04-22 10:51:10 | [92mINFO[0m | pipeline.training.train | 56       0.7204       0.6640       0.6412       0.42    s
2026-04-22 10:51:10 | [92mINFO[0m | pipeline.training.train | 57       0.7138       0.6659       0.6558       0.40    s
2026-04-22 10:51:11 | [92mINFO[0m | pipeline.training.train | 58       0.7047       0.6807       0.6280       0.39    s
2026-04-22 10:51:11 | [92mINFO[0m | pipeline.training.train | 59       0.6794       0.6875       0.6481       0.40    s
2026-04-22 10:51:11 | [92mINFO[0m | pipeline.training.train | 60       0.6812       0.6896       0.6481       0.42    s
2026-04-22 10:51:12 | [92mINFO[0m | pipeline.training.train | 61       0.6871       0.6849       0.6495       0.40    s
2026-04-22 10:51:12 | [92mINFO[0m | pipeline.training.train | 62       0.6883       0.6920       0.6356       0.41    s
2026-04-22 10:51:13 | [92mINFO[0m | pipeline.training.train | 63       0.6853       0.6859       0.6259       0.41    s
2026-04-22 10:51:13 | [92mINFO[0m | pipeline.training.train | 64       0.6646       0.7047       0.6544       0.44    s
2026-04-22 10:51:13 | [92mINFO[0m | pipeline.training.train | 65       0.6685       0.7087       0.6439       0.42    s
2026-04-22 10:51:14 | [92mINFO[0m | pipeline.training.train | 66       0.6593       0.7066       0.6370       0.40    s
2026-04-22 10:51:14 | [92mINFO[0m | pipeline.training.train | 67       0.6529       0.7167       0.6502       0.41    s
2026-04-22 10:51:15 | [92mINFO[0m | pipeline.training.train | 68       0.6648       0.7031       0.6606       0.42    s
2026-04-22 10:51:15 | [92mINFO[0m | pipeline.training.train | 69       0.6596       0.7073       0.6537       0.42    s
2026-04-22 10:51:15 | [92mINFO[0m | pipeline.training.train | 70       0.6634       0.7048       0.6572       0.41    s
2026-04-22 10:51:16 | [92mINFO[0m | pipeline.training.train | 71       0.6482       0.7149       0.6405       0.39    s
2026-04-22 10:51:16 | [92mINFO[0m | pipeline.training.train | 72       0.6367       0.7198       0.6439       0.41    s
2026-04-22 10:51:17 | [92mINFO[0m | pipeline.training.train | 73       0.6521       0.7088       0.6551       0.41    s
2026-04-22 10:51:17 | [92mINFO[0m | pipeline.training.train | 74       0.6224       0.7261       0.6412       0.40    s
2026-04-22 10:51:17 | [92mINFO[0m | pipeline.training.train | 75       0.6320       0.7226       0.6530       0.40    s
2026-04-22 10:51:18 | [92mINFO[0m | pipeline.training.train | 76       0.6398       0.7184       0.6474       0.43    s
2026-04-22 10:51:18 | [92mINFO[0m | pipeline.training.train | 77       0.6340       0.7266       0.6697       0.40    s
2026-04-22 10:51:19 | [92mINFO[0m | pipeline.training.train | 78       0.6298       0.7250       0.6620       0.41    s
2026-04-22 10:51:19 | [92mINFO[0m | pipeline.training.train | 79       0.6335       0.7261       0.6676       0.39    s
2026-04-22 10:51:20 | [92mINFO[0m | pipeline.training.train | 80       0.6163       0.7320       0.6634       0.42    s
2026-04-22 10:51:20 | [92mINFO[0m | pipeline.training.train | 81       0.6124       0.7314       0.6655       0.40    s
2026-04-22 10:51:20 | [92mINFO[0m | pipeline.training.train | 82       0.6198       0.7363       0.6599       0.39    s
2026-04-22 10:51:21 | [92mINFO[0m | pipeline.training.train | 83       0.6145       0.7321       0.6627       0.39    s
2026-04-22 10:51:21 | [92mINFO[0m | pipeline.training.train | 84       0.5801       0.7490       0.6697       0.41    s
2026-04-22 10:51:22 | [92mINFO[0m | pipeline.training.train | 85       0.5921       0.7422       0.6523       0.40    s
2026-04-22 10:51:22 | [92mINFO[0m | pipeline.training.train | 86       0.6026       0.7401       0.6523       0.41    s
2026-04-22 10:51:22 | [92mINFO[0m | pipeline.training.train | 87       0.5713       0.7537       0.6579       0.39    s
2026-04-22 10:51:23 | [92mINFO[0m | pipeline.training.train | 88       0.5794       0.7502       0.6398       0.40    s
2026-04-22 10:51:23 | [92mINFO[0m | pipeline.training.train | 89       0.5782       0.7546       0.6599       0.41    s
2026-04-22 10:51:24 | [92mINFO[0m | pipeline.training.train | 90       0.5881       0.7521       0.6488       0.40    s
2026-04-22 10:51:24 | [92mINFO[0m | pipeline.training.train | 91       0.5731       0.7539       0.6300       0.39    s
2026-04-22 10:51:24 | [92mINFO[0m | pipeline.training.train | 92       0.5634       0.7598       0.6544       0.42    s
2026-04-22 10:51:25 | [92mINFO[0m | pipeline.training.train | 93       0.5589       0.7679       0.6502       0.41    s
2026-04-22 10:51:25 | [92mINFO[0m | pipeline.training.train | 94       0.5695       0.7620       0.6412       0.40    s
2026-04-22 10:51:26 | [92mINFO[0m | pipeline.training.train | 95       0.5523       0.7636       0.6460       0.40    s
2026-04-22 10:51:26 | [92mINFO[0m | pipeline.training.train | 96       0.5584       0.7641       0.6474       0.40    s
2026-04-22 10:51:26 | [92mINFO[0m | pipeline.training.train | 97       0.5639       0.7629       0.6641       0.42    s
2026-04-22 10:51:27 | [92mINFO[0m | pipeline.training.train | 98       0.5472       0.7737       0.6613       0.41    s
2026-04-22 10:51:27 | [92mINFO[0m | pipeline.training.train | 99       0.5536       0.7652       0.6523       0.40    s
2026-04-22 10:51:28 | [92mINFO[0m | pipeline.training.train | 100      0.5529       0.7723       0.6446       0.40    s
2026-04-22 10:51:28 | [92mINFO[0m | pipeline.training.train | 101      0.5148       0.7825       0.6509       0.42    s
2026-04-22 10:51:28 | [92mINFO[0m | pipeline.training.train | 102      0.5350       0.7779       0.6433       0.40    s
2026-04-22 10:51:29 | [92mINFO[0m | pipeline.training.train | 103      0.5102       0.7892       0.6627       0.42    s
2026-04-22 10:51:29 | [92mINFO[0m | pipeline.training.train | 104      0.5168       0.7850       0.6481       0.39    s
2026-04-22 10:51:30 | [92mINFO[0m | pipeline.training.train | 105      0.5229       0.7843       0.6662       0.42    s
2026-04-22 10:51:30 | [92mINFO[0m | pipeline.training.train | 106      0.5043       0.7883       0.6599       0.41    s
2026-04-22 10:51:30 | [92mINFO[0m | pipeline.training.train | 107      0.5160       0.7898       0.6509       0.39    s
2026-04-22 10:51:31 | [92mINFO[0m | pipeline.training.train | 108      0.5117       0.7881       0.6592       0.39    s
2026-04-22 10:51:31 | [92mINFO[0m | pipeline.training.train | 109      0.5253       0.7772       0.6766       0.43    s
2026-04-22 10:51:32 | [92mINFO[0m | pipeline.training.train | 110      0.5070       0.7888       0.6433       0.40    s
2026-04-22 10:51:32 | [92mINFO[0m | pipeline.training.train | 111      0.4956       0.7897       0.6412       0.41    s
2026-04-22 10:51:32 | [92mINFO[0m | pipeline.training.train | 112      0.4943       0.7945       0.6565       0.40    s
2026-04-22 10:51:33 | [92mINFO[0m | pipeline.training.train | 113      0.5020       0.7905       0.6627       0.41    s
2026-04-22 10:51:33 | [92mINFO[0m | pipeline.training.train | 114      0.5035       0.7881       0.6481       0.42    s
2026-04-22 10:51:34 | [92mINFO[0m | pipeline.training.train | 115      0.4785       0.7994       0.6551       0.40    s
2026-04-22 10:51:34 | [92mINFO[0m | pipeline.training.train | 116      0.4874       0.7944       0.6419       0.39    s
2026-04-22 10:51:34 | [92mINFO[0m | pipeline.training.train | 117      0.4727       0.8088       0.6537       0.42    s
2026-04-22 10:51:35 | [92mINFO[0m | pipeline.training.train | 118      0.4734       0.8044       0.6439       0.40    s
2026-04-22 10:51:35 | [92mINFO[0m | pipeline.training.train | 119      0.4833       0.8022       0.6592       0.40    s
2026-04-22 10:51:36 | [92mINFO[0m | pipeline.training.train | 120      0.4625       0.8084       0.6419       0.41    s
2026-04-22 10:51:36 | [92mINFO[0m | pipeline.training.train | 121      0.4736       0.8041       0.6349       0.41    s
2026-04-22 10:51:37 | [92mINFO[0m | pipeline.training.train | 122      0.4648       0.8057       0.6495       0.41    s
2026-04-22 10:51:37 | [92mINFO[0m | pipeline.training.train | 123      0.4617       0.8118       0.6572       0.40    s
2026-04-22 10:51:37 | [92mINFO[0m | pipeline.training.train | 124      0.4642       0.8095       0.6488       0.39    s
2026-04-22 10:51:38 | [92mINFO[0m | pipeline.training.train | 125      0.4556       0.8133       0.6391       0.41    s
2026-04-22 10:51:38 | [92mINFO[0m | pipeline.training.train | 126      0.4659       0.8044       0.6488       0.41    s
2026-04-22 10:51:38 | [92mINFO[0m | pipeline.training.train | 
Early stopping at epoch 126
2026-04-22 10:51:38 | [92mINFO[0m | pipeline.training.train | ======================================================================

2026-04-22 10:51:38 | [92mINFO[0m | pipeline.training.train | [OK] Best validation accuracy: 0.6766
2026-04-22 10:51:38 | [92mINFO[0m | pipeline.training.train | [OK] Model saved to: models\saved\eegnet_best.pth
2026-04-22 10:51:38 | [92mINFO[0m | pipeline.training.train | 
Classification Report:
2026-04-22 10:51:38 | [92mINFO[0m | pipeline.training.train | 
Confusion Matrix:
2026-04-22 10:51:38 | [92mINFO[0m | __main__ | 
 Operation completed successfully
2026-04-22 10:54:00 | [92mINFO[0m | __main__ |  Configuration loaded
2026-04-22 10:54:02 | [92mINFO[0m | pipeline.ingestion.arduino_reader | Initialized ArduinoReader for COM5 @ 230400 baud
2026-04-22 10:54:02 | [92mINFO[0m | pipeline.inference.realtime_engine | [OK] Model loaded from models\saved\eegnet_best.pth
2026-04-22 10:54:02 | [92mINFO[0m | pipeline.ingestion.arduino_reader | Connecting to COM5...
2026-04-22 10:54:04 | [92mINFO[0m | pipeline.ingestion.arduino_reader |  [ok] Connected to UNO-R4
2026-04-22 10:54:04 | [92mINFO[0m | pipeline.inference.realtime_engine | Streaming predictions (Ctrl+C to stop)...

2026-04-22 10:54:06 | [92mINFO[0m | pipeline.inference.realtime_engine | State: FOCUSED    | Confidence: 0.519
2026-04-22 10:54:07 | [92mINFO[0m | pipeline.inference.realtime_engine | State: FOCUSED    | Confidence: 0.523
2026-04-22 10:54:07 | [92mINFO[0m | pipeline.inference.realtime_engine | State: FOCUSED    | Confidence: 0.735
2026-04-22 10:54:08 | [92mINFO[0m | pipeline.inference.realtime_engine | State: FOCUSED    | Confidence: 0.445
2026-04-22 10:54:08 | [92mINFO[0m | pipeline.inference.realtime_engine | State: STRESSED   | Confidence: 0.733
2026-04-22 10:54:09 | [92mINFO[0m | pipeline.inference.realtime_engine | State: STRESSED   | Confidence: 0.926
2026-04-22 10:54:09 | [92mINFO[0m | pipeline.inference.realtime_engine | State: STRESSED   | Confidence: 0.541
2026-04-22 10:54:10 | [92mINFO[0m | pipeline.inference.realtime_engine | State: STRESSED   | Confidence: 0.651
2026-04-22 10:54:10 | [92mINFO[0m | pipeline.inference.realtime_engine | State: STRESSED   | Confidence: 0.796
2026-04-22 10:54:11 | [92mINFO[0m | pipeline.inference.realtime_engine | State: STRESSED   | Confidence: 0.687
2026-04-22 10:54:11 | [92mINFO[0m | pipeline.inference.realtime_engine | State: FOCUSED    | Confidence: 0.441
2026-04-22 10:54:12 | [92mINFO[0m | pipeline.inference.realtime_engine | State: STRESSED   | Confidence: 0.783
2026-04-22 10:54:12 | [92mINFO[0m | pipeline.inference.realtime_engine | State: STRESSED   | Confidence: 0.766
2026-04-22 10:54:13 | [92mINFO[0m | pipeline.inference.realtime_engine | State: STRESSED   | Confidence: 0.470
2026-04-22 10:54:13 | [92mINFO[0m | pipeline.inference.realtime_engine | State: STRESSED   | Confidence: 0.683
2026-04-22 10:54:14 | [92mINFO[0m | pipeline.inference.realtime_engine | State: STRESSED   | Confidence: 0.595
2026-04-22 10:54:14 | [92mINFO[0m | pipeline.inference.realtime_engine | State: FOCUSED    | Confidence: 0.479
2026-04-22 10:54:15 | [92mINFO[0m | pipeline.inference.realtime_engine | State: FOCUSED    | Confidence: 0.694
2026-04-22 10:54:15 | [92mINFO[0m | pipeline.inference.realtime_engine | State: FOCUSED    | Confidence: 0.987
2026-04-22 10:54:16 | [92mINFO[0m | pipeline.inference.realtime_engine | State: DROWSY     | Confidence: 0.993
2026-04-22 10:54:16 | [92mINFO[0m | pipeline.inference.realtime_engine | State: DROWSY     | Confidence: 0.519
2026-04-22 10:54:17 | [92mINFO[0m | pipeline.inference.realtime_engine | State: DROWSY     | Confidence: 0.855
2026-04-22 10:54:17 | [92mINFO[0m | pipeline.inference.realtime_engine | State: DROWSY     | Confidence: 0.843
2026-04-22 10:54:18 | [92mINFO[0m | pipeline.inference.realtime_engine | State: DROWSY     | Confidence: 0.434
2026-04-22 10:54:18 | [92mINFO[0m | pipeline.inference.realtime_engine | State: DROWSY     | Confidence: 0.931
2026-04-22 10:54:19 | [92mINFO[0m | pipeline.inference.realtime_engine | State: DROWSY     | Confidence: 0.510
2026-04-22 10:54:19 | [92mINFO[0m | pipeline.inference.realtime_engine | State: DROWSY     | Confidence: 0.546
2026-04-22 10:54:20 | [92mINFO[0m | pipeline.inference.realtime_engine | State: DROWSY     | Confidence: 0.547
2026-04-22 10:54:20 | [92mINFO[0m | pipeline.inference.realtime_engine | State: DROWSY     | Confidence: 0.456
2026-04-22 10:54:21 | [92mINFO[0m | pipeline.inference.realtime_engine | State: DROWSY     | Confidence: 0.663
2026-04-22 10:54:21 | [92mINFO[0m | pipeline.inference.realtime_engine | State: DROWSY     | Confidence: 0.765
2026-04-22 10:54:22 | [92mINFO[0m | pipeline.inference.realtime_engine | State: DROWSY     | Confidence: 1.000
2026-04-22 10:54:22 | [92mINFO[0m | pipeline.inference.realtime_engine | State: DROWSY     | Confidence: 0.981
2026-04-22 10:54:23 | [92mINFO[0m | pipeline.inference.realtime_engine | State: DROWSY     | Confidence: 0.852
2026-04-22 10:54:23 | [92mINFO[0m | pipeline.inference.realtime_engine | State: DROWSY     | Confidence: 0.829
2026-04-22 10:54:24 | [92mINFO[0m | pipeline.inference.realtime_engine | State: DROWSY     | Confidence: 0.510
2026-04-22 10:54:24 | [92mINFO[0m | pipeline.inference.realtime_engine | State: DROWSY     | Confidence: 0.941
2026-04-22 10:54:25 | [92mINFO[0m | pipeline.inference.realtime_engine | State: DROWSY     | Confidence: 0.736
2026-04-22 10:54:25 | [92mINFO[0m | pipeline.inference.realtime_engine | State: DROWSY     | Confidence: 0.833
2026-04-22 10:54:26 | [92mINFO[0m | pipeline.inference.realtime_engine | State: DROWSY     | Confidence: 0.518
2026-04-22 10:54:26 | [92mINFO[0m | pipeline.inference.realtime_engine | State: DROWSY     | Confidence: 0.585
2026-04-22 10:54:27 | [92mINFO[0m | pipeline.inference.realtime_engine | State: DROWSY     | Confidence: 0.907
2026-04-22 10:54:27 | [92mINFO[0m | pipeline.inference.realtime_engine | State: DROWSY     | Confidence: 0.653
2026-04-22 10:54:28 | [92mINFO[0m | pipeline.inference.realtime_engine | State: DROWSY     | Confidence: 0.778
2026-04-22 10:54:28 | [92mINFO[0m | pipeline.inference.realtime_engine | State: DROWSY     | Confidence: 0.996
2026-04-22 10:54:29 | [92mINFO[0m | pipeline.inference.realtime_engine | State: DROWSY     | Confidence: 0.839
2026-04-22 10:54:29 | [92mINFO[0m | pipeline.inference.realtime_engine | State: DROWSY     | Confidence: 0.620
2026-04-22 10:54:30 | [92mINFO[0m | pipeline.inference.realtime_engine | State: DROWSY     | Confidence: 0.790
2026-04-22 10:54:30 | [92mINFO[0m | pipeline.inference.realtime_engine | State: FOCUSED    | Confidence: 0.482
2026-04-22 10:54:31 | [92mINFO[0m | pipeline.inference.realtime_engine | State: FOCUSED    | Confidence: 0.600
2026-04-22 10:54:31 | [92mINFO[0m | pipeline.inference.realtime_engine | State: DROWSY     | Confidence: 0.604
2026-04-22 10:54:32 | [92mINFO[0m | pipeline.inference.realtime_engine | State: DROWSY     | Confidence: 0.603
2026-04-22 10:54:32 | [92mINFO[0m | pipeline.inference.realtime_engine | State: DROWSY     | Confidence: 0.581
2026-04-22 10:54:33 | [92mINFO[0m | pipeline.inference.realtime_engine | State: DROWSY     | Confidence: 0.425
2026-04-22 10:54:33 | [92mINFO[0m | pipeline.inference.realtime_engine | State: DROWSY     | Confidence: 0.488
2026-04-22 10:54:34 | [92mINFO[0m | pipeline.inference.realtime_engine | State: DROWSY     | Confidence: 0.598
2026-04-22 10:54:34 | [92mINFO[0m | pipeline.inference.realtime_engine | State: FOCUSED    | Confidence: 0.549
2026-04-22 10:54:35 | [92mINFO[0m | pipeline.inference.realtime_engine | State: FOCUSED    | Confidence: 0.589
2026-04-22 10:54:35 | [92mINFO[0m | pipeline.inference.realtime_engine | State: FOCUSED    | Confidence: 0.429
2026-04-22 10:54:36 | [92mINFO[0m | pipeline.inference.realtime_engine | State: FOCUSED    | Confidence: 0.666
2026-04-22 10:54:36 | [92mINFO[0m | pipeline.inference.realtime_engine | State: DROWSY     | Confidence: 0.478
2026-04-22 10:54:37 | [92mINFO[0m | pipeline.inference.realtime_engine | State: DROWSY     | Confidence: 0.529
2026-04-22 10:54:37 | [92mINFO[0m | pipeline.inference.realtime_engine | State: DROWSY     | Confidence: 0.730
2026-04-22 10:54:38 | [92mINFO[0m | pipeline.inference.realtime_engine | State: DROWSY     | Confidence: 0.845
2026-04-22 10:54:38 | [92mINFO[0m | pipeline.inference.realtime_engine | State: DROWSY     | Confidence: 0.788
2026-04-22 10:54:39 | [92mINFO[0m | pipeline.inference.realtime_engine | State: DROWSY     | Confidence: 0.634
2026-04-22 10:54:39 | [92mINFO[0m | pipeline.inference.realtime_engine | State: DROWSY     | Confidence: 0.650
2026-04-22 10:54:40 | [92mINFO[0m | pipeline.inference.realtime_engine | State: STRESSED   | Confidence: 0.671
2026-04-22 10:54:40 | [92mINFO[0m | pipeline.inference.realtime_engine | State: STRESSED   | Confidence: 0.823
2026-04-22 10:54:41 | [92mINFO[0m | pipeline.inference.realtime_engine | State: DROWSY     | Confidence: 0.992
2026-04-22 10:54:41 | [92mINFO[0m | pipeline.inference.realtime_engine | State: DROWSY     | Confidence: 0.538
2026-04-22 10:54:42 | [92mINFO[0m | pipeline.inference.realtime_engine | State: DROWSY     | Confidence: 0.774
2026-04-22 10:54:42 | [92mINFO[0m | pipeline.inference.realtime_engine | State: DROWSY     | Confidence: 0.986
2026-04-22 10:54:43 | [92mINFO[0m | pipeline.inference.realtime_engine | State: DROWSY     | Confidence: 0.524
2026-04-22 10:54:43 | [92mINFO[0m | pipeline.inference.realtime_engine | State: DROWSY     | Confidence: 0.801
2026-04-22 10:54:44 | [92mINFO[0m | pipeline.inference.realtime_engine | State: DROWSY     | Confidence: 0.921
2026-04-22 10:54:44 | [92mINFO[0m | pipeline.inference.realtime_engine | State: FOCUSED    | Confidence: 0.617
2026-04-22 10:54:45 | [92mINFO[0m | pipeline.inference.realtime_engine | State: FOCUSED    | Confidence: 0.530
2026-04-22 10:54:45 | [92mINFO[0m | pipeline.inference.realtime_engine | State: FOCUSED    | Confidence: 0.796
2026-04-22 10:54:46 | [92mINFO[0m | pipeline.inference.realtime_engine | State: DROWSY     | Confidence: 0.816
2026-04-22 10:54:46 | [92mINFO[0m | pipeline.inference.realtime_engine | State: FOCUSED    | Confidence: 0.450
2026-04-22 10:54:47 | [92mINFO[0m | pipeline.inference.realtime_engine | State: DROWSY     | Confidence: 0.759
2026-04-22 10:54:47 | [92mINFO[0m | pipeline.inference.realtime_engine | State: STRESSED   | Confidence: 0.596
2026-04-22 10:54:48 | [92mINFO[0m | pipeline.inference.realtime_engine | State: STRESSED   | Confidence: 0.562
2026-04-22 10:54:48 | [92mINFO[0m | pipeline.inference.realtime_engine | State: STRESSED   | Confidence: 0.618
2026-04-22 10:54:49 | [92mINFO[0m | pipeline.inference.realtime_engine | State: DROWSY     | Confidence: 0.901
2026-04-22 10:54:49 | [92mINFO[0m | pipeline.inference.realtime_engine | State: DROWSY     | Confidence: 0.655
2026-04-22 10:54:50 | [92mINFO[0m | pipeline.inference.realtime_engine | State: DROWSY     | Confidence: 0.906
2026-04-22 10:54:50 | [92mINFO[0m | pipeline.inference.realtime_engine | State: DROWSY     | Confidence: 0.917
2026-04-22 10:54:51 | [92mINFO[0m | pipeline.inference.realtime_engine | State: DROWSY     | Confidence: 0.887
2026-04-22 10:54:51 | [92mINFO[0m | pipeline.inference.realtime_engine | State: DROWSY     | Confidence: 0.946
2026-04-22 10:54:52 | [92mINFO[0m | pipeline.inference.realtime_engine | State: DROWSY     | Confidence: 0.948
2026-04-22 10:54:52 | [92mINFO[0m | pipeline.inference.realtime_engine | State: DROWSY     | Confidence: 0.919
2026-04-22 10:54:53 | [92mINFO[0m | pipeline.inference.realtime_engine | State: DROWSY     | Confidence: 0.836
2026-04-22 10:54:53 | [92mINFO[0m | pipeline.inference.realtime_engine | State: DROWSY     | Confidence: 0.905
2026-04-22 10:54:54 | [92mINFO[0m | pipeline.inference.realtime_engine | State: DROWSY     | Confidence: 0.834
2026-04-22 10:54:54 | [92mINFO[0m | pipeline.inference.realtime_engine | State: DROWSY     | Confidence: 0.578
2026-04-22 10:54:55 | [92mINFO[0m | pipeline.inference.realtime_engine | State: DROWSY     | Confidence: 0.439
2026-04-22 10:54:55 | [92mINFO[0m | pipeline.inference.realtime_engine | State: DROWSY     | Confidence: 0.836
2026-04-22 10:54:56 | [92mINFO[0m | pipeline.inference.realtime_engine | State: DROWSY     | Confidence: 0.783
2026-04-22 10:54:56 | [92mINFO[0m | pipeline.inference.realtime_engine | State: DROWSY     | Confidence: 0.783
2026-04-22 10:54:57 | [92mINFO[0m | pipeline.inference.realtime_engine | State: DROWSY     | Confidence: 0.783
2026-04-22 10:54:57 | [92mINFO[0m | pipeline.inference.realtime_engine | State: DROWSY     | Confidence: 0.782
2026-04-22 10:54:58 | [92mINFO[0m | pipeline.inference.realtime_engine | State: DROWSY     | Confidence: 0.831
2026-04-22 10:54:58 | [92mINFO[0m | pipeline.inference.realtime_engine | State: DROWSY     | Confidence: 0.534
2026-04-22 10:54:59 | [92mINFO[0m | pipeline.inference.realtime_engine | State: DROWSY     | Confidence: 0.451
2026-04-22 10:54:59 | [92mINFO[0m | pipeline.inference.realtime_engine | State: DROWSY     | Confidence: 0.550
2026-04-22 10:55:00 | [92mINFO[0m | pipeline.inference.realtime_engine | State: DROWSY     | Confidence: 0.520
2026-04-22 10:55:00 | [92mINFO[0m | pipeline.inference.realtime_engine | State: DROWSY     | Confidence: 0.353
2026-04-22 10:55:01 | [92mINFO[0m | pipeline.inference.realtime_engine | State: DROWSY     | Confidence: 0.489
2026-04-22 10:55:01 | [92mINFO[0m | pipeline.inference.realtime_engine | State: DROWSY     | Confidence: 0.490
2026-04-22 10:55:02 | [92mINFO[0m | pipeline.inference.realtime_engine | State: DROWSY     | Confidence: 0.489
2026-04-22 10:55:02 | [92mINFO[0m | pipeline.inference.realtime_engine | State: DROWSY     | Confidence: 0.955
2026-04-22 10:55:03 | [92mINFO[0m | pipeline.inference.realtime_engine | State: DROWSY     | Confidence: 0.471
2026-04-22 10:55:03 | [92mINFO[0m | pipeline.inference.realtime_engine | State: DROWSY     | Confidence: 0.391
2026-04-22 10:55:04 | [92mINFO[0m | pipeline.inference.realtime_engine | State: DROWSY     | Confidence: 0.588
2026-04-22 10:55:04 | [92mINFO[0m | pipeline.inference.realtime_engine | State: DROWSY     | Confidence: 0.448
2026-04-22 10:55:05 | [92mINFO[0m | pipeline.inference.realtime_engine | State: DROWSY     | Confidence: 0.433
2026-04-22 10:55:05 | [92mINFO[0m | pipeline.inference.realtime_engine | State: DROWSY     | Confidence: 0.489
2026-04-22 10:55:06 | [92mINFO[0m | pipeline.inference.realtime_engine | State: DROWSY     | Confidence: 0.489
2026-04-22 10:55:06 | [92mINFO[0m | pipeline.inference.realtime_engine | State: DROWSY     | Confidence: 0.518
2026-04-22 10:55:07 | [92mINFO[0m | pipeline.inference.realtime_engine | State: DROWSY     | Confidence: 0.586
2026-04-22 10:55:07 | [92mINFO[0m | pipeline.inference.realtime_engine | State: DROWSY     | Confidence: 0.393
2026-04-22 10:55:08 | [92mINFO[0m | pipeline.inference.realtime_engine | State: DROWSY     | Confidence: 0.470
2026-04-22 10:55:08 | [92mINFO[0m | pipeline.inference.realtime_engine | State: DROWSY     | Confidence: 0.397
2026-04-22 10:55:09 | [92mINFO[0m | pipeline.inference.realtime_engine | State: DROWSY     | Confidence: 0.877
2026-04-22 10:55:09 | [92mINFO[0m | pipeline.inference.realtime_engine | State: DROWSY     | Confidence: 0.881
2026-04-22 10:55:10 | [92mINFO[0m | pipeline.inference.realtime_engine | State: DROWSY     | Confidence: 0.666
2026-04-22 10:55:10 | [92mINFO[0m | pipeline.inference.realtime_engine | State: DROWSY     | Confidence: 0.615
2026-04-22 10:55:11 | [92mINFO[0m | pipeline.inference.realtime_engine | State: DROWSY     | Confidence: 0.614
2026-04-22 10:55:11 | [92mINFO[0m | pipeline.inference.realtime_engine | State: DROWSY     | Confidence: 0.616
2026-04-22 10:55:12 | [92mINFO[0m | pipeline.inference.realtime_engine | State: DROWSY     | Confidence: 0.614
2026-04-22 10:55:12 | [92mINFO[0m | pipeline.inference.realtime_engine | State: DROWSY     | Confidence: 0.504
2026-04-22 10:55:13 | [92mINFO[0m | pipeline.inference.realtime_engine | State: DROWSY     | Confidence: 0.922
2026-04-22 10:55:13 | [92mINFO[0m | pipeline.inference.realtime_engine | State: DROWSY     | Confidence: 0.949
2026-04-22 10:55:14 | [92mINFO[0m | pipeline.inference.realtime_engine | State: DROWSY     | Confidence: 0.992
2026-04-22 10:55:14 | [92mINFO[0m | pipeline.inference.realtime_engine | State: DROWSY     | Confidence: 0.594
2026-04-22 10:55:15 | [92mINFO[0m | pipeline.inference.realtime_engine | State: DROWSY     | Confidence: 0.878
2026-04-22 10:55:15 | [92mINFO[0m | pipeline.inference.realtime_engine | State: DROWSY     | Confidence: 0.664
2026-04-22 10:55:16 | [92mINFO[0m | pipeline.inference.realtime_engine | State: DROWSY     | Confidence: 0.607
2026-04-22 10:55:16 | [92mINFO[0m | pipeline.inference.realtime_engine | State: DROWSY     | Confidence: 0.599
2026-04-22 10:55:17 | [92mINFO[0m | pipeline.inference.realtime_engine | State: DROWSY     | Confidence: 0.611
2026-04-22 10:55:17 | [92mINFO[0m | pipeline.inference.realtime_engine | State: DROWSY     | Confidence: 0.868
2026-04-22 10:55:18 | [92mINFO[0m | pipeline.inference.realtime_engine | State: DROWSY     | Confidence: 0.484
2026-04-22 10:55:18 | [92mINFO[0m | pipeline.inference.realtime_engine | State: DROWSY     | Confidence: 0.994
2026-04-22 10:55:19 | [92mINFO[0m | pipeline.inference.realtime_engine | State: DROWSY     | Confidence: 0.605
2026-04-22 10:55:19 | [92mINFO[0m | pipeline.inference.realtime_engine | State: DROWSY     | Confidence: 0.556
2026-04-22 10:55:20 | [92mINFO[0m | pipeline.inference.realtime_engine | State: DROWSY     | Confidence: 0.695
2026-04-22 10:55:20 | [92mINFO[0m | pipeline.inference.realtime_engine | State: DROWSY     | Confidence: 0.400
2026-04-22 10:55:21 | [92mINFO[0m | pipeline.inference.realtime_engine | State: DROWSY     | Confidence: 0.370
2026-04-22 10:55:21 | [92mINFO[0m | pipeline.inference.realtime_engine | State: DROWSY     | Confidence: 1.000
2026-04-22 10:55:22 | [92mINFO[0m | pipeline.inference.realtime_engine | State: STRESSED   | Confidence: 1.000
2026-04-22 10:55:22 | [92mINFO[0m | pipeline.inference.realtime_engine | State: STRESSED   | Confidence: 1.000
2026-04-22 10:55:23 | [92mINFO[0m | pipeline.inference.realtime_engine | State: STRESSED   | Confidence: 1.000
2026-04-22 10:55:23 | [92mINFO[0m | pipeline.inference.realtime_engine | State: STRESSED   | Confidence: 1.000
2026-04-22 10:55:24 | [92mINFO[0m | pipeline.inference.realtime_engine | State: STRESSED   | Confidence: 1.000
2026-04-22 10:55:24 | [92mINFO[0m | pipeline.inference.realtime_engine | State: STRESSED   | Confidence: 1.000
2026-04-22 10:55:25 | [92mINFO[0m | pipeline.inference.realtime_engine | State: STRESSED   | Confidence: 1.000
2026-04-22 10:55:25 | [92mINFO[0m | pipeline.inference.realtime_engine | State: STRESSED   | Confidence: 1.000
2026-04-22 10:55:26 | [92mINFO[0m | pipeline.inference.realtime_engine | State: STRESSED   | Confidence: 1.000
2026-04-22 10:55:26 | [92mINFO[0m | pipeline.inference.realtime_engine | State: STRESSED   | Confidence: 1.000
2026-04-22 10:55:27 | [92mINFO[0m | pipeline.inference.realtime_engine | State: STRESSED   | Confidence: 1.000
2026-04-22 10:55:27 | [92mINFO[0m | pipeline.inference.realtime_engine | State: STRESSED   | Confidence: 1.000
2026-04-22 10:55:28 | [92mINFO[0m | pipeline.inference.realtime_engine | State: STRESSED   | Confidence: 1.000
2026-04-22 10:55:28 | [92mINFO[0m | pipeline.inference.realtime_engine | State: STRESSED   | Confidence: 1.000
2026-04-22 10:55:29 | [92mINFO[0m | pipeline.inference.realtime_engine | State: STRESSED   | Confidence: 1.000
2026-04-22 10:55:29 | [92mINFO[0m | pipeline.inference.realtime_engine | State: STRESSED   | Confidence: 1.000
2026-04-22 10:55:30 | [92mINFO[0m | pipeline.inference.realtime_engine | State: STRESSED   | Confidence: 0.998
2026-04-22 10:55:30 | [92mINFO[0m | pipeline.inference.realtime_engine | State: STRESSED   | Confidence: 1.000
2026-04-22 10:55:31 | [92mINFO[0m | pipeline.inference.realtime_engine | State: STRESSED   | Confidence: 1.000
2026-04-22 10:55:31 | [92mINFO[0m | pipeline.inference.realtime_engine | State: STRESSED   | Confidence: 1.000
2026-04-22 10:55:32 | [92mINFO[0m | pipeline.inference.realtime_engine | State: STRESSED   | Confidence: 1.000
2026-04-22 10:55:32 | [92mINFO[0m | pipeline.inference.realtime_engine | State: STRESSED   | Confidence: 1.000
2026-04-22 10:55:33 | [92mINFO[0m | pipeline.inference.realtime_engine | State: STRESSED   | Confidence: 0.786
2026-04-22 10:55:33 | [92mINFO[0m | pipeline.inference.realtime_engine | State: STRESSED   | Confidence: 0.867
2026-04-22 10:55:34 | [92mINFO[0m | pipeline.inference.realtime_engine | State: DROWSY     | Confidence: 0.812
2026-04-22 10:55:34 | [92mINFO[0m | pipeline.inference.realtime_engine | State: DROWSY     | Confidence: 1.000
2026-04-22 10:55:35 | [92mINFO[0m | pipeline.inference.realtime_engine | State: DROWSY     | Confidence: 0.837
2026-04-22 10:55:35 | [92mINFO[0m | pipeline.inference.realtime_engine | State: DROWSY     | Confidence: 0.542
2026-04-22 10:55:36 | [92mINFO[0m | pipeline.inference.realtime_engine | State: DROWSY     | Confidence: 0.511
2026-04-22 10:55:36 | [92mINFO[0m | pipeline.inference.realtime_engine | State: DROWSY     | Confidence: 0.448
2026-04-22 10:55:37 | [92mINFO[0m | pipeline.inference.realtime_engine | State: DROWSY     | Confidence: 0.436
2026-04-22 10:55:37 | [92mINFO[0m | pipeline.inference.realtime_engine | State: DROWSY     | Confidence: 0.457
2026-04-22 10:55:38 | [92mINFO[0m | pipeline.inference.realtime_engine | State: DROWSY     | Confidence: 0.610
2026-04-22 10:55:38 | [92mINFO[0m | pipeline.inference.realtime_engine | State: DROWSY     | Confidence: 0.550
2026-04-22 10:55:39 | [92mINFO[0m | pipeline.inference.realtime_engine | State: DROWSY     | Confidence: 0.725
2026-04-22 10:55:39 | [92mINFO[0m | pipeline.inference.realtime_engine | State: DROWSY     | Confidence: 0.638
2026-04-22 10:55:40 | [92mINFO[0m | pipeline.inference.realtime_engine | State: DROWSY     | Confidence: 0.544
2026-04-22 10:55:40 | [92mINFO[0m | pipeline.inference.realtime_engine | State: STRESSED   | Confidence: 0.723
2026-04-22 10:55:41 | [92mINFO[0m | pipeline.inference.realtime_engine | State: STRESSED   | Confidence: 0.559
2026-04-22 10:55:41 | [92mINFO[0m | pipeline.inference.realtime_engine | State: STRESSED   | Confidence: 0.549
2026-04-22 10:55:42 | [92mINFO[0m | pipeline.inference.realtime_engine | State: STRESSED   | Confidence: 0.479
2026-04-22 10:55:42 | [92mINFO[0m | pipeline.inference.realtime_engine | State: DROWSY     | Confidence: 0.469
2026-04-22 10:55:43 | [92mINFO[0m | pipeline.inference.realtime_engine | State: DROWSY     | Confidence: 0.834
2026-04-22 10:55:43 | [92mINFO[0m | pipeline.inference.realtime_engine | State: DROWSY     | Confidence: 0.485
2026-04-22 10:55:44 | [92mINFO[0m | pipeline.inference.realtime_engine | State: DROWSY     | Confidence: 0.505
2026-04-22 10:55:44 | [92mINFO[0m | pipeline.inference.realtime_engine | State: DROWSY     | Confidence: 0.625
2026-04-22 10:55:45 | [92mINFO[0m | pipeline.inference.realtime_engine | State: FOCUSED    | Confidence: 0.619
2026-04-22 10:55:45 | [92mINFO[0m | pipeline.inference.realtime_engine | State: FOCUSED    | Confidence: 0.644
2026-04-22 10:55:46 | [92mINFO[0m | pipeline.inference.realtime_engine | State: FOCUSED    | Confidence: 0.545
2026-04-22 10:55:46 | [92mINFO[0m | pipeline.inference.realtime_engine | State: FOCUSED    | Confidence: 0.679
2026-04-22 10:55:47 | [92mINFO[0m | pipeline.inference.realtime_engine | State: FOCUSED    | Confidence: 0.965
2026-04-22 10:55:47 | [92mINFO[0m | pipeline.inference.realtime_engine | State: FOCUSED    | Confidence: 0.502
2026-04-22 10:55:48 | [92mINFO[0m | pipeline.inference.realtime_engine | State: DROWSY     | Confidence: 0.489
2026-04-22 10:55:48 | [92mINFO[0m | pipeline.inference.realtime_engine | State: STRESSED   | Confidence: 0.726
2026-04-22 10:55:49 | [92mINFO[0m | pipeline.inference.realtime_engine | State: STRESSED   | Confidence: 0.567
2026-04-22 10:55:49 | [92mINFO[0m | pipeline.inference.realtime_engine | State: STRESSED   | Confidence: 1.000
2026-04-22 10:55:50 | [92mINFO[0m | pipeline.inference.realtime_engine | State: STRESSED   | Confidence: 1.000
2026-04-22 10:55:50 | [92mINFO[0m | pipeline.inference.realtime_engine | State: STRESSED   | Confidence: 1.000
2026-04-22 10:55:51 | [92mINFO[0m | pipeline.inference.realtime_engine | State: STRESSED   | Confidence: 1.000
2026-04-22 10:55:51 | [92mINFO[0m | pipeline.inference.realtime_engine | State: STRESSED   | Confidence: 1.000
2026-04-22 10:55:52 | [92mINFO[0m | pipeline.inference.realtime_engine | State: STRESSED   | Confidence: 0.556
2026-04-22 10:55:52 | [92mINFO[0m | pipeline.inference.realtime_engine | State: STRESSED   | Confidence: 1.000
2026-04-22 10:55:53 | [92mINFO[0m | pipeline.inference.realtime_engine | State: STRESSED   | Confidence: 1.000
2026-04-22 10:55:53 | [92mINFO[0m | pipeline.inference.realtime_engine | State: STRESSED   | Confidence: 1.000
2026-04-22 10:55:54 | [92mINFO[0m | pipeline.inference.realtime_engine | State: STRESSED   | Confidence: 0.984
2026-04-22 10:55:54 | [92mINFO[0m | pipeline.inference.realtime_engine | State: STRESSED   | Confidence: 1.000
2026-04-22 10:55:55 | [92mINFO[0m | pipeline.inference.realtime_engine | State: STRESSED   | Confidence: 1.000
2026-04-22 10:55:55 | [92mINFO[0m | pipeline.inference.realtime_engine | State: STRESSED   | Confidence: 0.997
2026-04-22 10:55:56 | [92mINFO[0m | pipeline.inference.realtime_engine | State: STRESSED   | Confidence: 0.557
2026-04-22 10:55:56 | [92mINFO[0m | pipeline.inference.realtime_engine | State: STRESSED   | Confidence: 0.771
2026-04-22 10:55:57 | [92mINFO[0m | pipeline.inference.realtime_engine | State: STRESSED   | Confidence: 0.989
2026-04-22 10:55:57 | [92mINFO[0m | pipeline.inference.realtime_engine | State: STRESSED   | Confidence: 0.622
2026-04-22 10:55:58 | [92mINFO[0m | pipeline.inference.realtime_engine | State: STRESSED   | Confidence: 0.369
2026-04-22 10:55:58 | [92mINFO[0m | pipeline.inference.realtime_engine | State: STRESSED   | Confidence: 0.964
2026-04-22 10:55:59 | [92mINFO[0m | pipeline.inference.realtime_engine | State: STRESSED   | Confidence: 0.567
2026-04-22 10:55:59 | [92mINFO[0m | pipeline.inference.realtime_engine | State: FOCUSED    | Confidence: 0.440
2026-04-22 10:56:00 | [92mINFO[0m | pipeline.inference.realtime_engine | State: DROWSY     | Confidence: 0.947
2026-04-22 10:56:00 | [92mINFO[0m | pipeline.inference.realtime_engine | State: DROWSY     | Confidence: 0.893
2026-04-22 10:56:01 | [92mINFO[0m | pipeline.inference.realtime_engine | State: DROWSY     | Confidence: 0.413
2026-04-22 10:56:01 | [92mINFO[0m | pipeline.inference.realtime_engine | State: DROWSY     | Confidence: 0.585
2026-04-22 10:56:02 | [92mINFO[0m | pipeline.inference.realtime_engine | State: DROWSY     | Confidence: 0.767
2026-04-22 10:56:02 | [92mINFO[0m | pipeline.inference.realtime_engine | State: STRESSED   | Confidence: 0.447
2026-04-22 10:56:03 | [92mINFO[0m | pipeline.inference.realtime_engine | State: STRESSED   | Confidence: 0.671
2026-04-22 10:56:03 | [92mINFO[0m | pipeline.inference.realtime_engine | State: STRESSED   | Confidence: 0.482
2026-04-22 10:56:04 | [92mINFO[0m | pipeline.inference.realtime_engine | State: DROWSY     | Confidence: 0.592
2026-04-22 10:56:04 | [92mINFO[0m | pipeline.inference.realtime_engine | State: DROWSY     | Confidence: 0.550
2026-04-22 10:56:05 | [92mINFO[0m | pipeline.inference.realtime_engine | State: DROWSY     | Confidence: 0.535
2026-04-22 10:56:05 | [92mINFO[0m | pipeline.inference.realtime_engine | State: DROWSY     | Confidence: 0.732
2026-04-22 10:56:06 | [92mINFO[0m | pipeline.inference.realtime_engine | State: DROWSY     | Confidence: 0.508
2026-04-22 10:56:06 | [92mINFO[0m | pipeline.inference.realtime_engine | State: DROWSY     | Confidence: 0.615
2026-04-22 10:56:07 | [92mINFO[0m | pipeline.inference.realtime_engine | State: DROWSY     | Confidence: 0.653
2026-04-22 10:56:07 | [92mINFO[0m | pipeline.inference.realtime_engine | State: DROWSY     | Confidence: 0.503
2026-04-22 10:56:08 | [92mINFO[0m | pipeline.inference.realtime_engine | State: DROWSY     | Confidence: 0.817
2026-04-22 10:56:08 | [92mINFO[0m | pipeline.inference.realtime_engine | State: DROWSY     | Confidence: 0.590
2026-04-22 10:56:09 | [92mINFO[0m | pipeline.inference.realtime_engine | State: DROWSY     | Confidence: 0.881
2026-04-22 10:56:09 | [92mINFO[0m | pipeline.inference.realtime_engine | State: DROWSY     | Confidence: 0.989
2026-04-22 10:56:10 | [92mINFO[0m | pipeline.inference.realtime_engine | State: DROWSY     | Confidence: 1.000
2026-04-22 10:56:10 | [92mINFO[0m | pipeline.inference.realtime_engine | State: DROWSY     | Confidence: 0.993
2026-04-22 10:56:11 | [92mINFO[0m | pipeline.inference.realtime_engine | State: DROWSY     | Confidence: 0.991
2026-04-22 10:56:11 | [92mINFO[0m | pipeline.inference.realtime_engine | State: DROWSY     | Confidence: 0.718
2026-04-22 10:56:12 | [92mINFO[0m | pipeline.inference.realtime_engine | State: STRESSED   | Confidence: 0.807
2026-04-22 10:56:12 | [92mINFO[0m | pipeline.inference.realtime_engine | State: STRESSED   | Confidence: 0.985
2026-04-22 10:56:13 | [92mINFO[0m | pipeline.inference.realtime_engine | State: STRESSED   | Confidence: 0.553
2026-04-22 10:56:13 | [92mINFO[0m | pipeline.inference.realtime_engine | State: STRESSED   | Confidence: 0.997
2026-04-22 10:56:14 | [92mINFO[0m | pipeline.inference.realtime_engine | State: STRESSED   | Confidence: 0.778
2026-04-22 10:56:14 | [92mINFO[0m | pipeline.inference.realtime_engine | State: STRESSED   | Confidence: 0.956
2026-04-22 10:56:15 | [92mINFO[0m | pipeline.inference.realtime_engine | State: STRESSED   | Confidence: 0.955
2026-04-22 10:56:15 | [92mINFO[0m | pipeline.inference.realtime_engine | State: STRESSED   | Confidence: 0.846
2026-04-22 10:56:16 | [92mINFO[0m | pipeline.inference.realtime_engine | State: STRESSED   | Confidence: 0.599
2026-04-22 10:56:16 | [92mINFO[0m | pipeline.inference.realtime_engine | State: STRESSED   | Confidence: 0.999
2026-04-22 10:56:17 | [92mINFO[0m | pipeline.inference.realtime_engine | State: STRESSED   | Confidence: 0.891
2026-04-22 10:56:17 | [92mINFO[0m | pipeline.inference.realtime_engine | State: STRESSED   | Confidence: 0.566
2026-04-22 10:56:18 | [92mINFO[0m | pipeline.inference.realtime_engine | State: STRESSED   | Confidence: 0.860
2026-04-22 10:56:18 | [92mINFO[0m | pipeline.inference.realtime_engine | State: DROWSY     | Confidence: 0.609
2026-04-22 10:56:19 | [92mINFO[0m | pipeline.inference.realtime_engine | State: FOCUSED    | Confidence: 0.411
2026-04-22 10:56:19 | [92mINFO[0m | pipeline.inference.realtime_engine | State: FOCUSED    | Confidence: 0.673
2026-04-22 10:56:20 | [92mINFO[0m | pipeline.inference.realtime_engine | State: DROWSY     | Confidence: 0.435
2026-04-22 10:56:20 | [92mINFO[0m | pipeline.inference.realtime_engine | State: DROWSY     | Confidence: 0.487
2026-04-22 10:56:21 | [92mINFO[0m | pipeline.inference.realtime_engine | State: DROWSY     | Confidence: 0.440
2026-04-22 10:56:21 | [92mINFO[0m | pipeline.inference.realtime_engine | State: DROWSY     | Confidence: 0.995
2026-04-22 10:56:22 | [92mINFO[0m | pipeline.inference.realtime_engine | State: DROWSY     | Confidence: 1.000
2026-04-22 10:56:22 | [92mINFO[0m | pipeline.inference.realtime_engine | State: DROWSY     | Confidence: 0.998
2026-04-22 10:56:23 | [92mINFO[0m | pipeline.inference.realtime_engine | State: DROWSY     | Confidence: 0.482
2026-04-22 10:56:23 | [92mINFO[0m | pipeline.inference.realtime_engine | State: DROWSY     | Confidence: 0.868
2026-04-22 10:56:24 | [92mINFO[0m | pipeline.inference.realtime_engine | State: STRESSED   | Confidence: 0.559
2026-04-22 10:56:24 | [92mINFO[0m | pipeline.inference.realtime_engine | State: STRESSED   | Confidence: 0.731
2026-04-22 10:56:25 | [92mINFO[0m | pipeline.inference.realtime_engine | State: DROWSY     | Confidence: 0.812
2026-04-22 10:56:25 | [92mINFO[0m | pipeline.inference.realtime_engine | State: DROWSY     | Confidence: 0.949
2026-04-22 10:56:26 | [92mINFO[0m | pipeline.inference.realtime_engine | State: STRESSED   | Confidence: 0.606
2026-04-22 10:56:26 | [92mINFO[0m | pipeline.inference.realtime_engine | State: DROWSY     | Confidence: 0.660
2026-04-22 10:56:27 | [92mINFO[0m | pipeline.inference.realtime_engine | State: DROWSY     | Confidence: 0.449
2026-04-22 10:56:27 | [92mINFO[0m | pipeline.inference.realtime_engine | State: DROWSY     | Confidence: 0.618
2026-04-22 10:56:28 | [92mINFO[0m | pipeline.inference.realtime_engine | State: DROWSY     | Confidence: 0.420
2026-04-22 10:56:28 | [92mINFO[0m | pipeline.inference.realtime_engine | State: DROWSY     | Confidence: 0.598
2026-04-22 10:56:29 | [92mINFO[0m | pipeline.inference.realtime_engine | State: DROWSY     | Confidence: 0.555
2026-04-22 10:56:29 | [92mINFO[0m | pipeline.inference.realtime_engine | State: DROWSY     | Confidence: 0.445
2026-04-22 10:56:30 | [92mINFO[0m | pipeline.inference.realtime_engine | State: FOCUSED    | Confidence: 0.715
2026-04-22 10:56:30 | [92mINFO[0m | pipeline.inference.realtime_engine | State: FOCUSED    | Confidence: 0.892
2026-04-22 10:56:31 | [92mINFO[0m | pipeline.inference.realtime_engine | State: FOCUSED    | Confidence: 0.954
2026-04-22 10:56:31 | [92mINFO[0m | pipeline.inference.realtime_engine | State: STRESSED   | Confidence: 0.979
2026-04-22 10:56:32 | [92mINFO[0m | pipeline.inference.realtime_engine | State: STRESSED   | Confidence: 0.796
2026-04-22 10:56:32 | [92mINFO[0m | pipeline.inference.realtime_engine | State: STRESSED   | Confidence: 0.500
2026-04-22 10:56:33 | [92mINFO[0m | pipeline.inference.realtime_engine | State: STRESSED   | Confidence: 0.527
2026-04-22 10:56:33 | [92mINFO[0m | pipeline.inference.realtime_engine | State: STRESSED   | Confidence: 0.483
2026-04-22 10:56:34 | [92mINFO[0m | pipeline.inference.realtime_engine | State: STRESSED   | Confidence: 0.569
2026-04-22 10:56:34 | [92mINFO[0m | pipeline.inference.realtime_engine | State: STRESSED   | Confidence: 0.932
2026-04-22 10:56:35 | [92mINFO[0m | pipeline.inference.realtime_engine | State: STRESSED   | Confidence: 0.466
2026-04-22 10:56:35 | [92mINFO[0m | pipeline.inference.realtime_engine | State: STRESSED   | Confidence: 0.791
2026-04-22 10:56:36 | [92mINFO[0m | pipeline.inference.realtime_engine | State: STRESSED   | Confidence: 0.647
2026-04-22 10:56:36 | [92mINFO[0m | pipeline.inference.realtime_engine | State: STRESSED   | Confidence: 0.504
2026-04-22 10:56:37 | [92mINFO[0m | pipeline.inference.realtime_engine | State: STRESSED   | Confidence: 0.578
2026-04-22 10:56:37 | [92mINFO[0m | pipeline.inference.realtime_engine | State: STRESSED   | Confidence: 0.418
2026-04-22 10:56:38 | [92mINFO[0m | pipeline.inference.realtime_engine | State: STRESSED   | Confidence: 0.903
2026-04-22 10:56:38 | [92mINFO[0m | pipeline.inference.realtime_engine | State: STRESSED   | Confidence: 0.849
2026-04-22 10:56:39 | [92mINFO[0m | pipeline.inference.realtime_engine | State: DROWSY     | Confidence: 0.668
2026-04-22 10:56:39 | [92mINFO[0m | pipeline.inference.realtime_engine | State: DROWSY     | Confidence: 0.716
2026-04-22 10:56:40 | [92mINFO[0m | pipeline.inference.realtime_engine | State: DROWSY     | Confidence: 0.605
2026-04-22 10:56:40 | [92mINFO[0m | pipeline.inference.realtime_engine | State: DROWSY     | Confidence: 0.428
2026-04-22 10:56:41 | [92mINFO[0m | pipeline.inference.realtime_engine | State: DROWSY     | Confidence: 0.482
2026-04-22 10:56:41 | [92mINFO[0m | pipeline.inference.realtime_engine | State: DROWSY     | Confidence: 0.502
2026-04-22 10:56:42 | [92mINFO[0m | pipeline.inference.realtime_engine | State: FOCUSED    | Confidence: 0.362
2026-04-22 10:56:42 | [92mINFO[0m | pipeline.inference.realtime_engine | State: FOCUSED    | Confidence: 0.491
2026-04-22 10:56:43 | [92mINFO[0m | pipeline.inference.realtime_engine | State: FOCUSED    | Confidence: 0.522
2026-04-22 10:56:43 | [92mINFO[0m | pipeline.inference.realtime_engine | State: FOCUSED    | Confidence: 0.623
2026-04-22 10:56:44 | [92mINFO[0m | pipeline.inference.realtime_engine | State: FOCUSED    | Confidence: 0.641
2026-04-22 10:56:44 | [92mINFO[0m | pipeline.inference.realtime_engine | State: FOCUSED    | Confidence: 0.995
2026-04-22 10:56:45 | [92mINFO[0m | pipeline.inference.realtime_engine | State: FOCUSED    | Confidence: 0.613
2026-04-22 10:56:45 | [92mINFO[0m | pipeline.inference.realtime_engine | State: FOCUSED    | Confidence: 0.526
2026-04-22 10:56:46 | [92mINFO[0m | pipeline.inference.realtime_engine | State: FOCUSED    | Confidence: 0.911
2026-04-22 10:56:46 | [92mINFO[0m | pipeline.inference.realtime_engine | State: FOCUSED    | Confidence: 0.512
2026-04-22 10:56:47 | [92mINFO[0m | pipeline.inference.realtime_engine | State: FOCUSED    | Confidence: 0.668
2026-04-22 10:56:47 | [92mINFO[0m | pipeline.inference.realtime_engine | State: FOCUSED    | Confidence: 0.986
2026-04-22 10:56:48 | [92mINFO[0m | pipeline.inference.realtime_engine | State: DROWSY     | Confidence: 0.608
2026-04-22 10:56:48 | [92mINFO[0m | pipeline.inference.realtime_engine | State: DROWSY     | Confidence: 0.548
2026-04-22 10:56:49 | [92mINFO[0m | pipeline.inference.realtime_engine | State: DROWSY     | Confidence: 0.970
2026-04-22 10:56:49 | [92mINFO[0m | pipeline.inference.realtime_engine | State: DROWSY     | Confidence: 0.959
2026-04-22 10:56:50 | [92mINFO[0m | pipeline.inference.realtime_engine | State: DROWSY     | Confidence: 1.000
2026-04-22 10:56:50 | [92mINFO[0m | pipeline.inference.realtime_engine | State: STRESSED   | Confidence: 0.999
2026-04-22 10:56:51 | [92mINFO[0m | pipeline.inference.realtime_engine | State: STRESSED   | Confidence: 0.922
2026-04-22 10:56:51 | [92mINFO[0m | pipeline.inference.realtime_engine | State: STRESSED   | Confidence: 0.995
2026-04-22 10:56:52 | [92mINFO[0m | pipeline.inference.realtime_engine | State: STRESSED   | Confidence: 0.583
2026-04-22 10:56:52 | [92mINFO[0m | pipeline.inference.realtime_engine | State: STRESSED   | Confidence: 0.690
2026-04-22 10:56:53 | [92mINFO[0m | pipeline.inference.realtime_engine | State: STRESSED   | Confidence: 0.947
2026-04-22 10:56:53 | [92mINFO[0m | pipeline.inference.realtime_engine | State: STRESSED   | Confidence: 0.580
2026-04-22 10:56:54 | [92mINFO[0m | pipeline.inference.realtime_engine | State: STRESSED   | Confidence: 0.722
2026-04-22 10:56:54 | [92mINFO[0m | pipeline.inference.realtime_engine | State: STRESSED   | Confidence: 0.916
2026-04-22 10:56:55 | [92mINFO[0m | pipeline.inference.realtime_engine | State: STRESSED   | Confidence: 0.966
2026-04-22 10:56:55 | [92mINFO[0m | pipeline.inference.realtime_engine | State: STRESSED   | Confidence: 0.751
2026-04-22 10:56:56 | [92mINFO[0m | pipeline.inference.realtime_engine | State: STRESSED   | Confidence: 0.994
2026-04-22 10:56:56 | [92mINFO[0m | pipeline.inference.realtime_engine | State: STRESSED   | Confidence: 0.998
2026-04-22 10:56:57 | [92mINFO[0m | pipeline.inference.realtime_engine | State: STRESSED   | Confidence: 1.000
2026-04-22 10:56:57 | [92mINFO[0m | pipeline.inference.realtime_engine | State: STRESSED   | Confidence: 1.000
2026-04-22 10:56:58 | [92mINFO[0m | pipeline.inference.realtime_engine | State: STRESSED   | Confidence: 1.000
2026-04-22 10:56:58 | [92mINFO[0m | pipeline.inference.realtime_engine | State: STRESSED   | Confidence: 1.000
2026-04-22 10:56:59 | [92mINFO[0m | pipeline.inference.realtime_engine | State: STRESSED   | Confidence: 1.000
2026-04-22 10:56:59 | [92mINFO[0m | pipeline.inference.realtime_engine | State: STRESSED   | Confidence: 0.606
2026-04-22 10:57:00 | [92mINFO[0m | pipeline.inference.realtime_engine | State: STRESSED   | Confidence: 0.898
2026-04-22 10:57:00 | [92mINFO[0m | pipeline.inference.realtime_engine | State: STRESSED   | Confidence: 0.935
2026-04-22 10:57:01 | [92mINFO[0m | pipeline.inference.realtime_engine | State: STRESSED   | Confidence: 0.575
2026-04-22 10:57:01 | [92mINFO[0m | pipeline.inference.realtime_engine | State: STRESSED   | Confidence: 0.927
2026-04-22 10:57:02 | [92mINFO[0m | pipeline.inference.realtime_engine | State: STRESSED   | Confidence: 0.564
2026-04-22 10:57:02 | [92mINFO[0m | pipeline.inference.realtime_engine | State: STRESSED   | Confidence: 0.414
2026-04-22 10:57:03 | [92mINFO[0m | pipeline.inference.realtime_engine | State: DROWSY     | Confidence: 0.432
2026-04-22 10:57:03 | [92mINFO[0m | pipeline.inference.realtime_engine | State: DROWSY     | Confidence: 0.568
2026-04-22 10:57:04 | [92mINFO[0m | pipeline.inference.realtime_engine | State: DROWSY     | Confidence: 0.660
2026-04-22 10:57:04 | [92mINFO[0m | pipeline.inference.realtime_engine | State: DROWSY     | Confidence: 0.570
2026-04-22 10:57:05 | [92mINFO[0m | pipeline.inference.realtime_engine | State: DROWSY     | Confidence: 0.392
2026-04-22 10:57:05 | [92mINFO[0m | pipeline.inference.realtime_engine | State: DROWSY     | Confidence: 0.929
2026-04-22 10:57:06 | [92mINFO[0m | pipeline.inference.realtime_engine | State: DROWSY     | Confidence: 0.745
2026-04-22 10:57:06 | [92mINFO[0m | pipeline.inference.realtime_engine | State: DROWSY     | Confidence: 0.400
2026-04-22 10:57:07 | [92mINFO[0m | pipeline.inference.realtime_engine | State: DROWSY     | Confidence: 0.541
2026-04-22 10:57:07 | [92mINFO[0m | pipeline.inference.realtime_engine | State: DROWSY     | Confidence: 0.670
2026-04-22 10:57:08 | [92mINFO[0m | pipeline.inference.realtime_engine | State: FOCUSED    | Confidence: 0.501
2026-04-22 10:57:08 | [92mINFO[0m | pipeline.inference.realtime_engine | State: STRESSED   | Confidence: 0.986
2026-04-22 10:57:09 | [92mINFO[0m | pipeline.inference.realtime_engine | State: STRESSED   | Confidence: 0.999
2026-04-22 10:57:09 | [92mINFO[0m | pipeline.inference.realtime_engine | State: STRESSED   | Confidence: 0.550
2026-04-22 10:57:10 | [92mINFO[0m | pipeline.inference.realtime_engine | State: STRESSED   | Confidence: 0.958
2026-04-22 10:57:10 | [92mINFO[0m | pipeline.inference.realtime_engine | State: STRESSED   | Confidence: 0.998
2026-04-22 10:57:11 | [92mINFO[0m | pipeline.inference.realtime_engine | State: STRESSED   | Confidence: 0.979
2026-04-22 10:57:11 | [92mINFO[0m | pipeline.inference.realtime_engine | State: STRESSED   | Confidence: 0.769
2026-04-22 10:57:12 | [92mINFO[0m | pipeline.inference.realtime_engine | State: STRESSED   | Confidence: 0.969
2026-04-22 10:57:12 | [92mINFO[0m | pipeline.inference.realtime_engine | State: STRESSED   | Confidence: 0.712
2026-04-22 10:57:13 | [92mINFO[0m | pipeline.inference.realtime_engine | State: STRESSED   | Confidence: 0.490
2026-04-22 10:57:13 | [92mINFO[0m | pipeline.inference.realtime_engine | State: FOCUSED    | Confidence: 0.679
2026-04-22 10:57:14 | [92mINFO[0m | pipeline.inference.realtime_engine | State: FOCUSED    | Confidence: 0.675
2026-04-22 10:57:14 | [92mINFO[0m | pipeline.inference.realtime_engine | State: FOCUSED    | Confidence: 0.459
2026-04-22 10:57:15 | [92mINFO[0m | pipeline.inference.realtime_engine | State: FOCUSED    | Confidence: 0.653
2026-04-22 10:57:15 | [92mINFO[0m | pipeline.inference.realtime_engine | State: FOCUSED    | Confidence: 0.618
2026-04-22 10:57:16 | [92mINFO[0m | pipeline.inference.realtime_engine | State: FOCUSED    | Confidence: 0.690
2026-04-22 10:57:16 | [92mINFO[0m | pipeline.inference.realtime_engine | State: FOCUSED    | Confidence: 0.449
2026-04-22 10:57:17 | [92mINFO[0m | pipeline.inference.realtime_engine | State: FOCUSED    | Confidence: 0.607
2026-04-22 10:57:17 | [92mINFO[0m | pipeline.inference.realtime_engine | State: FOCUSED    | Confidence: 0.831
2026-04-22 10:57:18 | [92mINFO[0m | pipeline.inference.realtime_engine | State: FOCUSED    | Confidence: 0.658
2026-04-22 10:57:18 | [92mINFO[0m | pipeline.inference.realtime_engine | State: FOCUSED    | Confidence: 0.720
2026-04-22 10:57:19 | [92mINFO[0m | pipeline.inference.realtime_engine | State: FOCUSED    | Confidence: 0.548
2026-04-22 10:57:19 | [92mINFO[0m | pipeline.inference.realtime_engine | State: FOCUSED    | Confidence: 0.619
2026-04-22 10:57:20 | [92mINFO[0m | pipeline.inference.realtime_engine | State: FOCUSED    | Confidence: 0.526
2026-04-22 10:57:20 | [92mINFO[0m | pipeline.inference.realtime_engine | State: FOCUSED    | Confidence: 0.345
2026-04-22 10:57:21 | [92mINFO[0m | pipeline.inference.realtime_engine | State: FOCUSED    | Confidence: 0.535
2026-04-22 10:57:21 | [92mINFO[0m | pipeline.inference.realtime_engine | State: FOCUSED    | Confidence: 0.530
2026-04-22 10:57:22 | [92mINFO[0m | pipeline.inference.realtime_engine | State: FOCUSED    | Confidence: 0.350
2026-04-22 10:57:22 | [92mINFO[0m | pipeline.inference.realtime_engine | State: FOCUSED    | Confidence: 0.427
2026-04-22 10:57:23 | [92mINFO[0m | pipeline.inference.realtime_engine | State: FOCUSED    | Confidence: 0.661
2026-04-22 10:57:23 | [92mINFO[0m | pipeline.inference.realtime_engine | State: FOCUSED    | Confidence: 0.559
2026-04-22 10:57:24 | [92mINFO[0m | pipeline.inference.realtime_engine | State: FOCUSED    | Confidence: 0.997
2026-04-22 10:57:24 | [92mINFO[0m | pipeline.inference.realtime_engine | State: FOCUSED    | Confidence: 0.623
2026-04-22 10:57:25 | [92mINFO[0m | pipeline.inference.realtime_engine | State: FOCUSED    | Confidence: 0.628
2026-04-22 10:57:25 | [92mINFO[0m | pipeline.inference.realtime_engine | State: FOCUSED    | Confidence: 0.488
2026-04-22 10:57:26 | [92mINFO[0m | pipeline.inference.realtime_engine | State: FOCUSED    | Confidence: 0.734
2026-04-22 10:57:26 | [92mINFO[0m | pipeline.inference.realtime_engine | State: FOCUSED    | Confidence: 0.849
2026-04-22 10:57:27 | [92mINFO[0m | pipeline.inference.realtime_engine | State: FOCUSED    | Confidence: 0.517
2026-04-22 10:57:27 | [92mINFO[0m | pipeline.inference.realtime_engine | State: STRESSED   | Confidence: 0.599
2026-04-22 10:57:28 | [92mINFO[0m | pipeline.inference.realtime_engine | State: FOCUSED    | Confidence: 0.574
2026-04-22 10:57:28 | [92mINFO[0m | pipeline.inference.realtime_engine | State: FOCUSED    | Confidence: 0.685
2026-04-22 10:57:29 | [92mINFO[0m | pipeline.inference.realtime_engine | State: STRESSED   | Confidence: 0.399
2026-04-22 10:57:29 | [92mINFO[0m | pipeline.inference.realtime_engine | State: FOCUSED    | Confidence: 0.998
2026-04-22 10:57:30 | [92mINFO[0m | pipeline.inference.realtime_engine | State: FOCUSED    | Confidence: 0.963
2026-04-22 10:57:30 | [92mINFO[0m | pipeline.inference.realtime_engine | State: DROWSY     | Confidence: 0.876
2026-04-22 10:57:31 | [92mINFO[0m | pipeline.inference.realtime_engine | State: DROWSY     | Confidence: 0.935
2026-04-22 10:57:31 | [92mINFO[0m | pipeline.inference.realtime_engine | State: DROWSY     | Confidence: 0.377
2026-04-22 10:57:32 | [92mINFO[0m | pipeline.inference.realtime_engine | State: DROWSY     | Confidence: 0.519
2026-04-22 10:57:32 | [92mINFO[0m | pipeline.inference.realtime_engine | State: DROWSY     | Confidence: 0.805
2026-04-22 10:57:33 | [92mINFO[0m | pipeline.inference.realtime_engine | State: DROWSY     | Confidence: 0.442
2026-04-22 10:57:33 | [92mINFO[0m | pipeline.inference.realtime_engine | State: DROWSY     | Confidence: 0.533
2026-04-22 10:57:34 | [92mINFO[0m | pipeline.inference.realtime_engine | State: DROWSY     | Confidence: 0.483
2026-04-22 10:57:34 | [92mINFO[0m | pipeline.inference.realtime_engine | State: DROWSY     | Confidence: 0.983
2026-04-22 10:57:35 | [92mINFO[0m | pipeline.inference.realtime_engine | State: FOCUSED    | Confidence: 0.361
2026-04-22 10:57:35 | [92mINFO[0m | pipeline.inference.realtime_engine | State: FOCUSED    | Confidence: 0.683
2026-04-22 10:57:36 | [92mINFO[0m | pipeline.inference.realtime_engine | State: STRESSED   | Confidence: 0.622
2026-04-22 10:57:36 | [92mINFO[0m | pipeline.inference.realtime_engine | State: STRESSED   | Confidence: 0.408
2026-04-22 10:57:37 | [92mINFO[0m | pipeline.inference.realtime_engine | State: STRESSED   | Confidence: 0.546
2026-04-22 10:57:37 | [92mINFO[0m | pipeline.inference.realtime_engine | State: STRESSED   | Confidence: 0.645
2026-04-22 10:57:38 | [92mINFO[0m | pipeline.inference.realtime_engine | State: STRESSED   | Confidence: 0.553
2026-04-22 10:57:38 | [92mINFO[0m | pipeline.inference.realtime_engine | State: DROWSY     | Confidence: 0.444
2026-04-22 10:57:39 | [92mINFO[0m | pipeline.inference.realtime_engine | State: STRESSED   | Confidence: 0.763
2026-04-22 10:57:39 | [92mINFO[0m | pipeline.inference.realtime_engine | State: STRESSED   | Confidence: 0.684
2026-04-22 10:57:40 | [92mINFO[0m | pipeline.inference.realtime_engine | State: STRESSED   | Confidence: 0.853
2026-04-22 10:57:40 | [92mINFO[0m | pipeline.inference.realtime_engine | State: STRESSED   | Confidence: 0.923
2026-04-22 10:57:41 | [92mINFO[0m | pipeline.inference.realtime_engine | State: STRESSED   | Confidence: 0.761
2026-04-22 10:57:41 | [92mINFO[0m | pipeline.inference.realtime_engine | State: STRESSED   | Confidence: 0.913
2026-04-22 10:57:42 | [92mINFO[0m | pipeline.inference.realtime_engine | State: FOCUSED    | Confidence: 0.642
2026-04-22 10:57:42 | [92mINFO[0m | pipeline.inference.realtime_engine | State: FOCUSED    | Confidence: 0.529
2026-04-22 10:57:43 | [92mINFO[0m | pipeline.inference.realtime_engine | State: FOCUSED    | Confidence: 0.550
2026-04-22 10:57:43 | [92mINFO[0m | pipeline.inference.realtime_engine | State: FOCUSED    | Confidence: 0.601
2026-04-22 10:57:44 | [92mINFO[0m | pipeline.inference.realtime_engine | State: FOCUSED    | Confidence: 0.466
2026-04-22 10:57:44 | [92mINFO[0m | pipeline.inference.realtime_engine | State: FOCUSED    | Confidence: 0.601
2026-04-22 10:57:45 | [92mINFO[0m | pipeline.inference.realtime_engine | State: FOCUSED    | Confidence: 0.620
2026-04-22 10:57:45 | [92mINFO[0m | pipeline.inference.realtime_engine | State: FOCUSED    | Confidence: 0.748
2026-04-22 10:57:46 | [92mINFO[0m | pipeline.inference.realtime_engine | State: STRESSED   | Confidence: 0.655
2026-04-22 10:57:46 | [92mINFO[0m | pipeline.inference.realtime_engine | State: FOCUSED    | Confidence: 0.610
2026-04-22 10:57:47 | [92mINFO[0m | pipeline.inference.realtime_engine | State: FOCUSED    | Confidence: 0.732
2026-04-22 10:57:47 | [92mINFO[0m | pipeline.inference.realtime_engine | State: FOCUSED    | Confidence: 0.438
2026-04-22 10:57:48 | [92mINFO[0m | pipeline.inference.realtime_engine | State: FOCUSED    | Confidence: 0.675
2026-04-22 10:57:48 | [92mINFO[0m | pipeline.inference.realtime_engine | State: FOCUSED    | Confidence: 0.816
2026-04-22 10:57:49 | [92mINFO[0m | pipeline.inference.realtime_engine | State: FOCUSED    | Confidence: 0.696
2026-04-22 10:57:49 | [92mINFO[0m | pipeline.inference.realtime_engine | State: FOCUSED    | Confidence: 0.668
2026-04-22 10:57:50 | [92mINFO[0m | pipeline.inference.realtime_engine | State: FOCUSED    | Confidence: 0.378
2026-04-22 10:57:50 | [92mINFO[0m | pipeline.inference.realtime_engine | State: FOCUSED    | Confidence: 0.693
2026-04-22 10:57:51 | [92mINFO[0m | pipeline.inference.realtime_engine | State: FOCUSED    | Confidence: 0.696
2026-04-22 10:57:51 | [92mINFO[0m | pipeline.inference.realtime_engine | State: FOCUSED    | Confidence: 0.795
2026-04-22 10:57:52 | [92mINFO[0m | pipeline.inference.realtime_engine | State: FOCUSED    | Confidence: 0.630
2026-04-22 10:57:52 | [92mINFO[0m | pipeline.inference.realtime_engine | State: FOCUSED    | Confidence: 0.550
2026-04-22 10:57:53 | [92mINFO[0m | pipeline.inference.realtime_engine | State: FOCUSED    | Confidence: 0.542
2026-04-22 10:58:36 | [92mINFO[0m | __main__ |  Configuration loaded
2026-04-22 10:58:40 | [92mINFO[0m | pipeline.training.tune | Loaded data: (7191, 1, 1000)
2026-04-22 10:58:41 | [91mERROR[0m | __main__ | 
 Operation failed: Calculated padded input size per channel: (1 x 1001). Kernel size: (3 x 1). Kernel size can't be greater than actual input size
2026-04-22 11:00:00 | [92mINFO[0m | __main__ |  Configuration loaded
2026-04-22 11:00:02 | [92mINFO[0m | pipeline.ingestion.arduino_reader | Initialized ArduinoReader for COM5 @ 230400 baud
2026-04-22 11:00:02 | [92mINFO[0m | pipeline.inference.realtime_engine | [OK] Model loaded from models\saved\eegnet_best.pth
2026-04-22 11:00:02 | [92mINFO[0m | pipeline.ingestion.arduino_reader | Connecting to COM5...
2026-04-22 11:03:02 | [92mINFO[0m | __main__ |  Configuration loaded
2026-04-22 11:03:04 | [92mINFO[0m | pipeline.ingestion.arduino_reader | Initialized ArduinoReader for COM5 @ 230400 baud
2026-04-22 11:03:04 | [92mINFO[0m | pipeline.inference.realtime_engine | [OK] Model loaded from models\saved\eegnet_best.pth
2026-04-22 11:03:04 | [92mINFO[0m | pipeline.ingestion.arduino_reader | Connecting to COM5...
2026-04-22 11:03:06 | [92mINFO[0m | pipeline.ingestion.arduino_reader |  [ok] Connected to UNO-R4
2026-04-22 11:03:06 | [92mINFO[0m | pipeline.inference.realtime_engine | Streaming predictions (Ctrl+C to stop)...

2026-04-22 11:03:08 | [92mINFO[0m | pipeline.inference.realtime_engine | State: STRESSED   | Confidence: 0.826
2026-04-22 11:03:08 | [92mINFO[0m | pipeline.inference.realtime_engine | State: STRESSED   | Confidence: 0.920
2026-04-22 11:03:09 | [92mINFO[0m | pipeline.inference.realtime_engine | State: STRESSED   | Confidence: 0.520
2026-04-22 11:03:09 | [92mINFO[0m | pipeline.inference.realtime_engine | State: STRESSED   | Confidence: 0.969
2026-04-22 11:03:10 | [92mINFO[0m | pipeline.inference.realtime_engine | State: STRESSED   | Confidence: 0.813
2026-04-22 11:03:10 | [92mINFO[0m | pipeline.inference.realtime_engine | State: STRESSED   | Confidence: 0.995
2026-04-22 11:03:11 | [92mINFO[0m | pipeline.inference.realtime_engine | State: STRESSED   | Confidence: 1.000
2026-04-22 11:03:11 | [92mINFO[0m | pipeline.inference.realtime_engine | State: STRESSED   | Confidence: 0.999
2026-04-22 11:03:12 | [92mINFO[0m | pipeline.inference.realtime_engine | State: STRESSED   | Confidence: 1.000
2026-04-22 11:03:12 | [92mINFO[0m | pipeline.inference.realtime_engine | State: STRESSED   | Confidence: 1.000
2026-04-22 11:03:13 | [92mINFO[0m | pipeline.inference.realtime_engine | State: STRESSED   | Confidence: 0.738
2026-04-22 11:03:13 | [92mINFO[0m | pipeline.inference.realtime_engine | State: STRESSED   | Confidence: 0.872
2026-04-22 11:03:14 | [92mINFO[0m | pipeline.inference.realtime_engine | State: STRESSED   | Confidence: 0.396
2026-04-22 11:03:14 | [92mINFO[0m | pipeline.inference.realtime_engine | State: STRESSED   | Confidence: 0.669
2026-04-22 11:03:15 | [92mINFO[0m | pipeline.inference.realtime_engine | State: STRESSED   | Confidence: 0.609
2026-04-22 11:03:15 | [92mINFO[0m | pipeline.inference.realtime_engine | State: DROWSY     | Confidence: 0.450
2026-04-22 11:03:16 | [92mINFO[0m | pipeline.inference.realtime_engine | State: DROWSY     | Confidence: 0.683
2026-04-22 11:03:16 | [92mINFO[0m | pipeline.inference.realtime_engine | State: DROWSY     | Confidence: 0.939
2026-04-22 11:03:17 | [92mINFO[0m | pipeline.inference.realtime_engine | State: DROWSY     | Confidence: 1.000
2026-04-22 11:03:17 | [92mINFO[0m | pipeline.inference.realtime_engine | State: DROWSY     | Confidence: 0.928
2026-04-22 11:03:18 | [92mINFO[0m | pipeline.inference.realtime_engine | State: DROWSY     | Confidence: 0.695
2026-04-22 11:03:18 | [92mINFO[0m | pipeline.inference.realtime_engine | State: STRESSED   | Confidence: 0.830
2026-04-22 11:03:19 | [92mINFO[0m | pipeline.inference.realtime_engine | State: STRESSED   | Confidence: 0.696
2026-04-22 11:03:19 | [92mINFO[0m | pipeline.inference.realtime_engine | State: STRESSED   | Confidence: 0.952
2026-04-22 11:03:20 | [92mINFO[0m | pipeline.inference.realtime_engine | State: STRESSED   | Confidence: 0.988
2026-04-22 11:03:20 | [92mINFO[0m | pipeline.inference.realtime_engine | State: STRESSED   | Confidence: 0.890
2026-04-22 11:03:21 | [92mINFO[0m | pipeline.inference.realtime_engine | State: STRESSED   | Confidence: 0.997
2026-04-22 11:03:21 | [92mINFO[0m | pipeline.inference.realtime_engine | State: STRESSED   | Confidence: 0.995
2026-04-22 11:03:22 | [92mINFO[0m | pipeline.inference.realtime_engine | State: STRESSED   | Confidence: 0.820
2026-04-22 11:03:22 | [92mINFO[0m | pipeline.inference.realtime_engine | State: STRESSED   | Confidence: 0.962
2026-04-22 11:03:23 | [92mINFO[0m | pipeline.inference.realtime_engine | State: STRESSED   | Confidence: 1.000
2026-04-22 11:03:23 | [92mINFO[0m | pipeline.inference.realtime_engine | State: DROWSY     | Confidence: 0.937
2026-04-22 11:03:24 | [92mINFO[0m | pipeline.inference.realtime_engine | State: DROWSY     | Confidence: 0.995
2026-04-22 11:03:24 | [92mINFO[0m | pipeline.inference.realtime_engine | State: DROWSY     | Confidence: 1.000
2026-04-22 11:03:25 | [92mINFO[0m | pipeline.inference.realtime_engine | State: DROWSY     | Confidence: 1.000
2026-04-22 11:03:25 | [92mINFO[0m | pipeline.inference.realtime_engine | State: DROWSY     | Confidence: 1.000
2026-04-22 11:03:26 | [92mINFO[0m | pipeline.inference.realtime_engine | State: DROWSY     | Confidence: 0.991
2026-04-22 11:03:26 | [92mINFO[0m | pipeline.inference.realtime_engine | State: DROWSY     | Confidence: 0.999
2026-04-22 11:03:27 | [92mINFO[0m | pipeline.inference.realtime_engine | State: DROWSY     | Confidence: 1.000
2026-04-22 11:03:27 | [92mINFO[0m | pipeline.inference.realtime_engine | State: DROWSY     | Confidence: 0.972
2026-04-22 11:03:28 | [92mINFO[0m | pipeline.inference.realtime_engine | State: DROWSY     | Confidence: 0.998
2026-04-22 11:03:28 | [92mINFO[0m | pipeline.inference.realtime_engine | State: DROWSY     | Confidence: 1.000
2026-04-22 11:03:29 | [92mINFO[0m | pipeline.inference.realtime_engine | State: DROWSY     | Confidence: 1.000
2026-04-22 11:03:29 | [92mINFO[0m | pipeline.inference.realtime_engine | State: DROWSY     | Confidence: 0.781
2026-04-22 11:03:30 | [92mINFO[0m | pipeline.inference.realtime_engine | State: DROWSY     | Confidence: 1.000
2026-04-22 11:03:30 | [92mINFO[0m | pipeline.inference.realtime_engine | State: DROWSY     | Confidence: 1.000
2026-04-22 11:03:31 | [92mINFO[0m | pipeline.inference.realtime_engine | State: DROWSY     | Confidence: 1.000
2026-04-22 11:03:31 | [92mINFO[0m | pipeline.inference.realtime_engine | State: DROWSY     | Confidence: 1.000
2026-04-22 11:03:32 | [92mINFO[0m | pipeline.inference.realtime_engine | State: DROWSY     | Confidence: 1.000
2026-04-22 11:03:32 | [92mINFO[0m | pipeline.inference.realtime_engine | State: DROWSY     | Confidence: 0.999
2026-04-22 11:03:33 | [92mINFO[0m | pipeline.inference.realtime_engine | State: DROWSY     | Confidence: 0.848
2026-04-22 11:03:33 | [92mINFO[0m | pipeline.inference.realtime_engine | State: DROWSY     | Confidence: 0.674
2026-04-22 11:03:34 | [92mINFO[0m | pipeline.inference.realtime_engine | State: FOCUSED    | Confidence: 0.646
2026-04-22 11:03:34 | [92mINFO[0m | pipeline.inference.realtime_engine | State: STRESSED   | Confidence: 0.383
2026-04-22 11:03:35 | [92mINFO[0m | pipeline.inference.realtime_engine | State: FOCUSED    | Confidence: 0.378
2026-04-22 11:03:35 | [92mINFO[0m | pipeline.inference.realtime_engine | State: FOCUSED    | Confidence: 0.588
2026-04-22 11:03:36 | [92mINFO[0m | pipeline.inference.realtime_engine | State: FOCUSED    | Confidence: 0.557
2026-04-22 11:03:36 | [92mINFO[0m | pipeline.inference.realtime_engine | State: STRESSED   | Confidence: 0.517
2026-04-22 11:03:37 | [92mINFO[0m | pipeline.inference.realtime_engine | State: FOCUSED    | Confidence: 0.651
2026-04-22 11:03:37 | [92mINFO[0m | pipeline.inference.realtime_engine | State: FOCUSED    | Confidence: 0.698
2026-04-22 11:03:38 | [92mINFO[0m | pipeline.inference.realtime_engine | State: FOCUSED    | Confidence: 0.657
2026-04-22 11:03:38 | [92mINFO[0m | pipeline.inference.realtime_engine | State: FOCUSED    | Confidence: 0.733
2026-04-22 11:03:39 | [92mINFO[0m | pipeline.inference.realtime_engine | State: FOCUSED    | Confidence: 0.840
2026-04-22 11:03:39 | [92mINFO[0m | pipeline.inference.realtime_engine | State: DROWSY     | Confidence: 0.972
2026-04-22 11:03:40 | [92mINFO[0m | pipeline.inference.realtime_engine | State: DROWSY     | Confidence: 1.000
2026-04-22 11:03:40 | [92mINFO[0m | pipeline.inference.realtime_engine | State: DROWSY     | Confidence: 1.000
2026-04-22 11:03:41 | [92mINFO[0m | pipeline.inference.realtime_engine | State: DROWSY     | Confidence: 1.000
2026-04-22 11:03:41 | [92mINFO[0m | pipeline.inference.realtime_engine | State: DROWSY     | Confidence: 1.000
2026-04-22 11:03:42 | [92mINFO[0m | pipeline.inference.realtime_engine | State: DROWSY     | Confidence: 1.000
2026-04-22 11:03:42 | [92mINFO[0m | pipeline.inference.realtime_engine | State: DROWSY     | Confidence: 1.000
2026-04-22 11:03:43 | [92mINFO[0m | pipeline.inference.realtime_engine | State: DROWSY     | Confidence: 1.000
2026-04-22 11:03:43 | [92mINFO[0m | pipeline.inference.realtime_engine | State: DROWSY     | Confidence: 1.000
2026-04-22 11:03:44 | [92mINFO[0m | pipeline.inference.realtime_engine | State: DROWSY     | Confidence: 1.000
2026-04-22 11:03:44 | [92mINFO[0m | pipeline.inference.realtime_engine | State: DROWSY     | Confidence: 1.000
2026-04-22 11:03:45 | [92mINFO[0m | pipeline.inference.realtime_engine | State: DROWSY     | Confidence: 1.000
2026-04-22 11:03:45 | [92mINFO[0m | pipeline.inference.realtime_engine | State: DROWSY     | Confidence: 0.944
2026-04-22 11:03:46 | [92mINFO[0m | pipeline.inference.realtime_engine | State: DROWSY     | Confidence: 1.000
2026-04-22 11:03:46 | [92mINFO[0m | pipeline.inference.realtime_engine | State: DROWSY     | Confidence: 1.000
2026-04-22 11:03:47 | [92mINFO[0m | pipeline.inference.realtime_engine | State: STRESSED   | Confidence: 1.000
2026-04-22 11:03:47 | [92mINFO[0m | pipeline.inference.realtime_engine | State: STRESSED   | Confidence: 1.000
2026-04-22 11:03:48 | [92mINFO[0m | pipeline.inference.realtime_engine | State: STRESSED   | Confidence: 1.000
2026-04-22 11:03:48 | [92mINFO[0m | pipeline.inference.realtime_engine | State: STRESSED   | Confidence: 1.000
2026-04-22 11:03:49 | [92mINFO[0m | pipeline.inference.realtime_engine | State: STRESSED   | Confidence: 1.000
2026-04-22 11:03:49 | [92mINFO[0m | pipeline.inference.realtime_engine | State: STRESSED   | Confidence: 1.000
2026-04-22 11:03:50 | [92mINFO[0m | pipeline.inference.realtime_engine | State: STRESSED   | Confidence: 0.996
2026-04-22 11:03:50 | [92mINFO[0m | pipeline.inference.realtime_engine | State: STRESSED   | Confidence: 0.987
2026-04-22 11:03:51 | [92mINFO[0m | pipeline.inference.realtime_engine | State: STRESSED   | Confidence: 1.000
2026-04-22 11:03:51 | [92mINFO[0m | pipeline.inference.realtime_engine | State: STRESSED   | Confidence: 1.000
2026-04-22 11:03:52 | [92mINFO[0m | pipeline.inference.realtime_engine | State: STRESSED   | Confidence: 1.000
2026-04-22 11:03:52 | [92mINFO[0m | pipeline.inference.realtime_engine | State: STRESSED   | Confidence: 1.000
2026-04-22 11:03:53 | [92mINFO[0m | pipeline.inference.realtime_engine | State: STRESSED   | Confidence: 1.000
2026-04-22 11:03:53 | [92mINFO[0m | pipeline.inference.realtime_engine | State: STRESSED   | Confidence: 1.000
2026-04-22 11:03:54 | [92mINFO[0m | pipeline.inference.realtime_engine | State: STRESSED   | Confidence: 0.986
2026-04-22 11:03:54 | [92mINFO[0m | pipeline.inference.realtime_engine | State: STRESSED   | Confidence: 0.448
2026-04-22 11:03:55 | [92mINFO[0m | pipeline.inference.realtime_engine | State: STRESSED   | Confidence: 0.949
2026-04-22 11:03:55 | [92mINFO[0m | pipeline.inference.realtime_engine | State: DROWSY     | Confidence: 0.696
2026-04-22 11:03:56 | [92mINFO[0m | pipeline.inference.realtime_engine | State: DROWSY     | Confidence: 0.644
2026-04-22 11:03:56 | [92mINFO[0m | pipeline.inference.realtime_engine | State: DROWSY     | Confidence: 0.542
2026-04-22 11:03:57 | [92mINFO[0m | pipeline.inference.realtime_engine | State: DROWSY     | Confidence: 0.993
2026-04-22 11:03:57 | [92mINFO[0m | pipeline.inference.realtime_engine | State: STRESSED   | Confidence: 0.912
2026-04-22 11:03:58 | [92mINFO[0m | pipeline.inference.realtime_engine | State: STRESSED   | Confidence: 0.725
2026-04-22 11:03:58 | [92mINFO[0m | pipeline.inference.realtime_engine | State: STRESSED   | Confidence: 0.720
2026-04-22 11:03:59 | [92mINFO[0m | pipeline.inference.realtime_engine | State: FOCUSED    | Confidence: 0.510
2026-04-22 11:03:59 | [92mINFO[0m | pipeline.inference.realtime_engine | State: FOCUSED    | Confidence: 0.720
2026-04-22 11:04:00 | [92mINFO[0m | pipeline.inference.realtime_engine | State: FOCUSED    | Confidence: 0.455
2026-04-22 11:04:00 | [92mINFO[0m | pipeline.inference.realtime_engine | State: FOCUSED    | Confidence: 0.419
2026-04-22 11:04:01 | [92mINFO[0m | pipeline.inference.realtime_engine | State: FOCUSED    | Confidence: 0.613
2026-04-22 11:04:01 | [92mINFO[0m | pipeline.inference.realtime_engine | State: FOCUSED    | Confidence: 0.404
2026-04-22 11:04:02 | [92mINFO[0m | pipeline.inference.realtime_engine | State: FOCUSED    | Confidence: 0.479
2026-04-22 11:04:02 | [92mINFO[0m | pipeline.inference.realtime_engine | State: FOCUSED    | Confidence: 0.963
2026-04-22 11:04:03 | [92mINFO[0m | pipeline.inference.realtime_engine | State: STRESSED   | Confidence: 0.496
2026-04-22 11:04:03 | [92mINFO[0m | pipeline.inference.realtime_engine | State: STRESSED   | Confidence: 0.995
2026-04-22 11:04:04 | [92mINFO[0m | pipeline.inference.realtime_engine | State: FOCUSED    | Confidence: 0.630
2026-04-22 11:04:04 | [92mINFO[0m | pipeline.inference.realtime_engine | State: DROWSY     | Confidence: 0.801
2026-04-22 11:04:05 | [92mINFO[0m | pipeline.inference.realtime_engine | State: FOCUSED    | Confidence: 0.669
2026-04-22 11:04:05 | [92mINFO[0m | pipeline.inference.realtime_engine | State: FOCUSED    | Confidence: 0.408
2026-04-22 11:04:06 | [92mINFO[0m | pipeline.inference.realtime_engine | State: FOCUSED    | Confidence: 0.635
2026-04-22 11:04:06 | [92mINFO[0m | pipeline.inference.realtime_engine | State: FOCUSED    | Confidence: 0.753
2026-04-22 11:04:07 | [92mINFO[0m | pipeline.inference.realtime_engine | State: FOCUSED    | Confidence: 0.518
2026-04-22 11:04:07 | [92mINFO[0m | pipeline.inference.realtime_engine | State: FOCUSED    | Confidence: 0.531
2026-04-22 11:04:08 | [92mINFO[0m | pipeline.inference.realtime_engine | State: FOCUSED    | Confidence: 0.468
2026-04-22 11:04:08 | [92mINFO[0m | pipeline.inference.realtime_engine | State: FOCUSED    | Confidence: 0.655
2026-04-22 11:04:09 | [92mINFO[0m | pipeline.inference.realtime_engine | State: FOCUSED    | Confidence: 0.597
2026-04-22 11:04:09 | [92mINFO[0m | pipeline.inference.realtime_engine | State: FOCUSED    | Confidence: 0.571
2026-04-22 11:04:10 | [92mINFO[0m | pipeline.inference.realtime_engine | State: FOCUSED    | Confidence: 0.745
2026-04-22 11:04:10 | [92mINFO[0m | pipeline.inference.realtime_engine | State: FOCUSED    | Confidence: 0.663
2026-04-22 11:04:11 | [92mINFO[0m | pipeline.inference.realtime_engine | State: FOCUSED    | Confidence: 0.626
2026-04-22 11:04:11 | [92mINFO[0m | pipeline.inference.realtime_engine | State: FOCUSED    | Confidence: 0.617
2026-04-22 11:04:12 | [92mINFO[0m | pipeline.inference.realtime_engine | State: FOCUSED    | Confidence: 0.729
2026-04-22 11:04:12 | [92mINFO[0m | pipeline.inference.realtime_engine | State: FOCUSED    | Confidence: 0.679
2026-04-22 11:04:13 | [92mINFO[0m | pipeline.inference.realtime_engine | State: FOCUSED    | Confidence: 0.505
2026-04-22 11:04:13 | [92mINFO[0m | pipeline.inference.realtime_engine | State: FOCUSED    | Confidence: 0.715
2026-04-22 11:04:14 | [92mINFO[0m | pipeline.inference.realtime_engine | State: FOCUSED    | Confidence: 0.605
2026-04-22 11:04:14 | [92mINFO[0m | pipeline.inference.realtime_engine | State: FOCUSED    | Confidence: 0.625
2026-04-22 11:04:15 | [92mINFO[0m | pipeline.inference.realtime_engine | State: FOCUSED    | Confidence: 0.738
2026-04-22 11:04:15 | [92mINFO[0m | pipeline.inference.realtime_engine | State: FOCUSED    | Confidence: 0.437
2026-04-22 11:04:16 | [92mINFO[0m | pipeline.inference.realtime_engine | State: FOCUSED    | Confidence: 0.722
2026-04-22 11:04:16 | [92mINFO[0m | pipeline.inference.realtime_engine | State: FOCUSED    | Confidence: 0.704
2026-04-22 11:04:17 | [92mINFO[0m | pipeline.inference.realtime_engine | State: FOCUSED    | Confidence: 0.770
2026-04-22 11:04:17 | [92mINFO[0m | pipeline.inference.realtime_engine | State: FOCUSED    | Confidence: 0.871
2026-04-22 11:04:18 | [92mINFO[0m | pipeline.inference.realtime_engine | State: FOCUSED    | Confidence: 0.457
2026-04-22 11:04:18 | [92mINFO[0m | pipeline.inference.realtime_engine | State: FOCUSED    | Confidence: 0.494
2026-04-22 11:04:19 | [92mINFO[0m | pipeline.inference.realtime_engine | State: FOCUSED    | Confidence: 0.712
2026-04-22 11:04:19 | [92mINFO[0m | pipeline.inference.realtime_engine | State: FOCUSED    | Confidence: 0.472
2026-04-22 11:04:20 | [92mINFO[0m | pipeline.inference.realtime_engine | State: FOCUSED    | Confidence: 0.711
2026-04-22 11:04:20 | [92mINFO[0m | pipeline.inference.realtime_engine | State: FOCUSED    | Confidence: 0.519
2026-04-22 11:04:21 | [92mINFO[0m | pipeline.inference.realtime_engine | State: FOCUSED    | Confidence: 0.623
2026-04-22 11:04:21 | [92mINFO[0m | pipeline.inference.realtime_engine | State: FOCUSED    | Confidence: 0.704
2026-04-22 11:04:22 | [92mINFO[0m | pipeline.inference.realtime_engine | State: FOCUSED    | Confidence: 0.761
2026-04-22 11:04:22 | [92mINFO[0m | pipeline.inference.realtime_engine | State: FOCUSED    | Confidence: 0.793
2026-04-22 11:04:23 | [92mINFO[0m | pipeline.inference.realtime_engine | State: FOCUSED    | Confidence: 0.967
2026-04-22 11:04:23 | [92mINFO[0m | pipeline.inference.realtime_engine | State: FOCUSED    | Confidence: 0.710
2026-04-22 11:04:24 | [92mINFO[0m | pipeline.inference.realtime_engine | State: STRESSED   | Confidence: 0.547
2026-04-22 11:04:24 | [92mINFO[0m | pipeline.inference.realtime_engine | State: FOCUSED    | Confidence: 0.709
2026-04-22 11:04:25 | [92mINFO[0m | pipeline.inference.realtime_engine | State: FOCUSED    | Confidence: 0.540
2026-04-22 11:04:25 | [92mINFO[0m | pipeline.inference.realtime_engine | State: FOCUSED    | Confidence: 0.639
2026-04-22 11:04:26 | [92mINFO[0m | pipeline.inference.realtime_engine | State: FOCUSED    | Confidence: 0.612
2026-04-22 11:04:26 | [92mINFO[0m | pipeline.inference.realtime_engine | State: FOCUSED    | Confidence: 0.725
2026-04-22 11:04:27 | [92mINFO[0m | pipeline.inference.realtime_engine | State: FOCUSED    | Confidence: 0.723
2026-04-22 11:04:27 | [92mINFO[0m | pipeline.inference.realtime_engine | State: FOCUSED    | Confidence: 0.884
2026-04-22 11:04:28 | [92mINFO[0m | pipeline.inference.realtime_engine | State: FOCUSED    | Confidence: 0.990
2026-04-22 11:04:28 | [92mINFO[0m | pipeline.inference.realtime_engine | State: STRESSED   | Confidence: 0.999
2026-04-22 11:04:29 | [92mINFO[0m | pipeline.inference.realtime_engine | State: STRESSED   | Confidence: 1.000
2026-04-22 11:04:29 | [92mINFO[0m | pipeline.inference.realtime_engine | State: STRESSED   | Confidence: 1.000
2026-04-22 11:04:30 | [92mINFO[0m | pipeline.inference.realtime_engine | State: STRESSED   | Confidence: 0.998
2026-04-22 11:04:30 | [92mINFO[0m | pipeline.inference.realtime_engine | State: STRESSED   | Confidence: 0.982
2026-04-22 11:04:31 | [92mINFO[0m | pipeline.inference.realtime_engine | State: STRESSED   | Confidence: 0.948
2026-04-22 11:04:31 | [92mINFO[0m | pipeline.inference.realtime_engine | State: STRESSED   | Confidence: 0.580
2026-04-22 11:04:32 | [92mINFO[0m | pipeline.inference.realtime_engine | State: STRESSED   | Confidence: 0.522
2026-04-22 11:04:32 | [92mINFO[0m | pipeline.inference.realtime_engine | State: STRESSED   | Confidence: 0.483
2026-04-22 11:04:33 | [92mINFO[0m | pipeline.inference.realtime_engine | State: STRESSED   | Confidence: 0.789
2026-04-22 11:04:33 | [92mINFO[0m | pipeline.inference.realtime_engine | State: FOCUSED    | Confidence: 0.562
2026-04-22 11:04:34 | [92mINFO[0m | pipeline.inference.realtime_engine | State: FOCUSED    | Confidence: 0.939
2026-04-22 11:04:34 | [92mINFO[0m | pipeline.inference.realtime_engine | State: FOCUSED    | Confidence: 0.486
2026-04-22 11:04:35 | [92mINFO[0m | pipeline.inference.realtime_engine | State: DROWSY     | Confidence: 0.910
2026-04-22 11:04:35 | [92mINFO[0m | pipeline.inference.realtime_engine | State: STRESSED   | Confidence: 0.548
2026-04-22 11:04:36 | [92mINFO[0m | pipeline.inference.realtime_engine | State: STRESSED   | Confidence: 1.000
2026-04-22 11:04:36 | [92mINFO[0m | pipeline.inference.realtime_engine | State: STRESSED   | Confidence: 0.944
2026-04-22 11:04:37 | [92mINFO[0m | pipeline.inference.realtime_engine | State: STRESSED   | Confidence: 0.494
2026-04-22 11:04:37 | [92mINFO[0m | pipeline.inference.realtime_engine | State: STRESSED   | Confidence: 0.800
2026-04-22 11:04:38 | [92mINFO[0m | pipeline.inference.realtime_engine | State: STRESSED   | Confidence: 0.656
2026-04-22 11:04:38 | [92mINFO[0m | pipeline.inference.realtime_engine | State: STRESSED   | Confidence: 0.531
2026-04-22 11:04:39 | [92mINFO[0m | pipeline.inference.realtime_engine | State: STRESSED   | Confidence: 0.873
2026-04-22 11:04:39 | [92mINFO[0m | pipeline.inference.realtime_engine | State: STRESSED   | Confidence: 0.989
2026-04-22 11:04:40 | [92mINFO[0m | pipeline.inference.realtime_engine | State: DROWSY     | Confidence: 1.000
2026-04-22 11:04:40 | [92mINFO[0m | pipeline.inference.realtime_engine | State: DROWSY     | Confidence: 0.807
2026-04-22 11:04:41 | [92mINFO[0m | pipeline.inference.realtime_engine | State: DROWSY     | Confidence: 0.656
2026-04-22 11:04:41 | [92mINFO[0m | pipeline.inference.realtime_engine | State: DROWSY     | Confidence: 0.691
2026-04-22 11:04:42 | [92mINFO[0m | pipeline.inference.realtime_engine | State: FOCUSED    | Confidence: 0.674
2026-04-22 11:04:42 | [92mINFO[0m | pipeline.inference.realtime_engine | State: FOCUSED    | Confidence: 0.500
2026-04-22 11:04:43 | [92mINFO[0m | pipeline.inference.realtime_engine | State: FOCUSED    | Confidence: 0.581
2026-04-22 11:04:43 | [92mINFO[0m | pipeline.inference.realtime_engine | State: FOCUSED    | Confidence: 0.721
2026-04-22 11:04:44 | [92mINFO[0m | pipeline.inference.realtime_engine | State: FOCUSED    | Confidence: 0.644
2026-04-22 11:04:44 | [92mINFO[0m | pipeline.inference.realtime_engine | State: FOCUSED    | Confidence: 0.756
2026-04-22 11:04:45 | [92mINFO[0m | pipeline.inference.realtime_engine | State: FOCUSED    | Confidence: 0.520
2026-04-22 11:04:45 | [92mINFO[0m | pipeline.inference.realtime_engine | State: FOCUSED    | Confidence: 0.636
2026-04-22 11:04:46 | [92mINFO[0m | pipeline.inference.realtime_engine | State: FOCUSED    | Confidence: 0.514
2026-04-22 11:04:46 | [92mINFO[0m | pipeline.inference.realtime_engine | State: DROWSY     | Confidence: 0.760
2026-04-22 11:04:47 | [92mINFO[0m | pipeline.inference.realtime_engine | State: DROWSY     | Confidence: 0.488
2026-04-22 11:04:47 | [92mINFO[0m | pipeline.inference.realtime_engine | State: DROWSY     | Confidence: 1.000
2026-04-22 11:04:48 | [92mINFO[0m | pipeline.inference.realtime_engine | State: DROWSY     | Confidence: 0.587
2026-04-22 11:04:48 | [92mINFO[0m | pipeline.inference.realtime_engine | State: FOCUSED    | Confidence: 0.635
2026-04-22 11:04:49 | [92mINFO[0m | pipeline.inference.realtime_engine | State: FOCUSED    | Confidence: 0.522
2026-04-22 11:04:49 | [92mINFO[0m | pipeline.inference.realtime_engine | State: FOCUSED    | Confidence: 0.611
2026-04-22 11:04:50 | [92mINFO[0m | pipeline.inference.realtime_engine | State: FOCUSED    | Confidence: 0.894
2026-04-22 11:04:50 | [92mINFO[0m | pipeline.inference.realtime_engine | State: FOCUSED    | Confidence: 0.645
2026-04-22 11:04:51 | [92mINFO[0m | pipeline.inference.realtime_engine | State: FOCUSED    | Confidence: 0.793
2026-04-22 11:04:51 | [92mINFO[0m | pipeline.inference.realtime_engine | State: FOCUSED    | Confidence: 0.716
2026-04-22 11:04:52 | [92mINFO[0m | pipeline.inference.realtime_engine | State: FOCUSED    | Confidence: 0.786
2026-04-22 11:04:52 | [92mINFO[0m | pipeline.inference.realtime_engine | State: FOCUSED    | Confidence: 0.671
2026-04-22 11:04:53 | [92mINFO[0m | pipeline.inference.realtime_engine | State: FOCUSED    | Confidence: 0.765
2026-04-22 11:04:53 | [92mINFO[0m | pipeline.inference.realtime_engine | State: FOCUSED    | Confidence: 0.720
2026-04-22 11:04:54 | [92mINFO[0m | pipeline.inference.realtime_engine | State: FOCUSED    | Confidence: 0.588
2026-04-22 11:04:54 | [92mINFO[0m | pipeline.inference.realtime_engine | State: FOCUSED    | Confidence: 0.592
2026-04-22 11:04:55 | [92mINFO[0m | pipeline.inference.realtime_engine | State: STRESSED   | Confidence: 0.890
2026-04-22 11:04:55 | [92mINFO[0m | pipeline.inference.realtime_engine | State: FOCUSED    | Confidence: 0.678
2026-04-22 11:04:56 | [92mINFO[0m | pipeline.inference.realtime_engine | State: DROWSY     | Confidence: 0.998
2026-04-22 11:04:56 | [92mINFO[0m | pipeline.inference.realtime_engine | State: STRESSED   | Confidence: 1.000
2026-04-22 11:04:57 | [92mINFO[0m | pipeline.inference.realtime_engine | State: STRESSED   | Confidence: 1.000
2026-04-22 11:04:57 | [92mINFO[0m | pipeline.inference.realtime_engine | State: STRESSED   | Confidence: 0.973
2026-04-22 11:04:58 | [92mINFO[0m | pipeline.inference.realtime_engine | State: STRESSED   | Confidence: 0.997
2026-04-22 11:04:58 | [92mINFO[0m | pipeline.inference.realtime_engine | State: STRESSED   | Confidence: 0.450
2026-04-22 11:04:59 | [92mINFO[0m | pipeline.inference.realtime_engine | State: FOCUSED    | Confidence: 0.425
2026-04-22 11:04:59 | [92mINFO[0m | pipeline.inference.realtime_engine | State: FOCUSED    | Confidence: 0.701
2026-04-22 11:05:00 | [92mINFO[0m | pipeline.inference.realtime_engine | State: FOCUSED    | Confidence: 0.463
2026-04-22 11:05:00 | [92mINFO[0m | pipeline.inference.realtime_engine | State: FOCUSED    | Confidence: 0.582
2026-04-22 11:05:01 | [92mINFO[0m | pipeline.inference.realtime_engine | State: FOCUSED    | Confidence: 0.454
2026-04-22 11:05:01 | [92mINFO[0m | pipeline.inference.realtime_engine | State: FOCUSED    | Confidence: 0.670
2026-04-22 11:05:02 | [92mINFO[0m | pipeline.inference.realtime_engine | State: FOCUSED    | Confidence: 0.587
2026-04-22 11:05:02 | [92mINFO[0m | pipeline.inference.realtime_engine | State: FOCUSED    | Confidence: 0.639
2026-04-22 11:05:03 | [92mINFO[0m | pipeline.inference.realtime_engine | State: FOCUSED    | Confidence: 0.625
2026-04-22 11:05:03 | [92mINFO[0m | pipeline.inference.realtime_engine | State: FOCUSED    | Confidence: 0.738
2026-04-22 11:05:04 | [92mINFO[0m | pipeline.inference.realtime_engine | State: STRESSED   | Confidence: 0.997
2026-04-22 11:05:04 | [92mINFO[0m | pipeline.inference.realtime_engine | State: STRESSED   | Confidence: 0.981
2026-04-22 11:05:05 | [92mINFO[0m | pipeline.inference.realtime_engine | State: STRESSED   | Confidence: 0.912
2026-04-22 11:05:05 | [92mINFO[0m | pipeline.inference.realtime_engine | State: STRESSED   | Confidence: 0.758
2026-04-22 11:05:06 | [92mINFO[0m | pipeline.inference.realtime_engine | State: STRESSED   | Confidence: 0.972
2026-04-22 11:05:06 | [92mINFO[0m | pipeline.inference.realtime_engine | State: STRESSED   | Confidence: 0.808
2026-04-22 11:05:07 | [92mINFO[0m | pipeline.inference.realtime_engine | State: STRESSED   | Confidence: 0.560
2026-04-22 11:05:07 | [92mINFO[0m | pipeline.inference.realtime_engine | State: STRESSED   | Confidence: 0.716
2026-04-22 11:05:08 | [92mINFO[0m | pipeline.inference.realtime_engine | State: STRESSED   | Confidence: 0.531
2026-04-22 11:05:08 | [92mINFO[0m | pipeline.inference.realtime_engine | State: STRESSED   | Confidence: 0.767
2026-04-22 11:05:09 | [92mINFO[0m | pipeline.inference.realtime_engine | State: STRESSED   | Confidence: 0.549
2026-04-22 11:05:09 | [92mINFO[0m | pipeline.inference.realtime_engine | State: STRESSED   | Confidence: 0.711
2026-04-22 11:05:10 | [92mINFO[0m | pipeline.inference.realtime_engine | State: STRESSED   | Confidence: 0.410
2026-04-22 11:05:10 | [92mINFO[0m | pipeline.inference.realtime_engine | State: STRESSED   | Confidence: 0.663
2026-04-22 11:05:11 | [92mINFO[0m | pipeline.inference.realtime_engine | State: STRESSED   | Confidence: 0.584
2026-04-22 11:05:11 | [92mINFO[0m | pipeline.inference.realtime_engine | State: STRESSED   | Confidence: 0.995
2026-04-22 11:05:12 | [92mINFO[0m | pipeline.inference.realtime_engine | State: STRESSED   | Confidence: 0.785
2026-04-22 11:05:12 | [92mINFO[0m | pipeline.inference.realtime_engine | State: STRESSED   | Confidence: 0.480
2026-04-22 11:05:13 | [92mINFO[0m | pipeline.inference.realtime_engine | State: STRESSED   | Confidence: 0.586
2026-04-22 11:05:13 | [92mINFO[0m | pipeline.inference.realtime_engine | State: STRESSED   | Confidence: 0.404
2026-04-22 11:05:14 | [92mINFO[0m | pipeline.inference.realtime_engine | State: DROWSY     | Confidence: 0.670
2026-04-22 11:05:14 | [92mINFO[0m | pipeline.inference.realtime_engine | State: STRESSED   | Confidence: 0.894
2026-04-22 11:05:15 | [92mINFO[0m | pipeline.inference.realtime_engine | State: STRESSED   | Confidence: 0.982
2026-04-22 11:05:15 | [92mINFO[0m | pipeline.inference.realtime_engine | State: STRESSED   | Confidence: 0.919
2026-04-22 11:05:16 | [92mINFO[0m | pipeline.inference.realtime_engine | State: STRESSED   | Confidence: 0.899
2026-04-22 11:05:16 | [92mINFO[0m | pipeline.inference.realtime_engine | State: STRESSED   | Confidence: 0.640
2026-04-22 11:05:17 | [92mINFO[0m | pipeline.inference.realtime_engine | State: STRESSED   | Confidence: 0.998
2026-04-22 11:05:17 | [92mINFO[0m | pipeline.inference.realtime_engine | State: STRESSED   | Confidence: 0.890
2026-04-22 11:05:18 | [92mINFO[0m | pipeline.inference.realtime_engine | State: STRESSED   | Confidence: 0.862
2026-04-22 11:05:18 | [92mINFO[0m | pipeline.inference.realtime_engine | State: STRESSED   | Confidence: 0.847
2026-04-22 11:05:19 | [92mINFO[0m | pipeline.inference.realtime_engine | State: STRESSED   | Confidence: 0.526
2026-04-22 11:05:19 | [92mINFO[0m | pipeline.inference.realtime_engine | State: STRESSED   | Confidence: 0.562
2026-04-22 11:05:20 | [92mINFO[0m | pipeline.inference.realtime_engine | State: FOCUSED    | Confidence: 0.527
2026-04-22 11:05:20 | [92mINFO[0m | pipeline.inference.realtime_engine | State: FOCUSED    | Confidence: 0.945
2026-04-22 11:05:21 | [92mINFO[0m | pipeline.inference.realtime_engine | State: FOCUSED    | Confidence: 0.975
2026-04-22 11:05:21 | [92mINFO[0m | pipeline.inference.realtime_engine | State: STRESSED   | Confidence: 0.930
2026-04-22 11:05:22 | [92mINFO[0m | pipeline.inference.realtime_engine | State: STRESSED   | Confidence: 0.784
2026-04-22 11:05:22 | [92mINFO[0m | pipeline.inference.realtime_engine | State: STRESSED   | Confidence: 0.719
2026-04-22 11:05:23 | [92mINFO[0m | pipeline.inference.realtime_engine | State: STRESSED   | Confidence: 0.669
2026-04-22 11:05:23 | [92mINFO[0m | pipeline.inference.realtime_engine | State: STRESSED   | Confidence: 0.576
2026-04-22 11:05:24 | [92mINFO[0m | pipeline.inference.realtime_engine | State: FOCUSED    | Confidence: 0.674
2026-04-22 11:05:24 | [92mINFO[0m | pipeline.inference.realtime_engine | State: FOCUSED    | Confidence: 0.727
2026-04-22 11:05:25 | [92mINFO[0m | pipeline.inference.realtime_engine | State: FOCUSED    | Confidence: 0.999
2026-04-22 11:05:25 | [92mINFO[0m | pipeline.inference.realtime_engine | State: STRESSED   | Confidence: 1.000
2026-04-22 11:05:26 | [92mINFO[0m | pipeline.inference.realtime_engine | State: STRESSED   | Confidence: 0.999
2026-04-22 11:05:26 | [92mINFO[0m | pipeline.inference.realtime_engine | State: STRESSED   | Confidence: 0.984
2026-04-22 11:05:27 | [92mINFO[0m | pipeline.inference.realtime_engine | State: STRESSED   | Confidence: 1.000
2026-04-22 11:05:27 | [92mINFO[0m | pipeline.inference.realtime_engine | State: STRESSED   | Confidence: 1.000
2026-04-22 11:05:28 | [92mINFO[0m | pipeline.inference.realtime_engine | State: STRESSED   | Confidence: 1.000
2026-04-22 11:05:28 | [92mINFO[0m | pipeline.inference.realtime_engine | State: STRESSED   | Confidence: 1.000
2026-04-22 11:05:29 | [92mINFO[0m | pipeline.inference.realtime_engine | State: STRESSED   | Confidence: 0.999
2026-04-22 11:05:29 | [92mINFO[0m | pipeline.inference.realtime_engine | State: STRESSED   | Confidence: 0.987
2026-04-22 11:05:30 | [92mINFO[0m | pipeline.inference.realtime_engine | State: STRESSED   | Confidence: 0.997
2026-04-22 11:05:30 | [92mINFO[0m | pipeline.inference.realtime_engine | State: STRESSED   | Confidence: 0.853
2026-04-22 11:05:31 | [92mINFO[0m | pipeline.inference.realtime_engine | State: STRESSED   | Confidence: 1.000
2026-04-22 11:05:31 | [92mINFO[0m | pipeline.inference.realtime_engine | State: STRESSED   | Confidence: 1.000
2026-04-22 11:05:32 | [92mINFO[0m | pipeline.inference.realtime_engine | State: STRESSED   | Confidence: 1.000
2026-04-22 11:05:32 | [92mINFO[0m | pipeline.inference.realtime_engine | State: STRESSED   | Confidence: 1.000
2026-04-22 11:05:33 | [92mINFO[0m | pipeline.inference.realtime_engine | State: STRESSED   | Confidence: 0.510
2026-04-22 11:05:33 | [92mINFO[0m | pipeline.inference.realtime_engine | State: STRESSED   | Confidence: 0.998
2026-04-22 11:05:34 | [92mINFO[0m | pipeline.inference.realtime_engine | State: STRESSED   | Confidence: 0.966
2026-04-22 11:05:34 | [92mINFO[0m | pipeline.inference.realtime_engine | State: STRESSED   | Confidence: 0.721
2026-04-22 11:05:35 | [92mINFO[0m | pipeline.inference.realtime_engine | State: STRESSED   | Confidence: 0.912
2026-04-22 11:05:35 | [92mINFO[0m | pipeline.inference.realtime_engine | State: STRESSED   | Confidence: 0.753
2026-04-22 11:05:36 | [92mINFO[0m | pipeline.inference.realtime_engine | State: STRESSED   | Confidence: 0.842
2026-04-22 11:05:36 | [92mINFO[0m | pipeline.inference.realtime_engine | State: STRESSED   | Confidence: 0.995
2026-04-22 11:05:37 | [92mINFO[0m | pipeline.inference.realtime_engine | State: STRESSED   | Confidence: 0.996
2026-04-22 11:05:37 | [92mINFO[0m | pipeline.inference.realtime_engine | State: STRESSED   | Confidence: 0.886
2026-04-22 11:05:38 | [92mINFO[0m | pipeline.inference.realtime_engine | State: STRESSED   | Confidence: 1.000
2026-04-22 11:05:38 | [92mINFO[0m | pipeline.inference.realtime_engine | State: STRESSED   | Confidence: 0.995
2026-04-22 11:05:39 | [92mINFO[0m | pipeline.inference.realtime_engine | State: DROWSY     | Confidence: 0.999
2026-04-22 11:05:39 | [92mINFO[0m | pipeline.inference.realtime_engine | State: DROWSY     | Confidence: 0.430
2026-04-22 11:05:40 | [92mINFO[0m | pipeline.inference.realtime_engine | State: DROWSY     | Confidence: 0.478
2026-04-22 11:05:40 | [92mINFO[0m | pipeline.inference.realtime_engine | State: FOCUSED    | Confidence: 0.503
2026-04-22 11:05:41 | [92mINFO[0m | pipeline.inference.realtime_engine | State: FOCUSED    | Confidence: 0.962
2026-04-22 11:05:41 | [92mINFO[0m | pipeline.inference.realtime_engine | State: FOCUSED    | Confidence: 0.972
2026-04-22 11:05:42 | [92mINFO[0m | pipeline.inference.realtime_engine | State: DROWSY     | Confidence: 0.996
2026-04-22 11:05:42 | [92mINFO[0m | pipeline.inference.realtime_engine | State: DROWSY     | Confidence: 0.808
2026-04-22 11:05:43 | [92mINFO[0m | pipeline.inference.realtime_engine | State: DROWSY     | Confidence: 0.595
2026-04-22 11:05:43 | [92mINFO[0m | pipeline.inference.realtime_engine | State: DROWSY     | Confidence: 0.712
2026-04-22 11:05:44 | [92mINFO[0m | pipeline.inference.realtime_engine | State: FOCUSED    | Confidence: 0.581
2026-04-22 11:05:44 | [92mINFO[0m | pipeline.inference.realtime_engine | State: FOCUSED    | Confidence: 0.394
2026-04-22 11:05:45 | [92mINFO[0m | pipeline.inference.realtime_engine | State: FOCUSED    | Confidence: 0.433
2026-04-22 11:05:45 | [92mINFO[0m | pipeline.inference.realtime_engine | State: FOCUSED    | Confidence: 0.581
2026-04-22 11:05:46 | [92mINFO[0m | pipeline.inference.realtime_engine | State: FOCUSED    | Confidence: 0.531
2026-04-22 11:05:46 | [92mINFO[0m | pipeline.inference.realtime_engine | State: FOCUSED    | Confidence: 0.666
2026-04-22 11:05:47 | [92mINFO[0m | pipeline.inference.realtime_engine | State: FOCUSED    | Confidence: 0.709
2026-04-22 11:05:47 | [92mINFO[0m | pipeline.inference.realtime_engine | State: FOCUSED    | Confidence: 0.659
2026-04-22 11:05:48 | [92mINFO[0m | pipeline.inference.realtime_engine | State: FOCUSED    | Confidence: 0.829
2026-04-22 11:05:48 | [92mINFO[0m | pipeline.inference.realtime_engine | State: FOCUSED    | Confidence: 0.417
2026-04-22 11:05:49 | [92mINFO[0m | pipeline.inference.realtime_engine | State: FOCUSED    | Confidence: 0.743
2026-04-22 11:05:49 | [92mINFO[0m | pipeline.inference.realtime_engine | State: DROWSY     | Confidence: 0.442
2026-04-22 11:05:50 | [92mINFO[0m | pipeline.inference.realtime_engine | State: DROWSY     | Confidence: 0.863
2026-04-22 11:05:50 | [92mINFO[0m | pipeline.inference.realtime_engine | State: DROWSY     | Confidence: 0.617
2026-04-22 11:05:51 | [92mINFO[0m | pipeline.inference.realtime_engine | State: DROWSY     | Confidence: 0.383
2026-04-22 11:05:51 | [92mINFO[0m | pipeline.inference.realtime_engine | State: FOCUSED    | Confidence: 0.790
2026-04-22 11:05:52 | [92mINFO[0m | pipeline.inference.realtime_engine | State: FOCUSED    | Confidence: 0.634
2026-04-22 11:05:52 | [92mINFO[0m | pipeline.inference.realtime_engine | State: FOCUSED    | Confidence: 0.619
2026-04-22 11:05:53 | [92mINFO[0m | pipeline.inference.realtime_engine | State: FOCUSED    | Confidence: 1.000
2026-04-22 11:05:53 | [92mINFO[0m | pipeline.inference.realtime_engine | State: DROWSY     | Confidence: 1.000
2026-04-22 11:05:54 | [92mINFO[0m | pipeline.inference.realtime_engine | State: DROWSY     | Confidence: 0.737
2026-04-22 11:05:54 | [92mINFO[0m | pipeline.inference.realtime_engine | State: DROWSY     | Confidence: 0.999
2026-04-22 11:05:55 | [92mINFO[0m | pipeline.inference.realtime_engine | State: DROWSY     | Confidence: 0.935
2026-04-22 11:05:55 | [92mINFO[0m | pipeline.inference.realtime_engine | State: DROWSY     | Confidence: 0.848
2026-04-22 11:05:56 | [92mINFO[0m | pipeline.inference.realtime_engine | State: FOCUSED    | Confidence: 0.720
2026-04-22 11:05:56 | [92mINFO[0m | pipeline.inference.realtime_engine | State: FOCUSED    | Confidence: 0.734
2026-04-22 11:05:57 | [92mINFO[0m | pipeline.inference.realtime_engine | State: FOCUSED    | Confidence: 0.714
2026-04-22 11:05:57 | [92mINFO[0m | pipeline.inference.realtime_engine | State: FOCUSED    | Confidence: 0.580
2026-04-22 11:05:58 | [92mINFO[0m | pipeline.inference.realtime_engine | State: FOCUSED    | Confidence: 0.854
2026-04-22 11:05:58 | [92mINFO[0m | pipeline.inference.realtime_engine | State: FOCUSED    | Confidence: 0.732
2026-04-22 11:05:59 | [92mINFO[0m | pipeline.inference.realtime_engine | State: FOCUSED    | Confidence: 1.000
2026-04-22 11:05:59 | [92mINFO[0m | pipeline.inference.realtime_engine | State: FOCUSED    | Confidence: 0.670
2026-04-22 11:06:00 | [92mINFO[0m | pipeline.inference.realtime_engine | State: FOCUSED    | Confidence: 0.471
2026-04-22 11:06:00 | [92mINFO[0m | pipeline.inference.realtime_engine | State: FOCUSED    | Confidence: 0.726
2026-04-22 11:06:01 | [92mINFO[0m | pipeline.inference.realtime_engine | State: FOCUSED    | Confidence: 0.766
2026-04-22 11:06:01 | [92mINFO[0m | pipeline.inference.realtime_engine | State: FOCUSED    | Confidence: 0.455
2026-04-22 11:06:02 | [92mINFO[0m | pipeline.inference.realtime_engine | State: FOCUSED    | Confidence: 0.530
2026-04-22 11:06:02 | [92mINFO[0m | pipeline.inference.realtime_engine | State: FOCUSED    | Confidence: 0.991
2026-04-22 11:06:03 | [92mINFO[0m | pipeline.inference.realtime_engine | State: FOCUSED    | Confidence: 0.660
2026-04-22 11:06:03 | [92mINFO[0m | pipeline.inference.realtime_engine | State: FOCUSED    | Confidence: 0.549
2026-04-22 11:06:04 | [92mINFO[0m | pipeline.inference.realtime_engine | State: FOCUSED    | Confidence: 0.651
2026-04-22 11:06:04 | [92mINFO[0m | pipeline.inference.realtime_engine | State: FOCUSED    | Confidence: 0.792
2026-04-22 11:06:05 | [92mINFO[0m | pipeline.inference.realtime_engine | State: FOCUSED    | Confidence: 0.603
2026-04-22 11:06:05 | [92mINFO[0m | pipeline.inference.realtime_engine | State: FOCUSED    | Confidence: 0.624
2026-04-22 11:06:06 | [92mINFO[0m | pipeline.inference.realtime_engine | State: FOCUSED    | Confidence: 0.666
2026-04-22 11:06:06 | [92mINFO[0m | pipeline.inference.realtime_engine | State: DROWSY     | Confidence: 0.500
2026-04-22 11:06:07 | [92mINFO[0m | pipeline.inference.realtime_engine | State: FOCUSED    | Confidence: 0.543
2026-04-22 11:06:07 | [92mINFO[0m | pipeline.inference.realtime_engine | State: FOCUSED    | Confidence: 0.677
2026-04-22 11:06:08 | [92mINFO[0m | pipeline.inference.realtime_engine | State: FOCUSED    | Confidence: 0.938
2026-04-22 11:06:08 | [92mINFO[0m | pipeline.inference.realtime_engine | State: FOCUSED    | Confidence: 0.887
2026-04-22 11:06:09 | [92mINFO[0m | pipeline.inference.realtime_engine | State: FOCUSED    | Confidence: 0.764
2026-04-22 11:06:09 | [92mINFO[0m | pipeline.inference.realtime_engine | State: STRESSED   | Confidence: 0.947
2026-04-22 11:06:10 | [92mINFO[0m | pipeline.inference.realtime_engine | State: STRESSED   | Confidence: 0.857
2026-04-22 11:06:10 | [92mINFO[0m | pipeline.inference.realtime_engine | State: STRESSED   | Confidence: 0.682
2026-04-22 11:06:11 | [92mINFO[0m | pipeline.inference.realtime_engine | State: DROWSY     | Confidence: 0.842
2026-04-22 11:06:11 | [92mINFO[0m | pipeline.inference.realtime_engine | State: DROWSY     | Confidence: 1.000
2026-04-22 11:06:12 | [92mINFO[0m | pipeline.inference.realtime_engine | State: DROWSY     | Confidence: 0.993
2026-04-22 11:06:12 | [92mINFO[0m | pipeline.inference.realtime_engine | State: DROWSY     | Confidence: 0.852
2026-04-22 11:06:13 | [92mINFO[0m | pipeline.inference.realtime_engine | State: DROWSY     | Confidence: 0.801
2026-04-22 11:06:13 | [92mINFO[0m | pipeline.inference.realtime_engine | State: DROWSY     | Confidence: 0.801
2026-04-22 11:06:14 | [92mINFO[0m | pipeline.inference.realtime_engine | State: DROWSY     | Confidence: 0.703
2026-04-22 11:06:14 | [92mINFO[0m | pipeline.inference.realtime_engine | State: FOCUSED    | Confidence: 0.730
2026-04-22 11:06:15 | [92mINFO[0m | pipeline.inference.realtime_engine | State: FOCUSED    | Confidence: 0.543
2026-04-22 11:06:15 | [92mINFO[0m | pipeline.inference.realtime_engine | State: FOCUSED    | Confidence: 0.739
2026-04-22 11:06:16 | [92mINFO[0m | pipeline.inference.realtime_engine | State: FOCUSED    | Confidence: 0.748
2026-04-22 11:06:16 | [92mINFO[0m | pipeline.inference.realtime_engine | State: FOCUSED    | Confidence: 0.744
2026-04-22 11:06:17 | [92mINFO[0m | pipeline.inference.realtime_engine | State: FOCUSED    | Confidence: 0.718
2026-04-22 11:06:17 | [92mINFO[0m | pipeline.inference.realtime_engine | State: FOCUSED    | Confidence: 0.699
2026-04-22 11:06:18 | [92mINFO[0m | pipeline.inference.realtime_engine | State: FOCUSED    | Confidence: 0.788
2026-04-22 11:06:18 | [92mINFO[0m | pipeline.inference.realtime_engine | State: FOCUSED    | Confidence: 0.619
2026-04-22 11:06:19 | [92mINFO[0m | pipeline.inference.realtime_engine | State: FOCUSED    | Confidence: 0.484
2026-04-22 11:06:19 | [92mINFO[0m | pipeline.inference.realtime_engine | State: FOCUSED    | Confidence: 0.774
2026-04-22 11:06:20 | [92mINFO[0m | pipeline.inference.realtime_engine | State: STRESSED   | Confidence: 0.716
2026-04-22 11:06:20 | [92mINFO[0m | pipeline.inference.realtime_engine | State: STRESSED   | Confidence: 0.497
2026-04-22 11:06:21 | [92mINFO[0m | pipeline.inference.realtime_engine | State: STRESSED   | Confidence: 0.963
2026-04-22 11:06:21 | [92mINFO[0m | pipeline.inference.realtime_engine | State: STRESSED   | Confidence: 0.681
2026-04-22 11:06:22 | [92mINFO[0m | pipeline.inference.realtime_engine | State: DROWSY     | Confidence: 0.741
2026-04-22 11:06:22 | [92mINFO[0m | pipeline.inference.realtime_engine | State: FOCUSED    | Confidence: 0.720
2026-04-22 11:06:23 | [92mINFO[0m | pipeline.inference.realtime_engine | State: FOCUSED    | Confidence: 0.708
2026-04-22 11:06:23 | [92mINFO[0m | pipeline.inference.realtime_engine | State: FOCUSED    | Confidence: 0.553
2026-04-22 11:06:24 | [92mINFO[0m | pipeline.inference.realtime_engine | State: FOCUSED    | Confidence: 0.542
2026-04-22 11:06:24 | [92mINFO[0m | pipeline.inference.realtime_engine | State: FOCUSED    | Confidence: 0.548
2026-04-22 11:06:25 | [92mINFO[0m | pipeline.inference.realtime_engine | State: FOCUSED    | Confidence: 0.713
2026-04-22 11:06:25 | [92mINFO[0m | pipeline.inference.realtime_engine | State: FOCUSED    | Confidence: 0.485
2026-04-22 11:06:26 | [92mINFO[0m | pipeline.inference.realtime_engine | State: FOCUSED    | Confidence: 0.720
2026-04-22 11:06:26 | [92mINFO[0m | pipeline.inference.realtime_engine | State: FOCUSED    | Confidence: 0.740
2026-04-22 11:06:27 | [92mINFO[0m | pipeline.inference.realtime_engine | State: DROWSY     | Confidence: 0.370
2026-04-22 11:06:27 | [92mINFO[0m | pipeline.inference.realtime_engine | State: FOCUSED    | Confidence: 0.501
2026-04-22 11:06:28 | [92mINFO[0m | pipeline.inference.realtime_engine | State: FOCUSED    | Confidence: 0.468
2026-04-22 11:06:28 | [92mINFO[0m | pipeline.inference.realtime_engine | State: FOCUSED    | Confidence: 0.537
2026-04-22 11:06:29 | [92mINFO[0m | pipeline.inference.realtime_engine | State: FOCUSED    | Confidence: 0.544
2026-04-22 11:06:29 | [92mINFO[0m | pipeline.inference.realtime_engine | State: FOCUSED    | Confidence: 0.651
2026-04-22 11:06:30 | [92mINFO[0m | pipeline.inference.realtime_engine | State: FOCUSED    | Confidence: 0.887
2026-04-22 11:06:30 | [92mINFO[0m | pipeline.inference.realtime_engine | State: FOCUSED    | Confidence: 0.952
2026-04-22 11:06:31 | [92mINFO[0m | pipeline.inference.realtime_engine | State: FOCUSED    | Confidence: 0.676
2026-04-22 11:06:31 | [92mINFO[0m | pipeline.inference.realtime_engine | State: FOCUSED    | Confidence: 0.568
2026-04-22 11:06:32 | [92mINFO[0m | pipeline.inference.realtime_engine | State: DROWSY     | Confidence: 0.632
2026-04-22 11:06:32 | [92mINFO[0m | pipeline.inference.realtime_engine | State: STRESSED   | Confidence: 0.910
2026-04-22 11:06:33 | [92mINFO[0m | pipeline.inference.realtime_engine | State: STRESSED   | Confidence: 0.669
2026-04-22 11:06:33 | [92mINFO[0m | pipeline.inference.realtime_engine | State: STRESSED   | Confidence: 0.790
2026-04-22 11:06:34 | [92mINFO[0m | pipeline.inference.realtime_engine | State: STRESSED   | Confidence: 0.999
2026-04-22 11:06:34 | [92mINFO[0m | pipeline.inference.realtime_engine | State: STRESSED   | Confidence: 0.820
2026-04-22 11:06:35 | [92mINFO[0m | pipeline.inference.realtime_engine | State: STRESSED   | Confidence: 0.485
2026-04-22 11:06:35 | [92mINFO[0m | pipeline.inference.realtime_engine | State: STRESSED   | Confidence: 0.519
2026-04-22 11:06:36 | [92mINFO[0m | pipeline.inference.realtime_engine | State: STRESSED   | Confidence: 0.968
2026-04-22 11:06:36 | [92mINFO[0m | pipeline.inference.realtime_engine | State: STRESSED   | Confidence: 0.832
2026-04-22 11:06:37 | [92mINFO[0m | pipeline.inference.realtime_engine | State: STRESSED   | Confidence: 0.823
2026-04-22 11:06:37 | [92mINFO[0m | pipeline.inference.realtime_engine | State: STRESSED   | Confidence: 0.672
2026-04-22 11:06:38 | [92mINFO[0m | pipeline.inference.realtime_engine | State: STRESSED   | Confidence: 0.554
2026-04-22 11:06:38 | [92mINFO[0m | pipeline.inference.realtime_engine | State: STRESSED   | Confidence: 0.463
2026-04-22 11:06:39 | [92mINFO[0m | pipeline.inference.realtime_engine | State: STRESSED   | Confidence: 0.955
2026-04-22 11:06:39 | [92mINFO[0m | pipeline.inference.realtime_engine | State: STRESSED   | Confidence: 0.871
2026-04-22 11:06:40 | [92mINFO[0m | pipeline.inference.realtime_engine | State: STRESSED   | Confidence: 0.788
2026-04-22 11:06:40 | [92mINFO[0m | pipeline.inference.realtime_engine | State: STRESSED   | Confidence: 0.925
2026-04-22 11:06:41 | [92mINFO[0m | pipeline.inference.realtime_engine | State: STRESSED   | Confidence: 1.000
2026-04-22 11:06:41 | [92mINFO[0m | pipeline.inference.realtime_engine | State: STRESSED   | Confidence: 0.626
2026-04-22 11:06:42 | [92mINFO[0m | pipeline.inference.realtime_engine | State: STRESSED   | Confidence: 0.831
2026-04-22 11:06:42 | [92mINFO[0m | pipeline.inference.realtime_engine | State: STRESSED   | Confidence: 0.544
2026-04-22 11:06:43 | [92mINFO[0m | pipeline.inference.realtime_engine | State: STRESSED   | Confidence: 0.841
2026-04-22 11:06:43 | [92mINFO[0m | pipeline.inference.realtime_engine | State: STRESSED   | Confidence: 0.998
2026-04-22 11:06:44 | [92mINFO[0m | pipeline.inference.realtime_engine | State: STRESSED   | Confidence: 0.984
2026-04-22 11:06:44 | [92mINFO[0m | pipeline.inference.realtime_engine | State: STRESSED   | Confidence: 0.996
2026-04-22 11:06:45 | [92mINFO[0m | pipeline.inference.realtime_engine | State: STRESSED   | Confidence: 0.976
2026-04-22 11:06:45 | [92mINFO[0m | pipeline.inference.realtime_engine | State: STRESSED   | Confidence: 0.988
2026-04-22 11:06:46 | [92mINFO[0m | pipeline.inference.realtime_engine | State: STRESSED   | Confidence: 0.503
2026-04-22 11:06:46 | [92mINFO[0m | pipeline.inference.realtime_engine | State: STRESSED   | Confidence: 0.872
2026-04-22 11:06:47 | [92mINFO[0m | pipeline.inference.realtime_engine | State: STRESSED   | Confidence: 0.969
2026-04-22 11:06:47 | [92mINFO[0m | pipeline.inference.realtime_engine | State: STRESSED   | Confidence: 0.630
2026-04-22 11:06:48 | [92mINFO[0m | pipeline.inference.realtime_engine | State: STRESSED   | Confidence: 1.000
2026-04-22 11:06:48 | [92mINFO[0m | pipeline.inference.realtime_engine | State: STRESSED   | Confidence: 0.678
2026-04-22 11:06:49 | [92mINFO[0m | pipeline.inference.realtime_engine | State: STRESSED   | Confidence: 0.947
2026-04-22 11:06:49 | [92mINFO[0m | pipeline.inference.realtime_engine | State: DROWSY     | Confidence: 0.990
2026-04-22 11:06:50 | [92mINFO[0m | pipeline.inference.realtime_engine | State: DROWSY     | Confidence: 0.993
2026-04-22 11:06:50 | [92mINFO[0m | pipeline.inference.realtime_engine | State: DROWSY     | Confidence: 0.587
2026-04-22 11:06:51 | [92mINFO[0m | pipeline.inference.realtime_engine | State: DROWSY     | Confidence: 0.546
2026-04-22 11:06:51 | [92mINFO[0m | pipeline.inference.realtime_engine | State: FOCUSED    | Confidence: 0.539
2026-04-22 11:06:52 | [92mINFO[0m | pipeline.inference.realtime_engine | State: FOCUSED    | Confidence: 0.533
2026-04-22 11:06:52 | [92mINFO[0m | pipeline.inference.realtime_engine | State: FOCUSED    | Confidence: 0.806
2026-04-22 11:06:53 | [92mINFO[0m | pipeline.inference.realtime_engine | State: FOCUSED    | Confidence: 0.733
2026-04-22 11:06:53 | [92mINFO[0m | pipeline.inference.realtime_engine | State: FOCUSED    | Confidence: 0.902
2026-04-22 11:06:54 | [92mINFO[0m | pipeline.inference.realtime_engine | State: DROWSY     | Confidence: 0.962
2026-04-22 11:06:54 | [92mINFO[0m | pipeline.inference.realtime_engine | State: STRESSED   | Confidence: 0.588
2026-04-22 11:06:55 | [92mINFO[0m | pipeline.inference.realtime_engine | State: STRESSED   | Confidence: 0.985
2026-04-22 11:06:55 | [92mINFO[0m | pipeline.inference.realtime_engine | State: STRESSED   | Confidence: 0.992
2026-04-22 11:06:56 | [92mINFO[0m | pipeline.inference.realtime_engine | State: STRESSED   | Confidence: 0.831
2026-04-22 11:06:56 | [92mINFO[0m | pipeline.inference.realtime_engine | State: STRESSED   | Confidence: 0.587
2026-04-22 11:06:57 | [92mINFO[0m | pipeline.inference.realtime_engine | State: STRESSED   | Confidence: 0.965
2026-04-22 11:06:57 | [92mINFO[0m | pipeline.inference.realtime_engine | State: STRESSED   | Confidence: 0.993
2026-04-22 11:06:58 | [92mINFO[0m | pipeline.inference.realtime_engine | State: STRESSED   | Confidence: 1.000
2026-04-22 11:06:58 | [92mINFO[0m | pipeline.inference.realtime_engine | State: STRESSED   | Confidence: 1.000
2026-04-22 11:06:59 | [92mINFO[0m | pipeline.inference.realtime_engine | State: STRESSED   | Confidence: 1.000
2026-04-22 11:06:59 | [92mINFO[0m | pipeline.inference.realtime_engine | State: STRESSED   | Confidence: 0.999
2026-04-22 11:07:00 | [92mINFO[0m | pipeline.inference.realtime_engine | State: STRESSED   | Confidence: 0.996
2026-04-22 11:07:00 | [92mINFO[0m | pipeline.inference.realtime_engine | State: STRESSED   | Confidence: 0.984
2026-04-22 11:07:01 | [92mINFO[0m | pipeline.inference.realtime_engine | State: STRESSED   | Confidence: 0.732
2026-04-22 11:07:01 | [92mINFO[0m | pipeline.inference.realtime_engine | State: STRESSED   | Confidence: 1.000
2026-04-22 11:07:02 | [92mINFO[0m | pipeline.inference.realtime_engine | State: STRESSED   | Confidence: 0.994
2026-04-22 11:07:02 | [92mINFO[0m | pipeline.inference.realtime_engine | State: STRESSED   | Confidence: 1.000
2026-04-22 11:07:03 | [92mINFO[0m | pipeline.inference.realtime_engine | State: STRESSED   | Confidence: 0.914
2026-04-22 11:07:03 | [92mINFO[0m | pipeline.inference.realtime_engine | State: STRESSED   | Confidence: 0.989
2026-04-22 11:07:04 | [92mINFO[0m | pipeline.inference.realtime_engine | State: STRESSED   | Confidence: 0.605
2026-04-22 11:07:04 | [92mINFO[0m | pipeline.inference.realtime_engine | State: STRESSED   | Confidence: 0.625
2026-04-22 11:07:05 | [92mINFO[0m | pipeline.inference.realtime_engine | State: DROWSY     | Confidence: 0.492
2026-04-22 11:07:05 | [92mINFO[0m | pipeline.inference.realtime_engine | State: DROWSY     | Confidence: 0.824
2026-04-22 11:07:06 | [92mINFO[0m | pipeline.inference.realtime_engine | State: DROWSY     | Confidence: 0.857
2026-04-22 11:07:06 | [92mINFO[0m | pipeline.inference.realtime_engine | State: DROWSY     | Confidence: 0.503
2026-04-22 11:07:07 | [92mINFO[0m | pipeline.inference.realtime_engine | State: DROWSY     | Confidence: 0.415
2026-04-22 11:07:07 | [92mINFO[0m | pipeline.inference.realtime_engine | State: DROWSY     | Confidence: 0.841
2026-04-22 11:07:08 | [92mINFO[0m | pipeline.inference.realtime_engine | State: DROWSY     | Confidence: 0.640
2026-04-22 11:07:08 | [92mINFO[0m | pipeline.inference.realtime_engine | State: DROWSY     | Confidence: 0.472
2026-04-22 11:07:09 | [92mINFO[0m | pipeline.inference.realtime_engine | State: FOCUSED    | Confidence: 0.507
2026-04-22 11:07:09 | [92mINFO[0m | pipeline.inference.realtime_engine | State: DROWSY     | Confidence: 0.554
2026-04-22 11:07:10 | [92mINFO[0m | pipeline.inference.realtime_engine | State: FOCUSED    | Confidence: 0.560
2026-04-22 11:07:10 | [92mINFO[0m | pipeline.inference.realtime_engine | State: FOCUSED    | Confidence: 0.721
2026-04-22 11:07:11 | [92mINFO[0m | pipeline.inference.realtime_engine | State: FOCUSED    | Confidence: 0.699
2026-04-22 11:07:11 | [92mINFO[0m | pipeline.inference.realtime_engine | State: FOCUSED    | Confidence: 0.720
2026-04-22 11:07:12 | [92mINFO[0m | pipeline.inference.realtime_engine | State: FOCUSED    | Confidence: 0.625
2026-04-22 11:07:12 | [92mINFO[0m | pipeline.inference.realtime_engine | State: FOCUSED    | Confidence: 0.640
2026-04-22 11:07:13 | [92mINFO[0m | pipeline.inference.realtime_engine | State: FOCUSED    | Confidence: 0.928
2026-04-22 11:07:13 | [92mINFO[0m | pipeline.inference.realtime_engine | State: FOCUSED    | Confidence: 0.889
2026-04-22 11:07:14 | [92mINFO[0m | pipeline.inference.realtime_engine | State: DROWSY     | Confidence: 0.854
2026-04-22 11:07:14 | [92mINFO[0m | pipeline.inference.realtime_engine | State: DROWSY     | Confidence: 0.823
2026-04-22 11:07:15 | [92mINFO[0m | pipeline.inference.realtime_engine | State: DROWSY     | Confidence: 0.435
2026-04-22 11:07:15 | [92mINFO[0m | pipeline.inference.realtime_engine | State: FOCUSED    | Confidence: 0.516
2026-04-22 11:07:16 | [92mINFO[0m | pipeline.inference.realtime_engine | State: FOCUSED    | Confidence: 0.695
2026-04-22 11:07:16 | [92mINFO[0m | pipeline.inference.realtime_engine | State: FOCUSED    | Confidence: 0.877
2026-04-22 11:07:17 | [92mINFO[0m | pipeline.inference.realtime_engine | State: DROWSY     | Confidence: 0.449
2026-04-22 11:07:17 | [92mINFO[0m | pipeline.inference.realtime_engine | State: DROWSY     | Confidence: 0.870
2026-04-22 11:07:18 | [92mINFO[0m | pipeline.inference.realtime_engine | State: DROWSY     | Confidence: 0.973
2026-04-22 11:07:18 | [92mINFO[0m | pipeline.inference.realtime_engine | State: STRESSED   | Confidence: 0.963
2026-04-22 11:07:19 | [92mINFO[0m | pipeline.inference.realtime_engine | State: STRESSED   | Confidence: 0.997
2026-04-22 11:07:19 | [92mINFO[0m | pipeline.inference.realtime_engine | State: STRESSED   | Confidence: 1.000
2026-04-22 11:07:20 | [92mINFO[0m | pipeline.inference.realtime_engine | State: STRESSED   | Confidence: 1.000
2026-04-22 11:12:15 | [92mINFO[0m | __main__ |  Configuration loaded
2026-04-22 11:12:17 | [92mINFO[0m | pipeline.training.tune | Loaded data: (7191, 1, 1000)
2026-04-22 11:21:02 | [92mINFO[0m | pipeline.training.tune | 
[OK] Best accuracy: 0.6634
2026-04-22 11:21:02 | [92mINFO[0m | pipeline.training.tune | [OK] Best params: {'F1': 32, 'D': 6, 'dropout': 0.3256097604886485, 'lr': 0.0002456430578441519, 'batch_size': 32}
2026-04-22 11:21:02 | [92mINFO[0m | pipeline.training.tune | 
Retraining with best parameters...
2026-04-22 11:21:04 | [92mINFO[0m | pipeline.training.tune | Epoch 1: train_acc=0.4726 val_acc=0.5431
2026-04-22 11:21:05 | [92mINFO[0m | pipeline.training.tune | Epoch 2: train_acc=0.5456 val_acc=0.5737
2026-04-22 11:21:06 | [92mINFO[0m | pipeline.training.tune | Epoch 3: train_acc=0.5849 val_acc=0.5911
2026-04-22 11:21:08 | [92mINFO[0m | pipeline.training.tune | Epoch 4: train_acc=0.6159 val_acc=0.6078
2026-04-22 11:21:10 | [92mINFO[0m | pipeline.training.tune | Epoch 5: train_acc=0.6388 val_acc=0.6287
2026-04-22 11:21:11 | [92mINFO[0m | pipeline.training.tune | Epoch 6: train_acc=0.6433 val_acc=0.6349
2026-04-22 11:21:13 | [92mINFO[0m | pipeline.training.tune | Epoch 7: train_acc=0.6670 val_acc=0.6551
2026-04-22 11:21:14 | [92mINFO[0m | pipeline.training.tune | Epoch 8: train_acc=0.6770 val_acc=0.6481
2026-04-22 11:21:16 | [92mINFO[0m | pipeline.training.tune | Epoch 9: train_acc=0.6817 val_acc=0.6565
2026-04-22 11:21:17 | [92mINFO[0m | pipeline.training.tune | Epoch 10: train_acc=0.6920 val_acc=0.6544
2026-04-22 11:21:19 | [92mINFO[0m | pipeline.training.tune | Epoch 11: train_acc=0.7028 val_acc=0.6683
2026-04-22 11:21:21 | [92mINFO[0m | pipeline.training.tune | Epoch 12: train_acc=0.7161 val_acc=0.6655
2026-04-22 11:21:22 | [92mINFO[0m | pipeline.training.tune | Epoch 13: train_acc=0.7222 val_acc=0.6613
2026-04-22 11:21:24 | [92mINFO[0m | pipeline.training.tune | Epoch 14: train_acc=0.7195 val_acc=0.6586
2026-04-22 11:21:25 | [92mINFO[0m | pipeline.training.tune | Epoch 15: train_acc=0.7321 val_acc=0.6697
2026-04-22 11:21:27 | [92mINFO[0m | pipeline.training.tune | Epoch 16: train_acc=0.7342 val_acc=0.6558
2026-04-22 11:21:28 | [92mINFO[0m | pipeline.training.tune | Epoch 17: train_acc=0.7417 val_acc=0.6648
2026-04-22 11:21:29 | [92mINFO[0m | pipeline.training.tune | Epoch 18: train_acc=0.7511 val_acc=0.6725
2026-04-22 11:21:31 | [92mINFO[0m | pipeline.training.tune | Epoch 19: train_acc=0.7521 val_acc=0.6662
2026-04-22 11:21:32 | [92mINFO[0m | pipeline.training.tune | Epoch 20: train_acc=0.7608 val_acc=0.6711
2026-04-22 11:21:33 | [92mINFO[0m | pipeline.training.tune | Epoch 21: train_acc=0.7674 val_acc=0.6676
2026-04-22 11:21:34 | [92mINFO[0m | pipeline.training.tune | Epoch 22: train_acc=0.7700 val_acc=0.6662
2026-04-22 11:21:35 | [92mINFO[0m | pipeline.training.tune | Epoch 23: train_acc=0.7673 val_acc=0.6669
2026-04-22 11:21:37 | [92mINFO[0m | pipeline.training.tune | Epoch 24: train_acc=0.7777 val_acc=0.6655
2026-04-22 11:21:38 | [92mINFO[0m | pipeline.training.tune | Epoch 25: train_acc=0.7758 val_acc=0.6704
2026-04-22 11:21:39 | [92mINFO[0m | pipeline.training.tune | Epoch 26: train_acc=0.7838 val_acc=0.6641
2026-04-22 11:21:40 | [92mINFO[0m | pipeline.training.tune | Epoch 27: train_acc=0.7893 val_acc=0.6669
2026-04-22 11:21:42 | [92mINFO[0m | pipeline.training.tune | Epoch 28: train_acc=0.7966 val_acc=0.6599
2026-04-22 11:21:43 | [92mINFO[0m | pipeline.training.tune | Epoch 29: train_acc=0.7977 val_acc=0.6579
2026-04-22 11:21:44 | [92mINFO[0m | pipeline.training.tune | Epoch 30: train_acc=0.8022 val_acc=0.6676
2026-04-22 11:21:46 | [92mINFO[0m | pipeline.training.tune | Epoch 31: train_acc=0.8079 val_acc=0.6613
2026-04-22 11:21:47 | [92mINFO[0m | pipeline.training.tune | Epoch 32: train_acc=0.8032 val_acc=0.6690
2026-04-22 11:21:48 | [92mINFO[0m | pipeline.training.tune | Epoch 33: train_acc=0.8114 val_acc=0.6690
2026-04-22 11:21:49 | [92mINFO[0m | pipeline.training.tune | Epoch 34: train_acc=0.8192 val_acc=0.6697
2026-04-22 11:21:50 | [92mINFO[0m | pipeline.training.tune | Epoch 35: train_acc=0.8124 val_acc=0.6662
2026-04-22 11:21:51 | [92mINFO[0m | pipeline.training.tune | Epoch 36: train_acc=0.8297 val_acc=0.6780
2026-04-22 11:21:52 | [92mINFO[0m | pipeline.training.tune | Epoch 37: train_acc=0.8178 val_acc=0.6766
2026-04-22 11:21:53 | [92mINFO[0m | pipeline.training.tune | Epoch 38: train_acc=0.8290 val_acc=0.6627
2026-04-22 11:21:54 | [92mINFO[0m | pipeline.training.tune | Epoch 39: train_acc=0.8314 val_acc=0.6606
2026-04-22 11:21:55 | [92mINFO[0m | pipeline.training.tune | Epoch 40: train_acc=0.8286 val_acc=0.6690
2026-04-22 11:21:56 | [92mINFO[0m | pipeline.training.tune | Epoch 41: train_acc=0.8337 val_acc=0.6780
2026-04-22 11:21:57 | [92mINFO[0m | pipeline.training.tune | Epoch 42: train_acc=0.8415 val_acc=0.6794
2026-04-22 11:21:58 | [92mINFO[0m | pipeline.training.tune | Epoch 43: train_acc=0.8387 val_acc=0.6808
2026-04-22 11:21:59 | [92mINFO[0m | pipeline.training.tune | Epoch 44: train_acc=0.8446 val_acc=0.6780
2026-04-22 11:22:00 | [92mINFO[0m | pipeline.training.tune | Epoch 45: train_acc=0.8479 val_acc=0.6711
2026-04-22 11:22:02 | [92mINFO[0m | pipeline.training.tune | Epoch 46: train_acc=0.8422 val_acc=0.6794
2026-04-22 11:22:03 | [92mINFO[0m | pipeline.training.tune | Epoch 47: train_acc=0.8430 val_acc=0.6815
2026-04-22 11:22:04 | [92mINFO[0m | pipeline.training.tune | Epoch 48: train_acc=0.8556 val_acc=0.6662
2026-04-22 11:22:05 | [92mINFO[0m | pipeline.training.tune | Epoch 49: train_acc=0.8632 val_acc=0.6718
2026-04-22 11:22:06 | [92mINFO[0m | pipeline.training.tune | Epoch 50: train_acc=0.8569 val_acc=0.6752
2026-04-22 11:22:07 | [92mINFO[0m | pipeline.training.tune | Epoch 51: train_acc=0.8562 val_acc=0.6787
2026-04-22 11:22:08 | [92mINFO[0m | pipeline.training.tune | Epoch 52: train_acc=0.8554 val_acc=0.6711
2026-04-22 11:22:09 | [92mINFO[0m | pipeline.training.tune | Epoch 53: train_acc=0.8655 val_acc=0.6718
2026-04-22 11:22:10 | [92mINFO[0m | pipeline.training.tune | Epoch 54: train_acc=0.8710 val_acc=0.6787
2026-04-22 11:22:11 | [92mINFO[0m | pipeline.training.tune | Epoch 55: train_acc=0.8641 val_acc=0.6697
2026-04-22 11:22:12 | [92mINFO[0m | pipeline.training.tune | Epoch 56: train_acc=0.8653 val_acc=0.6773
2026-04-22 11:22:13 | [92mINFO[0m | pipeline.training.tune | Epoch 57: train_acc=0.8693 val_acc=0.6579
2026-04-22 11:22:14 | [92mINFO[0m | pipeline.training.tune | Epoch 58: train_acc=0.8684 val_acc=0.6676
2026-04-22 11:22:15 | [92mINFO[0m | pipeline.training.tune | Epoch 59: train_acc=0.8752 val_acc=0.6759
2026-04-22 11:22:16 | [92mINFO[0m | pipeline.training.tune | Epoch 60: train_acc=0.8675 val_acc=0.6801
2026-04-22 11:22:17 | [92mINFO[0m | pipeline.training.tune | Epoch 61: train_acc=0.8738 val_acc=0.6690
2026-04-22 11:22:19 | [92mINFO[0m | pipeline.training.tune | Epoch 62: train_acc=0.8655 val_acc=0.6794
2026-04-22 11:22:20 | [92mINFO[0m | pipeline.training.tune | Epoch 63: train_acc=0.8755 val_acc=0.6780
2026-04-22 11:22:21 | [92mINFO[0m | pipeline.training.tune | Epoch 64: train_acc=0.8787 val_acc=0.6745
2026-04-22 11:22:22 | [92mINFO[0m | pipeline.training.tune | Epoch 65: train_acc=0.8759 val_acc=0.6752
2026-04-22 11:22:23 | [92mINFO[0m | pipeline.training.tune | Epoch 66: train_acc=0.8823 val_acc=0.6704
2026-04-22 11:22:24 | [92mINFO[0m | pipeline.training.tune | Epoch 67: train_acc=0.8825 val_acc=0.6801
2026-04-22 11:22:25 | [92mINFO[0m | pipeline.training.tune | Epoch 68: train_acc=0.8708 val_acc=0.6808
2026-04-22 11:22:26 | [92mINFO[0m | pipeline.training.tune | Epoch 69: train_acc=0.8823 val_acc=0.6690
2026-04-22 11:22:27 | [92mINFO[0m | pipeline.training.tune | Epoch 70: train_acc=0.8823 val_acc=0.6697
2026-04-22 11:22:28 | [92mINFO[0m | pipeline.training.tune | Epoch 71: train_acc=0.8893 val_acc=0.6766
2026-04-22 11:22:29 | [92mINFO[0m | pipeline.training.tune | Epoch 72: train_acc=0.8834 val_acc=0.6655
2026-04-22 11:22:30 | [92mINFO[0m | pipeline.training.tune | Epoch 73: train_acc=0.8908 val_acc=0.6759
2026-04-22 11:22:31 | [92mINFO[0m | pipeline.training.tune | Epoch 74: train_acc=0.8908 val_acc=0.6745
2026-04-22 11:22:32 | [92mINFO[0m | pipeline.training.tune | Epoch 75: train_acc=0.8860 val_acc=0.6766
2026-04-22 11:22:33 | [92mINFO[0m | pipeline.training.tune | Epoch 76: train_acc=0.8841 val_acc=0.6759
2026-04-22 11:22:34 | [92mINFO[0m | pipeline.training.tune | Epoch 77: train_acc=0.8955 val_acc=0.6780
2026-04-22 11:22:35 | [92mINFO[0m | pipeline.training.tune | Epoch 78: train_acc=0.8900 val_acc=0.6766
2026-04-22 11:22:36 | [92mINFO[0m | pipeline.training.tune | Epoch 79: train_acc=0.8907 val_acc=0.6725
2026-04-22 11:22:37 | [92mINFO[0m | pipeline.training.tune | Epoch 80: train_acc=0.8974 val_acc=0.6718
2026-04-22 11:22:38 | [92mINFO[0m | pipeline.training.tune | Epoch 81: train_acc=0.8915 val_acc=0.6759
2026-04-22 11:22:39 | [92mINFO[0m | pipeline.training.tune | Epoch 82: train_acc=0.8921 val_acc=0.6808
2026-04-22 11:22:40 | [92mINFO[0m | pipeline.training.tune | Epoch 83: train_acc=0.8985 val_acc=0.6822
2026-04-22 11:22:41 | [92mINFO[0m | pipeline.training.tune | Epoch 84: train_acc=0.9034 val_acc=0.6732
2026-04-22 11:22:42 | [92mINFO[0m | pipeline.training.tune | Epoch 85: train_acc=0.8948 val_acc=0.6669
2026-04-22 11:22:43 | [92mINFO[0m | pipeline.training.tune | Epoch 86: train_acc=0.8957 val_acc=0.6745
2026-04-22 11:22:44 | [92mINFO[0m | pipeline.training.tune | Epoch 87: train_acc=0.9007 val_acc=0.6655
2026-04-22 11:22:45 | [92mINFO[0m | pipeline.training.tune | Epoch 88: train_acc=0.9021 val_acc=0.6732
2026-04-22 11:22:46 | [92mINFO[0m | pipeline.training.tune | Epoch 89: train_acc=0.9006 val_acc=0.6739
2026-04-22 11:22:47 | [92mINFO[0m | pipeline.training.tune | Epoch 90: train_acc=0.9018 val_acc=0.6683
2026-04-22 11:22:48 | [92mINFO[0m | pipeline.training.tune | Epoch 91: train_acc=0.9087 val_acc=0.6787
2026-04-22 11:22:49 | [92mINFO[0m | pipeline.training.tune | Epoch 92: train_acc=0.9105 val_acc=0.6815
2026-04-22 11:22:50 | [92mINFO[0m | pipeline.training.tune | Epoch 93: train_acc=0.9004 val_acc=0.6794
2026-04-22 11:22:51 | [92mINFO[0m | pipeline.training.tune | Epoch 94: train_acc=0.9093 val_acc=0.6745
2026-04-22 11:22:52 | [92mINFO[0m | pipeline.training.tune | Epoch 95: train_acc=0.9037 val_acc=0.6690
2026-04-22 11:22:53 | [92mINFO[0m | pipeline.training.tune | Epoch 96: train_acc=0.9039 val_acc=0.6794
2026-04-22 11:22:54 | [92mINFO[0m | pipeline.training.tune | Epoch 97: train_acc=0.9030 val_acc=0.6773
2026-04-22 11:22:55 | [92mINFO[0m | pipeline.training.tune | Epoch 98: train_acc=0.9021 val_acc=0.6759
2026-04-22 11:22:56 | [92mINFO[0m | pipeline.training.tune | Epoch 99: train_acc=0.9122 val_acc=0.6704
2026-04-22 11:22:57 | [92mINFO[0m | pipeline.training.tune | Epoch 100: train_acc=0.9039 val_acc=0.6697
2026-04-22 11:22:58 | [92mINFO[0m | pipeline.training.tune | Epoch 101: train_acc=0.9129 val_acc=0.6787
2026-04-22 11:22:59 | [92mINFO[0m | pipeline.training.tune | Epoch 102: train_acc=0.9131 val_acc=0.6780
2026-04-22 11:23:00 | [92mINFO[0m | pipeline.training.tune | Epoch 103: train_acc=0.9138 val_acc=0.6815
2026-04-22 11:23:01 | [92mINFO[0m | pipeline.training.tune | Epoch 104: train_acc=0.9107 val_acc=0.6711
2026-04-22 11:23:02 | [92mINFO[0m | pipeline.training.tune | Epoch 105: train_acc=0.9112 val_acc=0.6711
2026-04-22 11:23:03 | [92mINFO[0m | pipeline.training.tune | Epoch 106: train_acc=0.9155 val_acc=0.6718
2026-04-22 11:23:04 | [92mINFO[0m | pipeline.training.tune | Epoch 107: train_acc=0.9173 val_acc=0.6683
2026-04-22 11:23:05 | [92mINFO[0m | pipeline.training.tune | Epoch 108: train_acc=0.9148 val_acc=0.6752
2026-04-22 11:23:06 | [92mINFO[0m | pipeline.training.tune | Epoch 109: train_acc=0.9112 val_acc=0.6704
2026-04-22 11:23:07 | [92mINFO[0m | pipeline.training.tune | Epoch 110: train_acc=0.9164 val_acc=0.6773
2026-04-22 11:23:08 | [92mINFO[0m | pipeline.training.tune | Epoch 111: train_acc=0.9155 val_acc=0.6690
2026-04-22 11:23:09 | [92mINFO[0m | pipeline.training.tune | Epoch 112: train_acc=0.9145 val_acc=0.6676
2026-04-22 11:23:10 | [92mINFO[0m | pipeline.training.tune | Epoch 113: train_acc=0.9155 val_acc=0.6739
2026-04-22 11:23:11 | [92mINFO[0m | pipeline.training.tune | Epoch 114: train_acc=0.9160 val_acc=0.6745
2026-04-22 11:23:12 | [92mINFO[0m | pipeline.training.tune | Epoch 115: train_acc=0.9228 val_acc=0.6732
2026-04-22 11:23:13 | [92mINFO[0m | pipeline.training.tune | Epoch 116: train_acc=0.9225 val_acc=0.6627
2026-04-22 11:23:14 | [92mINFO[0m | pipeline.training.tune | Epoch 117: train_acc=0.9226 val_acc=0.6718
2026-04-22 11:23:16 | [92mINFO[0m | pipeline.training.tune | Epoch 118: train_acc=0.9187 val_acc=0.6711
2026-04-22 11:23:17 | [92mINFO[0m | pipeline.training.tune | Epoch 119: train_acc=0.9190 val_acc=0.6794
2026-04-22 11:23:18 | [92mINFO[0m | pipeline.training.tune | Epoch 120: train_acc=0.9282 val_acc=0.6780
2026-04-22 11:23:19 | [92mINFO[0m | pipeline.training.tune | Epoch 121: train_acc=0.9256 val_acc=0.6759
2026-04-22 11:23:20 | [92mINFO[0m | pipeline.training.tune | Epoch 122: train_acc=0.9273 val_acc=0.6759
2026-04-22 11:23:21 | [92mINFO[0m | pipeline.training.tune | Epoch 123: train_acc=0.9214 val_acc=0.6704
2026-04-22 11:23:22 | [92mINFO[0m | pipeline.training.tune | Epoch 124: train_acc=0.9204 val_acc=0.6690
2026-04-22 11:23:23 | [92mINFO[0m | pipeline.training.tune | Epoch 125: train_acc=0.9166 val_acc=0.6759
2026-04-22 11:23:24 | [92mINFO[0m | pipeline.training.tune | Epoch 126: train_acc=0.9192 val_acc=0.6773
2026-04-22 11:23:25 | [92mINFO[0m | pipeline.training.tune | Epoch 127: train_acc=0.9232 val_acc=0.6697
2026-04-22 11:23:26 | [92mINFO[0m | pipeline.training.tune | Epoch 128: train_acc=0.9246 val_acc=0.6766
2026-04-22 11:23:27 | [92mINFO[0m | pipeline.training.tune | Epoch 129: train_acc=0.9235 val_acc=0.6718
2026-04-22 11:23:28 | [92mINFO[0m | pipeline.training.tune | Epoch 130: train_acc=0.9273 val_acc=0.6766
2026-04-22 11:23:29 | [92mINFO[0m | pipeline.training.tune | Epoch 131: train_acc=0.9251 val_acc=0.6739
2026-04-22 11:23:30 | [92mINFO[0m | pipeline.training.tune | Epoch 132: train_acc=0.9254 val_acc=0.6725
2026-04-22 11:23:31 | [92mINFO[0m | pipeline.training.tune | Epoch 133: train_acc=0.9260 val_acc=0.6773
2026-04-22 11:23:32 | [92mINFO[0m | pipeline.training.tune | Epoch 134: train_acc=0.9225 val_acc=0.6752
2026-04-22 11:23:33 | [92mINFO[0m | pipeline.training.tune | Epoch 135: train_acc=0.9279 val_acc=0.6808
2026-04-22 11:23:34 | [92mINFO[0m | pipeline.training.tune | Epoch 136: train_acc=0.9280 val_acc=0.6704
2026-04-22 11:23:35 | [92mINFO[0m | pipeline.training.tune | Epoch 137: train_acc=0.9251 val_acc=0.6780
2026-04-22 11:23:36 | [92mINFO[0m | pipeline.training.tune | Epoch 138: train_acc=0.9329 val_acc=0.6739
2026-04-22 11:23:37 | [92mINFO[0m | pipeline.training.tune | Epoch 139: train_acc=0.9312 val_acc=0.6864
2026-04-22 11:23:38 | [92mINFO[0m | pipeline.training.tune | Epoch 140: train_acc=0.9206 val_acc=0.6836
2026-04-22 11:23:39 | [92mINFO[0m | pipeline.training.tune | Epoch 141: train_acc=0.9256 val_acc=0.6843
2026-04-22 11:23:40 | [92mINFO[0m | pipeline.training.tune | Epoch 142: train_acc=0.9346 val_acc=0.6787
2026-04-22 11:23:41 | [92mINFO[0m | pipeline.training.tune | Epoch 143: train_acc=0.9258 val_acc=0.6759
2026-04-22 11:23:42 | [92mINFO[0m | pipeline.training.tune | Epoch 144: train_acc=0.9272 val_acc=0.6773
2026-04-22 11:23:43 | [92mINFO[0m | pipeline.training.tune | Epoch 145: train_acc=0.9275 val_acc=0.6780
2026-04-22 11:23:44 | [92mINFO[0m | pipeline.training.tune | Epoch 146: train_acc=0.9280 val_acc=0.6815
2026-04-22 11:23:45 | [92mINFO[0m | pipeline.training.tune | Epoch 147: train_acc=0.9301 val_acc=0.6808
2026-04-22 11:23:46 | [92mINFO[0m | pipeline.training.tune | Epoch 148: train_acc=0.9249 val_acc=0.6794
2026-04-22 11:23:47 | [92mINFO[0m | pipeline.training.tune | Epoch 149: train_acc=0.9246 val_acc=0.6822
2026-04-22 11:23:48 | [92mINFO[0m | pipeline.training.tune | Epoch 150: train_acc=0.9293 val_acc=0.6836
2026-04-22 11:23:49 | [92mINFO[0m | pipeline.training.tune | Epoch 151: train_acc=0.9373 val_acc=0.6850
2026-04-22 11:23:50 | [92mINFO[0m | pipeline.training.tune | Epoch 152: train_acc=0.9310 val_acc=0.6801
2026-04-22 11:23:51 | [92mINFO[0m | pipeline.training.tune | Epoch 153: train_acc=0.9397 val_acc=0.6815
2026-04-22 11:23:52 | [92mINFO[0m | pipeline.training.tune | Epoch 154: train_acc=0.9305 val_acc=0.6787
2026-04-22 11:23:53 | [92mINFO[0m | pipeline.training.tune | Epoch 155: train_acc=0.9303 val_acc=0.6787
2026-04-22 11:23:54 | [92mINFO[0m | pipeline.training.tune | Epoch 156: train_acc=0.9338 val_acc=0.6836
2026-04-22 11:23:55 | [92mINFO[0m | pipeline.training.tune | Epoch 157: train_acc=0.9374 val_acc=0.6829
2026-04-22 11:23:56 | [92mINFO[0m | pipeline.training.tune | Epoch 158: train_acc=0.9310 val_acc=0.6829
2026-04-22 11:23:57 | [92mINFO[0m | pipeline.training.tune | Epoch 159: train_acc=0.9329 val_acc=0.6822
2026-04-22 11:23:58 | [92mINFO[0m | pipeline.training.tune | Epoch 160: train_acc=0.9331 val_acc=0.6829
2026-04-22 11:24:00 | [92mINFO[0m | pipeline.training.tune | Epoch 161: train_acc=0.9378 val_acc=0.6857
2026-04-22 11:24:01 | [92mINFO[0m | pipeline.training.tune | Epoch 162: train_acc=0.9350 val_acc=0.6801
2026-04-22 11:24:02 | [92mINFO[0m | pipeline.training.tune | Epoch 163: train_acc=0.9315 val_acc=0.6808
2026-04-22 11:24:03 | [92mINFO[0m | pipeline.training.tune | Epoch 164: train_acc=0.9320 val_acc=0.6815
2026-04-22 11:24:04 | [92mINFO[0m | pipeline.training.tune | Epoch 165: train_acc=0.9301 val_acc=0.6836
2026-04-22 11:24:05 | [92mINFO[0m | pipeline.training.tune | Epoch 166: train_acc=0.9379 val_acc=0.6850
2026-04-22 11:24:06 | [92mINFO[0m | pipeline.training.tune | Epoch 167: train_acc=0.9353 val_acc=0.6808
2026-04-22 11:24:07 | [92mINFO[0m | pipeline.training.tune | Epoch 168: train_acc=0.9320 val_acc=0.6794
2026-04-22 11:24:08 | [92mINFO[0m | pipeline.training.tune | Epoch 169: train_acc=0.9315 val_acc=0.6787
2026-04-22 11:24:09 | [92mINFO[0m | pipeline.training.tune | Epoch 170: train_acc=0.9357 val_acc=0.6836
2026-04-22 11:24:10 | [92mINFO[0m | pipeline.training.tune | Epoch 171: train_acc=0.9275 val_acc=0.6836
2026-04-22 11:24:11 | [92mINFO[0m | pipeline.training.tune | Epoch 172: train_acc=0.9383 val_acc=0.6815
2026-04-22 11:24:12 | [92mINFO[0m | pipeline.training.tune | Epoch 173: train_acc=0.9333 val_acc=0.6808
2026-04-22 11:24:13 | [92mINFO[0m | pipeline.training.tune | Epoch 174: train_acc=0.9386 val_acc=0.6773
2026-04-22 11:24:14 | [92mINFO[0m | pipeline.training.tune | Epoch 175: train_acc=0.9385 val_acc=0.6836
2026-04-22 11:24:15 | [92mINFO[0m | pipeline.training.tune | Epoch 176: train_acc=0.9376 val_acc=0.6850
2026-04-22 11:24:16 | [92mINFO[0m | pipeline.training.tune | Epoch 177: train_acc=0.9327 val_acc=0.6752
2026-04-22 11:24:17 | [92mINFO[0m | pipeline.training.tune | Epoch 178: train_acc=0.9294 val_acc=0.6801
2026-04-22 11:24:18 | [92mINFO[0m | pipeline.training.tune | Epoch 179: train_acc=0.9367 val_acc=0.6815
2026-04-22 11:24:19 | [92mINFO[0m | pipeline.training.tune | Epoch 180: train_acc=0.9333 val_acc=0.6815
2026-04-22 11:24:20 | [92mINFO[0m | pipeline.training.tune | Epoch 181: train_acc=0.9336 val_acc=0.6773
2026-04-22 11:24:21 | [92mINFO[0m | pipeline.training.tune | Epoch 182: train_acc=0.9412 val_acc=0.6787
2026-04-22 11:24:22 | [92mINFO[0m | pipeline.training.tune | Epoch 183: train_acc=0.9333 val_acc=0.6794
2026-04-22 11:24:23 | [92mINFO[0m | pipeline.training.tune | Epoch 184: train_acc=0.9341 val_acc=0.6836
2026-04-22 11:24:24 | [92mINFO[0m | pipeline.training.tune | Epoch 185: train_acc=0.9411 val_acc=0.6815
2026-04-22 11:24:25 | [92mINFO[0m | pipeline.training.tune | Epoch 186: train_acc=0.9339 val_acc=0.6787
2026-04-22 11:24:26 | [92mINFO[0m | pipeline.training.tune | Epoch 187: train_acc=0.9376 val_acc=0.6773
2026-04-22 11:24:27 | [92mINFO[0m | pipeline.training.tune | Epoch 188: train_acc=0.9383 val_acc=0.6815
2026-04-22 11:24:28 | [92mINFO[0m | pipeline.training.tune | Epoch 189: train_acc=0.9343 val_acc=0.6752
2026-04-22 11:24:29 | [92mINFO[0m | pipeline.training.tune | Epoch 190: train_acc=0.9336 val_acc=0.6759
2026-04-22 11:24:30 | [92mINFO[0m | pipeline.training.tune | Epoch 191: train_acc=0.9348 val_acc=0.6836
2026-04-22 11:24:31 | [92mINFO[0m | pipeline.training.tune | Epoch 192: train_acc=0.9355 val_acc=0.6752
2026-04-22 11:24:32 | [92mINFO[0m | pipeline.training.tune | Epoch 193: train_acc=0.9360 val_acc=0.6745
2026-04-22 11:24:33 | [92mINFO[0m | pipeline.training.tune | Epoch 194: train_acc=0.9386 val_acc=0.6808
2026-04-22 11:24:33 | [92mINFO[0m | pipeline.training.tune | 
[OK] Tuned model saved to: models\saved\eegnet_tuned.pth
2026-04-22 11:24:33 | [92mINFO[0m | pipeline.training.tune | [OK] Best tuned accuracy: 0.6864
2026-04-22 11:24:33 | [92mINFO[0m | __main__ | 
 Operation completed successfully
2026-04-22 11:27:01 | [92mINFO[0m | __main__ |  Configuration loaded
2026-04-22 11:27:03 | [92mINFO[0m | pipeline.ingestion.arduino_reader | Initialized ArduinoReader for COM5 @ 230400 baud
2026-04-22 11:27:03 | [92mINFO[0m | pipeline.inference.realtime_engine | [OK] Model loaded from models\saved\eegnet_best.pth
2026-04-22 11:27:03 | [92mINFO[0m | pipeline.ingestion.arduino_reader | Connecting to COM5...
2026-04-22 11:27:06 | [92mINFO[0m | pipeline.ingestion.arduino_reader |  [ok] Connected to UNO-R4
2026-04-22 11:27:06 | [92mINFO[0m | pipeline.inference.realtime_engine | Streaming predictions (Ctrl+C to stop)...

2026-04-22 11:27:08 | [92mINFO[0m | pipeline.inference.realtime_engine | State: DROWSY     | Confidence: 0.873
2026-04-22 11:27:08 | [92mINFO[0m | pipeline.inference.realtime_engine | State: STRESSED   | Confidence: 0.606
2026-04-22 11:27:08 | [92mINFO[0m | pipeline.inference.realtime_engine | State: STRESSED   | Confidence: 0.564
2026-04-22 11:27:09 | [92mINFO[0m | pipeline.inference.realtime_engine | State: STRESSED   | Confidence: 0.442
2026-04-22 11:27:10 | [92mINFO[0m | pipeline.inference.realtime_engine | State: DROWSY     | Confidence: 0.639
2026-04-22 11:27:10 | [92mINFO[0m | pipeline.inference.realtime_engine | State: FOCUSED    | Confidence: 0.472
2026-04-22 11:27:10 | [92mINFO[0m | pipeline.inference.realtime_engine | State: FOCUSED    | Confidence: 0.974
2026-04-22 11:27:11 | [92mINFO[0m | pipeline.inference.realtime_engine | State: FOCUSED    | Confidence: 0.798
2026-04-22 11:27:11 | [92mINFO[0m | pipeline.inference.realtime_engine | State: DROWSY     | Confidence: 0.988
2026-04-22 11:27:12 | [92mINFO[0m | pipeline.inference.realtime_engine | State: DROWSY     | Confidence: 1.000
2026-04-22 11:27:12 | [92mINFO[0m | pipeline.inference.realtime_engine | State: STRESSED   | Confidence: 0.869
2026-04-22 11:27:13 | [92mINFO[0m | pipeline.inference.realtime_engine | State: STRESSED   | Confidence: 0.772
2026-04-22 11:27:13 | [92mINFO[0m | pipeline.inference.realtime_engine | State: STRESSED   | Confidence: 0.809
2026-04-22 11:27:14 | [92mINFO[0m | pipeline.inference.realtime_engine | State: STRESSED   | Confidence: 0.997
2026-04-22 11:27:14 | [92mINFO[0m | pipeline.inference.realtime_engine | State: STRESSED   | Confidence: 0.879
2026-04-22 11:27:15 | [92mINFO[0m | pipeline.inference.realtime_engine | State: STRESSED   | Confidence: 0.999
2026-04-22 11:27:15 | [92mINFO[0m | pipeline.inference.realtime_engine | State: STRESSED   | Confidence: 0.876
2026-04-22 11:27:16 | [92mINFO[0m | pipeline.inference.realtime_engine | State: STRESSED   | Confidence: 0.647
2026-04-22 11:27:16 | [92mINFO[0m | pipeline.inference.realtime_engine | State: STRESSED   | Confidence: 0.718
2026-04-22 11:27:17 | [92mINFO[0m | pipeline.inference.realtime_engine | State: FOCUSED    | Confidence: 0.714
2026-04-22 11:27:17 | [92mINFO[0m | pipeline.inference.realtime_engine | State: FOCUSED    | Confidence: 0.648
2026-04-22 11:27:18 | [92mINFO[0m | pipeline.inference.realtime_engine | State: FOCUSED    | Confidence: 0.628
2026-04-22 11:27:18 | [92mINFO[0m | pipeline.inference.realtime_engine | State: FOCUSED    | Confidence: 0.720
2026-04-22 11:27:19 | [92mINFO[0m | pipeline.inference.realtime_engine | State: FOCUSED    | Confidence: 0.705
2026-04-22 11:27:19 | [92mINFO[0m | pipeline.inference.realtime_engine | State: FOCUSED    | Confidence: 0.924
2026-04-22 11:27:20 | [92mINFO[0m | pipeline.inference.realtime_engine | State: FOCUSED    | Confidence: 0.503
2026-04-22 11:27:20 | [92mINFO[0m | pipeline.inference.realtime_engine | State: FOCUSED    | Confidence: 0.706
2026-04-22 11:27:21 | [92mINFO[0m | pipeline.inference.realtime_engine | State: FOCUSED    | Confidence: 0.402
2026-04-22 11:27:21 | [92mINFO[0m | pipeline.inference.realtime_engine | State: FOCUSED    | Confidence: 0.544
2026-04-22 11:27:22 | [92mINFO[0m | pipeline.inference.realtime_engine | State: FOCUSED    | Confidence: 0.506
2026-04-22 11:27:22 | [92mINFO[0m | pipeline.inference.realtime_engine | State: DROWSY     | Confidence: 0.999
2026-04-22 11:27:23 | [92mINFO[0m | pipeline.inference.realtime_engine | State: STRESSED   | Confidence: 0.999
2026-04-22 11:27:23 | [92mINFO[0m | pipeline.inference.realtime_engine | State: STRESSED   | Confidence: 1.000
2026-04-22 11:27:24 | [92mINFO[0m | pipeline.inference.realtime_engine | State: STRESSED   | Confidence: 1.000
2026-04-22 11:27:24 | [92mINFO[0m | pipeline.inference.realtime_engine | State: STRESSED   | Confidence: 0.877
2026-04-22 11:27:25 | [92mINFO[0m | pipeline.inference.realtime_engine | State: STRESSED   | Confidence: 0.536
2026-04-22 11:27:25 | [92mINFO[0m | pipeline.inference.realtime_engine | State: STRESSED   | Confidence: 0.979
2026-04-22 11:27:26 | [92mINFO[0m | pipeline.inference.realtime_engine | State: DROWSY     | Confidence: 0.715
2026-04-22 11:27:26 | [92mINFO[0m | pipeline.inference.realtime_engine | State: DROWSY     | Confidence: 0.861
2026-04-22 11:27:27 | [92mINFO[0m | pipeline.inference.realtime_engine | State: FOCUSED    | Confidence: 0.353
2026-04-22 11:27:27 | [92mINFO[0m | pipeline.inference.realtime_engine | State: FOCUSED    | Confidence: 0.437
2026-04-22 11:27:28 | [92mINFO[0m | pipeline.inference.realtime_engine | State: FOCUSED    | Confidence: 0.953
2026-04-22 11:27:28 | [92mINFO[0m | pipeline.inference.realtime_engine | State: DROWSY     | Confidence: 0.577
2026-04-22 11:27:29 | [92mINFO[0m | pipeline.inference.realtime_engine | State: DROWSY     | Confidence: 0.484
2026-04-22 11:27:29 | [92mINFO[0m | pipeline.inference.realtime_engine | State: DROWSY     | Confidence: 0.680
2026-04-22 11:27:30 | [92mINFO[0m | pipeline.inference.realtime_engine | State: STRESSED   | Confidence: 0.995
2026-04-22 11:27:30 | [92mINFO[0m | pipeline.inference.realtime_engine | State: STRESSED   | Confidence: 1.000
2026-04-22 11:27:31 | [92mINFO[0m | pipeline.inference.realtime_engine | State: STRESSED   | Confidence: 1.000
2026-04-22 11:27:31 | [92mINFO[0m | pipeline.inference.realtime_engine | State: STRESSED   | Confidence: 0.976
2026-04-22 11:27:32 | [92mINFO[0m | pipeline.inference.realtime_engine | State: STRESSED   | Confidence: 0.396
2026-04-22 11:27:32 | [92mINFO[0m | pipeline.inference.realtime_engine | State: FOCUSED    | Confidence: 0.586
2026-04-22 11:27:33 | [92mINFO[0m | pipeline.inference.realtime_engine | State: FOCUSED    | Confidence: 0.540
2026-04-22 11:27:33 | [92mINFO[0m | pipeline.inference.realtime_engine | State: FOCUSED    | Confidence: 0.595
2026-04-22 11:27:34 | [92mINFO[0m | pipeline.inference.realtime_engine | State: FOCUSED    | Confidence: 0.378
2026-04-22 11:27:34 | [92mINFO[0m | pipeline.inference.realtime_engine | State: FOCUSED    | Confidence: 0.996
2026-04-22 11:27:35 | [92mINFO[0m | pipeline.inference.realtime_engine | State: STRESSED   | Confidence: 1.000
2026-04-22 11:27:35 | [92mINFO[0m | pipeline.inference.realtime_engine | State: STRESSED   | Confidence: 1.000
2026-04-22 11:27:36 | [92mINFO[0m | pipeline.inference.realtime_engine | State: STRESSED   | Confidence: 1.000
2026-04-22 11:27:36 | [92mINFO[0m | pipeline.inference.realtime_engine | State: STRESSED   | Confidence: 1.000
2026-04-22 11:27:37 | [92mINFO[0m | pipeline.inference.realtime_engine | State: STRESSED   | Confidence: 1.000
2026-04-22 11:27:38 | [92mINFO[0m | pipeline.inference.realtime_engine | State: STRESSED   | Confidence: 0.982
2026-04-22 11:27:38 | [92mINFO[0m | pipeline.inference.realtime_engine | State: STRESSED   | Confidence: 0.999
2026-04-22 11:27:38 | [92mINFO[0m | pipeline.inference.realtime_engine | State: STRESSED   | Confidence: 1.000
2026-04-22 11:27:39 | [92mINFO[0m | pipeline.inference.realtime_engine | State: STRESSED   | Confidence: 1.000
2026-04-22 11:27:39 | [92mINFO[0m | pipeline.inference.realtime_engine | State: STRESSED   | Confidence: 0.992
2026-04-22 11:27:40 | [92mINFO[0m | pipeline.inference.realtime_engine | State: STRESSED   | Confidence: 0.446
2026-04-22 11:27:40 | [92mINFO[0m | pipeline.inference.realtime_engine | State: STRESSED   | Confidence: 0.894
2026-04-22 11:27:41 | [92mINFO[0m | pipeline.inference.realtime_engine | State: DROWSY     | Confidence: 0.888
2026-04-22 11:27:41 | [92mINFO[0m | pipeline.inference.realtime_engine | State: DROWSY     | Confidence: 0.803
2026-04-22 11:27:42 | [92mINFO[0m | pipeline.inference.realtime_engine | State: DROWSY     | Confidence: 0.928
2026-04-22 11:27:42 | [92mINFO[0m | pipeline.inference.realtime_engine | State: DROWSY     | Confidence: 0.856
2026-04-22 11:27:43 | [92mINFO[0m | pipeline.inference.realtime_engine | State: DROWSY     | Confidence: 0.486
2026-04-22 11:27:43 | [92mINFO[0m | pipeline.inference.realtime_engine | State: DROWSY     | Confidence: 0.760
2026-04-22 11:27:44 | [92mINFO[0m | pipeline.inference.realtime_engine | State: DROWSY     | Confidence: 0.575
2026-04-22 11:27:44 | [92mINFO[0m | pipeline.inference.realtime_engine | State: DROWSY     | Confidence: 1.000
2026-04-22 11:27:45 | [92mINFO[0m | pipeline.inference.realtime_engine | State: DROWSY     | Confidence: 0.718
2026-04-22 11:27:46 | [92mINFO[0m | pipeline.inference.realtime_engine | State: FOCUSED    | Confidence: 0.697
2026-04-22 11:27:46 | [92mINFO[0m | pipeline.inference.realtime_engine | State: FOCUSED    | Confidence: 0.826
2026-04-22 11:27:47 | [92mINFO[0m | pipeline.inference.realtime_engine | State: FOCUSED    | Confidence: 0.809
2026-04-22 11:27:47 | [92mINFO[0m | pipeline.inference.realtime_engine | State: FOCUSED    | Confidence: 0.739
2026-04-22 11:27:48 | [92mINFO[0m | pipeline.inference.realtime_engine | State: FOCUSED    | Confidence: 0.662
2026-04-22 11:27:48 | [92mINFO[0m | pipeline.inference.realtime_engine | State: FOCUSED    | Confidence: 0.592
2026-04-22 11:27:49 | [92mINFO[0m | pipeline.inference.realtime_engine | State: FOCUSED    | Confidence: 0.638
2026-04-22 11:27:49 | [92mINFO[0m | pipeline.inference.realtime_engine | State: FOCUSED    | Confidence: 0.557
2026-04-22 11:27:50 | [92mINFO[0m | pipeline.inference.realtime_engine | State: FOCUSED    | Confidence: 0.631
2026-04-22 11:27:50 | [92mINFO[0m | pipeline.inference.realtime_engine | State: FOCUSED    | Confidence: 0.771
2026-04-22 11:27:51 | [92mINFO[0m | pipeline.inference.realtime_engine | State: FOCUSED    | Confidence: 0.412
2026-04-22 11:27:51 | [92mINFO[0m | pipeline.inference.realtime_engine | State: FOCUSED    | Confidence: 0.779
2026-04-22 11:27:52 | [92mINFO[0m | pipeline.inference.realtime_engine | State: FOCUSED    | Confidence: 1.000
2026-04-22 11:27:52 | [92mINFO[0m | pipeline.inference.realtime_engine | State: DROWSY     | Confidence: 0.779
2026-04-22 11:27:53 | [92mINFO[0m | pipeline.inference.realtime_engine | State: DROWSY     | Confidence: 0.788
2026-04-22 11:27:53 | [92mINFO[0m | pipeline.inference.realtime_engine | State: DROWSY     | Confidence: 0.479
2026-04-22 11:27:54 | [92mINFO[0m | pipeline.inference.realtime_engine | State: DROWSY     | Confidence: 0.733
2026-04-22 11:27:54 | [92mINFO[0m | pipeline.inference.realtime_engine | State: FOCUSED    | Confidence: 0.839
2026-04-22 11:27:55 | [92mINFO[0m | pipeline.inference.realtime_engine | State: FOCUSED    | Confidence: 0.926
2026-04-22 11:27:55 | [92mINFO[0m | pipeline.inference.realtime_engine | State: FOCUSED    | Confidence: 0.631
2026-04-22 11:27:56 | [92mINFO[0m | pipeline.inference.realtime_engine | State: FOCUSED    | Confidence: 0.740
2026-04-22 11:27:56 | [92mINFO[0m | pipeline.inference.realtime_engine | State: FOCUSED    | Confidence: 0.964
2026-04-22 11:27:57 | [92mINFO[0m | pipeline.inference.realtime_engine | State: FOCUSED    | Confidence: 0.594
2026-04-22 11:27:57 | [92mINFO[0m | pipeline.inference.realtime_engine | State: FOCUSED    | Confidence: 0.720
2026-04-22 11:27:58 | [92mINFO[0m | pipeline.inference.realtime_engine | State: FOCUSED    | Confidence: 0.423
2026-04-22 11:27:58 | [92mINFO[0m | pipeline.inference.realtime_engine | State: FOCUSED    | Confidence: 0.676
2026-04-22 11:27:59 | [92mINFO[0m | pipeline.inference.realtime_engine | State: FOCUSED    | Confidence: 0.965
2026-04-22 11:27:59 | [92mINFO[0m | pipeline.inference.realtime_engine | State: STRESSED   | Confidence: 0.814
2026-04-22 11:28:00 | [92mINFO[0m | pipeline.inference.realtime_engine | State: STRESSED   | Confidence: 0.566
2026-04-22 11:28:00 | [92mINFO[0m | pipeline.inference.realtime_engine | State: STRESSED   | Confidence: 0.639
2026-04-22 11:28:01 | [92mINFO[0m | pipeline.inference.realtime_engine | State: STRESSED   | Confidence: 0.502
2026-04-22 11:28:01 | [92mINFO[0m | pipeline.inference.realtime_engine | State: DROWSY     | Confidence: 0.873
2026-04-22 11:28:02 | [92mINFO[0m | pipeline.inference.realtime_engine | State: FOCUSED    | Confidence: 0.573
2026-04-22 11:28:02 | [92mINFO[0m | pipeline.inference.realtime_engine | State: FOCUSED    | Confidence: 0.627
2026-04-22 11:28:03 | [92mINFO[0m | pipeline.inference.realtime_engine | State: FOCUSED    | Confidence: 0.762
2026-04-22 11:28:03 | [92mINFO[0m | pipeline.inference.realtime_engine | State: FOCUSED    | Confidence: 0.676
2026-04-22 11:28:04 | [92mINFO[0m | pipeline.inference.realtime_engine | State: FOCUSED    | Confidence: 0.503
2026-04-22 11:28:04 | [92mINFO[0m | pipeline.inference.realtime_engine | State: FOCUSED    | Confidence: 0.511
2026-04-22 11:28:05 | [92mINFO[0m | pipeline.inference.realtime_engine | State: FOCUSED    | Confidence: 0.719
2026-04-22 11:28:05 | [92mINFO[0m | pipeline.inference.realtime_engine | State: FOCUSED    | Confidence: 0.939
2026-04-22 11:28:06 | [92mINFO[0m | pipeline.inference.realtime_engine | State: DROWSY     | Confidence: 0.996
2026-04-22 11:28:06 | [92mINFO[0m | pipeline.inference.realtime_engine | State: DROWSY     | Confidence: 0.968
2026-04-22 11:28:07 | [92mINFO[0m | pipeline.inference.realtime_engine | State: DROWSY     | Confidence: 0.813
2026-04-22 11:28:07 | [92mINFO[0m | pipeline.inference.realtime_engine | State: DROWSY     | Confidence: 0.719
2026-04-22 11:28:08 | [92mINFO[0m | pipeline.inference.realtime_engine | State: DROWSY     | Confidence: 0.536
2026-04-22 11:28:08 | [92mINFO[0m | pipeline.inference.realtime_engine | State: FOCUSED    | Confidence: 0.567
2026-04-22 11:28:09 | [92mINFO[0m | pipeline.inference.realtime_engine | State: FOCUSED    | Confidence: 0.755
2026-04-22 11:28:09 | [92mINFO[0m | pipeline.inference.realtime_engine | State: FOCUSED    | Confidence: 0.661
2026-04-22 11:28:10 | [92mINFO[0m | pipeline.inference.realtime_engine | State: FOCUSED    | Confidence: 0.625
2026-04-22 11:28:10 | [92mINFO[0m | pipeline.inference.realtime_engine | State: FOCUSED    | Confidence: 0.594
2026-04-22 11:28:11 | [92mINFO[0m | pipeline.inference.realtime_engine | State: FOCUSED    | Confidence: 0.489
2026-04-22 11:28:11 | [92mINFO[0m | pipeline.inference.realtime_engine | State: FOCUSED    | Confidence: 0.400
2026-04-22 11:28:12 | [92mINFO[0m | pipeline.inference.realtime_engine | State: FOCUSED    | Confidence: 0.510
2026-04-22 11:28:12 | [92mINFO[0m | pipeline.inference.realtime_engine | State: FOCUSED    | Confidence: 0.536
2026-04-22 11:28:13 | [92mINFO[0m | pipeline.inference.realtime_engine | State: FOCUSED    | Confidence: 0.562
2026-04-22 11:28:13 | [92mINFO[0m | pipeline.inference.realtime_engine | State: FOCUSED    | Confidence: 0.399
2026-04-22 11:28:14 | [92mINFO[0m | pipeline.inference.realtime_engine | State: FOCUSED    | Confidence: 0.450
2026-04-22 11:28:14 | [92mINFO[0m | pipeline.inference.realtime_engine | State: FOCUSED    | Confidence: 0.963
2026-04-22 11:28:15 | [92mINFO[0m | pipeline.inference.realtime_engine | State: DROWSY     | Confidence: 0.993
2026-04-22 11:28:15 | [92mINFO[0m | pipeline.inference.realtime_engine | State: DROWSY     | Confidence: 0.530
2026-04-22 11:28:16 | [92mINFO[0m | pipeline.inference.realtime_engine | State: DROWSY     | Confidence: 0.736
2026-04-22 11:28:16 | [92mINFO[0m | pipeline.inference.realtime_engine | State: DROWSY     | Confidence: 0.699
2026-04-22 11:28:17 | [92mINFO[0m | pipeline.inference.realtime_engine | State: DROWSY     | Confidence: 0.811
2026-04-22 11:28:17 | [92mINFO[0m | pipeline.inference.realtime_engine | State: FOCUSED    | Confidence: 0.456
2026-04-22 11:28:18 | [92mINFO[0m | pipeline.inference.realtime_engine | State: FOCUSED    | Confidence: 0.548
2026-04-22 11:28:18 | [92mINFO[0m | pipeline.inference.realtime_engine | State: FOCUSED    | Confidence: 0.461
2026-04-22 11:28:19 | [92mINFO[0m | pipeline.inference.realtime_engine | State: FOCUSED    | Confidence: 0.678
2026-04-22 11:28:19 | [92mINFO[0m | pipeline.inference.realtime_engine | State: FOCUSED    | Confidence: 0.542
2026-04-22 11:28:20 | [92mINFO[0m | pipeline.inference.realtime_engine | State: FOCUSED    | Confidence: 0.574
2026-04-22 11:28:20 | [92mINFO[0m | pipeline.inference.realtime_engine | State: DROWSY     | Confidence: 0.999
2026-04-22 11:28:21 | [92mINFO[0m | pipeline.inference.realtime_engine | State: DROWSY     | Confidence: 1.000
2026-04-22 11:28:21 | [92mINFO[0m | pipeline.inference.realtime_engine | State: DROWSY     | Confidence: 0.999
2026-04-22 11:28:22 | [92mINFO[0m | pipeline.inference.realtime_engine | State: DROWSY     | Confidence: 0.548
2026-04-22 11:28:22 | [92mINFO[0m | pipeline.inference.realtime_engine | State: DROWSY     | Confidence: 0.438
2026-04-22 11:28:23 | [92mINFO[0m | pipeline.inference.realtime_engine | State: DROWSY     | Confidence: 0.770
2026-04-22 11:28:23 | [92mINFO[0m | pipeline.inference.realtime_engine | State: DROWSY     | Confidence: 1.000
2026-04-22 11:28:24 | [92mINFO[0m | pipeline.inference.realtime_engine | State: STRESSED   | Confidence: 1.000
2026-04-22 11:28:24 | [92mINFO[0m | pipeline.inference.realtime_engine | State: STRESSED   | Confidence: 1.000
2026-04-22 11:28:25 | [92mINFO[0m | pipeline.inference.realtime_engine | State: STRESSED   | Confidence: 0.999
2026-04-22 11:28:25 | [92mINFO[0m | pipeline.inference.realtime_engine | State: STRESSED   | Confidence: 0.999
2026-04-22 11:28:26 | [92mINFO[0m | pipeline.inference.realtime_engine | State: STRESSED   | Confidence: 1.000
2026-04-22 11:28:26 | [92mINFO[0m | pipeline.inference.realtime_engine | State: STRESSED   | Confidence: 0.977
2026-04-22 11:28:27 | [92mINFO[0m | pipeline.inference.realtime_engine | State: STRESSED   | Confidence: 0.999
2026-04-22 11:28:27 | [92mINFO[0m | pipeline.inference.realtime_engine | State: STRESSED   | Confidence: 0.999
2026-04-22 11:28:28 | [92mINFO[0m | pipeline.inference.realtime_engine | State: STRESSED   | Confidence: 0.976
2026-04-22 11:28:28 | [92mINFO[0m | pipeline.inference.realtime_engine | State: STRESSED   | Confidence: 1.000
2026-04-22 11:28:29 | [92mINFO[0m | pipeline.inference.realtime_engine | State: STRESSED   | Confidence: 1.000
2026-04-22 11:28:29 | [92mINFO[0m | pipeline.inference.realtime_engine | State: STRESSED   | Confidence: 0.998
2026-04-22 11:28:30 | [92mINFO[0m | pipeline.inference.realtime_engine | State: STRESSED   | Confidence: 1.000
2026-04-22 11:28:30 | [92mINFO[0m | pipeline.inference.realtime_engine | State: STRESSED   | Confidence: 1.000
2026-04-22 11:28:31 | [92mINFO[0m | pipeline.inference.realtime_engine | State: STRESSED   | Confidence: 1.000
2026-04-22 11:28:31 | [92mINFO[0m | pipeline.inference.realtime_engine | State: STRESSED   | Confidence: 1.000
2026-04-22 11:28:32 | [92mINFO[0m | pipeline.inference.realtime_engine | State: STRESSED   | Confidence: 1.000
2026-04-22 11:28:32 | [92mINFO[0m | pipeline.inference.realtime_engine | State: STRESSED   | Confidence: 1.000
2026-04-22 11:28:33 | [92mINFO[0m | pipeline.inference.realtime_engine | State: STRESSED   | Confidence: 1.000
2026-04-22 11:28:33 | [92mINFO[0m | pipeline.inference.realtime_engine | State: STRESSED   | Confidence: 1.000
2026-04-22 11:28:34 | [92mINFO[0m | pipeline.inference.realtime_engine | State: STRESSED   | Confidence: 1.000
2026-04-22 11:28:34 | [92mINFO[0m | pipeline.inference.realtime_engine | State: STRESSED   | Confidence: 1.000
2026-04-22 11:28:35 | [92mINFO[0m | pipeline.inference.realtime_engine | State: STRESSED   | Confidence: 0.721
2026-04-22 11:28:35 | [92mINFO[0m | pipeline.inference.realtime_engine | State: STRESSED   | Confidence: 0.659
2026-04-22 11:28:36 | [92mINFO[0m | pipeline.inference.realtime_engine | State: DROWSY     | Confidence: 1.000
2026-04-22 11:28:36 | [92mINFO[0m | pipeline.inference.realtime_engine | State: DROWSY     | Confidence: 1.000
2026-04-22 11:28:37 | [92mINFO[0m | pipeline.inference.realtime_engine | State: DROWSY     | Confidence: 1.000
2026-04-22 11:28:37 | [92mINFO[0m | pipeline.inference.realtime_engine | State: DROWSY     | Confidence: 1.000
2026-04-22 11:28:38 | [92mINFO[0m | pipeline.inference.realtime_engine | State: STRESSED   | Confidence: 1.000
2026-04-22 11:28:38 | [92mINFO[0m | pipeline.inference.realtime_engine | State: STRESSED   | Confidence: 0.976
2026-04-22 11:28:39 | [92mINFO[0m | pipeline.inference.realtime_engine | State: STRESSED   | Confidence: 0.984
2026-04-22 11:28:39 | [92mINFO[0m | pipeline.inference.realtime_engine | State: STRESSED   | Confidence: 0.568
2026-04-22 11:28:40 | [92mINFO[0m | pipeline.inference.realtime_engine | State: STRESSED   | Confidence: 0.547
2026-04-22 11:28:40 | [92mINFO[0m | pipeline.inference.realtime_engine | State: STRESSED   | Confidence: 0.773
2026-04-22 11:28:41 | [92mINFO[0m | pipeline.inference.realtime_engine | State: STRESSED   | Confidence: 0.529
2026-04-22 11:28:41 | [92mINFO[0m | pipeline.inference.realtime_engine | State: STRESSED   | Confidence: 0.783
2026-04-22 11:28:42 | [92mINFO[0m | pipeline.inference.realtime_engine | State: STRESSED   | Confidence: 0.678
2026-04-22 11:28:42 | [92mINFO[0m | pipeline.inference.realtime_engine | State: STRESSED   | Confidence: 0.616
2026-04-22 11:28:43 | [92mINFO[0m | pipeline.inference.realtime_engine | State: STRESSED   | Confidence: 1.000
2026-04-22 11:28:43 | [92mINFO[0m | pipeline.inference.realtime_engine | State: STRESSED   | Confidence: 0.853
2026-04-22 11:28:44 | [92mINFO[0m | pipeline.inference.realtime_engine | State: STRESSED   | Confidence: 0.928
2026-04-22 11:28:44 | [92mINFO[0m | pipeline.inference.realtime_engine | State: STRESSED   | Confidence: 0.945
2026-04-22 11:28:45 | [92mINFO[0m | pipeline.inference.realtime_engine | State: DROWSY     | Confidence: 0.879
2026-04-22 11:28:45 | [92mINFO[0m | pipeline.inference.realtime_engine | State: STRESSED   | Confidence: 0.479
2026-04-22 11:28:46 | [92mINFO[0m | pipeline.inference.realtime_engine | State: DROWSY     | Confidence: 0.425
2026-04-22 11:28:46 | [92mINFO[0m | pipeline.inference.realtime_engine | State: STRESSED   | Confidence: 0.719
2026-04-22 11:28:47 | [92mINFO[0m | pipeline.inference.realtime_engine | State: STRESSED   | Confidence: 0.992
2026-04-22 11:28:47 | [92mINFO[0m | pipeline.inference.realtime_engine | State: STRESSED   | Confidence: 0.924
2026-04-22 11:28:48 | [92mINFO[0m | pipeline.inference.realtime_engine | State: STRESSED   | Confidence: 0.701
2026-04-22 11:28:48 | [92mINFO[0m | pipeline.inference.realtime_engine | State: STRESSED   | Confidence: 0.709
2026-04-22 11:28:49 | [92mINFO[0m | pipeline.inference.realtime_engine | State: STRESSED   | Confidence: 0.759
2026-04-22 11:28:49 | [92mINFO[0m | pipeline.inference.realtime_engine | State: STRESSED   | Confidence: 0.585
2026-04-22 11:28:50 | [92mINFO[0m | pipeline.inference.realtime_engine | State: DROWSY     | Confidence: 0.828
2026-04-22 11:28:50 | [92mINFO[0m | pipeline.inference.realtime_engine | State: STRESSED   | Confidence: 0.593
2026-04-22 11:28:51 | [92mINFO[0m | pipeline.inference.realtime_engine | State: STRESSED   | Confidence: 0.414
2026-04-22 11:28:51 | [92mINFO[0m | pipeline.inference.realtime_engine | State: STRESSED   | Confidence: 0.390
2026-04-22 11:28:52 | [92mINFO[0m | pipeline.inference.realtime_engine | State: STRESSED   | Confidence: 0.991
2026-04-22 11:28:52 | [92mINFO[0m | pipeline.inference.realtime_engine | State: STRESSED   | Confidence: 0.630
2026-04-22 11:28:53 | [92mINFO[0m | pipeline.inference.realtime_engine | State: DROWSY     | Confidence: 0.972
2026-04-22 11:28:53 | [92mINFO[0m | pipeline.inference.realtime_engine | State: DROWSY     | Confidence: 0.554
2026-04-22 11:28:54 | [92mINFO[0m | pipeline.inference.realtime_engine | State: DROWSY     | Confidence: 0.524
2026-04-22 11:28:54 | [92mINFO[0m | pipeline.inference.realtime_engine | State: FOCUSED    | Confidence: 0.373
2026-04-22 11:28:55 | [92mINFO[0m | pipeline.inference.realtime_engine | State: FOCUSED    | Confidence: 0.655
2026-04-22 11:28:55 | [92mINFO[0m | pipeline.inference.realtime_engine | State: FOCUSED    | Confidence: 0.573
2026-04-22 11:28:56 | [92mINFO[0m | pipeline.inference.realtime_engine | State: FOCUSED    | Confidence: 0.631
2026-04-22 11:28:56 | [92mINFO[0m | pipeline.inference.realtime_engine | State: FOCUSED    | Confidence: 0.640
2026-04-22 11:28:57 | [92mINFO[0m | pipeline.inference.realtime_engine | State: FOCUSED    | Confidence: 0.507
2026-04-22 11:28:57 | [92mINFO[0m | pipeline.inference.realtime_engine | State: FOCUSED    | Confidence: 0.557
2026-04-22 11:28:58 | [92mINFO[0m | pipeline.inference.realtime_engine | State: FOCUSED    | Confidence: 0.900
2026-04-22 11:28:58 | [92mINFO[0m | pipeline.inference.realtime_engine | State: FOCUSED    | Confidence: 0.979
2026-04-22 11:28:59 | [92mINFO[0m | pipeline.inference.realtime_engine | State: DROWSY     | Confidence: 0.858
2026-04-22 11:28:59 | [92mINFO[0m | pipeline.inference.realtime_engine | State: DROWSY     | Confidence: 1.000
2026-04-22 11:29:00 | [92mINFO[0m | pipeline.inference.realtime_engine | State: DROWSY     | Confidence: 1.000
2026-04-22 11:29:00 | [92mINFO[0m | pipeline.inference.realtime_engine | State: DROWSY     | Confidence: 1.000
2026-04-22 11:29:01 | [92mINFO[0m | pipeline.inference.realtime_engine | State: DROWSY     | Confidence: 1.000
2026-04-22 11:29:01 | [92mINFO[0m | pipeline.inference.realtime_engine | State: DROWSY     | Confidence: 1.000
2026-04-22 11:29:02 | [92mINFO[0m | pipeline.inference.realtime_engine | State: DROWSY     | Confidence: 1.000
2026-04-22 11:29:02 | [92mINFO[0m | pipeline.inference.realtime_engine | State: DROWSY     | Confidence: 1.000
2026-04-22 11:29:03 | [92mINFO[0m | pipeline.inference.realtime_engine | State: DROWSY     | Confidence: 1.000
2026-04-22 11:29:03 | [92mINFO[0m | pipeline.inference.realtime_engine | State: DROWSY     | Confidence: 1.000
2026-04-22 11:29:04 | [92mINFO[0m | pipeline.inference.realtime_engine | State: DROWSY     | Confidence: 1.000
2026-04-22 11:29:04 | [92mINFO[0m | pipeline.inference.realtime_engine | State: DROWSY     | Confidence: 0.999
2026-04-22 11:29:05 | [92mINFO[0m | pipeline.inference.realtime_engine | State: DROWSY     | Confidence: 1.000
2026-04-22 11:29:05 | [92mINFO[0m | pipeline.inference.realtime_engine | State: DROWSY     | Confidence: 1.000
2026-04-22 11:29:06 | [92mINFO[0m | pipeline.inference.realtime_engine | State: STRESSED   | Confidence: 0.605
2026-04-22 11:29:06 | [92mINFO[0m | pipeline.inference.realtime_engine | State: STRESSED   | Confidence: 0.394
2026-04-22 11:29:07 | [92mINFO[0m | pipeline.inference.realtime_engine | State: STRESSED   | Confidence: 0.450
2026-04-22 11:29:07 | [92mINFO[0m | pipeline.inference.realtime_engine | State: STRESSED   | Confidence: 0.473
2026-04-22 11:29:08 | [92mINFO[0m | pipeline.inference.realtime_engine | State: DROWSY     | Confidence: 0.981
2026-04-22 11:29:08 | [92mINFO[0m | pipeline.inference.realtime_engine | State: DROWSY     | Confidence: 0.988
2026-04-22 11:29:09 | [92mINFO[0m | pipeline.inference.realtime_engine | State: DROWSY     | Confidence: 1.000
2026-04-22 11:29:09 | [92mINFO[0m | pipeline.inference.realtime_engine | State: DROWSY     | Confidence: 0.498
2026-04-22 11:29:10 | [92mINFO[0m | pipeline.inference.realtime_engine | State: DROWSY     | Confidence: 0.970
2026-04-22 11:29:10 | [92mINFO[0m | pipeline.inference.realtime_engine | State: DROWSY     | Confidence: 0.996
2026-04-22 11:29:11 | [92mINFO[0m | pipeline.inference.realtime_engine | State: DROWSY     | Confidence: 1.000
2026-04-22 11:29:11 | [92mINFO[0m | pipeline.inference.realtime_engine | State: DROWSY     | Confidence: 1.000
2026-04-22 11:29:12 | [92mINFO[0m | pipeline.inference.realtime_engine | State: STRESSED   | Confidence: 0.978
2026-04-22 11:29:12 | [92mINFO[0m | pipeline.inference.realtime_engine | State: STRESSED   | Confidence: 1.000
2026-04-22 11:29:13 | [92mINFO[0m | pipeline.inference.realtime_engine | State: STRESSED   | Confidence: 0.996
2026-04-22 11:29:13 | [92mINFO[0m | pipeline.inference.realtime_engine | State: STRESSED   | Confidence: 1.000
2026-04-22 11:29:14 | [92mINFO[0m | pipeline.inference.realtime_engine | State: STRESSED   | Confidence: 1.000
2026-04-22 11:29:14 | [92mINFO[0m | pipeline.inference.realtime_engine | State: STRESSED   | Confidence: 0.782
2026-04-22 11:29:15 | [92mINFO[0m | pipeline.inference.realtime_engine | State: STRESSED   | Confidence: 0.904
2026-04-22 11:29:15 | [92mINFO[0m | pipeline.inference.realtime_engine | State: DROWSY     | Confidence: 0.514
2026-04-22 11:29:16 | [92mINFO[0m | pipeline.inference.realtime_engine | State: DROWSY     | Confidence: 0.533
2026-04-22 11:29:16 | [92mINFO[0m | pipeline.inference.realtime_engine | State: DROWSY     | Confidence: 1.000
2026-04-22 11:29:17 | [92mINFO[0m | pipeline.inference.realtime_engine | State: DROWSY     | Confidence: 0.999
2026-04-22 11:29:17 | [92mINFO[0m | pipeline.inference.realtime_engine | State: DROWSY     | Confidence: 0.820
2026-04-22 11:29:18 | [92mINFO[0m | pipeline.inference.realtime_engine | State: DROWSY     | Confidence: 1.000
2026-04-22 11:29:18 | [92mINFO[0m | pipeline.inference.realtime_engine | State: DROWSY     | Confidence: 1.000
2026-04-22 11:29:19 | [92mINFO[0m | pipeline.inference.realtime_engine | State: DROWSY     | Confidence: 0.998
2026-04-22 11:29:19 | [92mINFO[0m | pipeline.inference.realtime_engine | State: DROWSY     | Confidence: 1.000
2026-04-22 11:29:20 | [92mINFO[0m | pipeline.inference.realtime_engine | State: DROWSY     | Confidence: 1.000
2026-04-22 11:29:20 | [92mINFO[0m | pipeline.inference.realtime_engine | State: DROWSY     | Confidence: 0.978
2026-04-22 11:29:21 | [92mINFO[0m | pipeline.inference.realtime_engine | State: DROWSY     | Confidence: 1.000
2026-04-22 11:29:21 | [92mINFO[0m | pipeline.inference.realtime_engine | State: DROWSY     | Confidence: 0.999
2026-04-22 11:29:22 | [92mINFO[0m | pipeline.inference.realtime_engine | State: DROWSY     | Confidence: 1.000
2026-04-22 11:29:22 | [92mINFO[0m | pipeline.inference.realtime_engine | State: DROWSY     | Confidence: 1.000
2026-04-22 11:29:23 | [92mINFO[0m | pipeline.inference.realtime_engine | State: DROWSY     | Confidence: 1.000
2026-04-22 11:29:23 | [92mINFO[0m | pipeline.inference.realtime_engine | State: DROWSY     | Confidence: 0.975
2026-04-22 11:29:24 | [92mINFO[0m | pipeline.inference.realtime_engine | State: DROWSY     | Confidence: 1.000
2026-04-22 11:29:24 | [92mINFO[0m | pipeline.inference.realtime_engine | State: DROWSY     | Confidence: 1.000
2026-04-22 11:29:25 | [92mINFO[0m | pipeline.inference.realtime_engine | State: DROWSY     | Confidence: 1.000
2026-04-22 11:29:25 | [92mINFO[0m | pipeline.inference.realtime_engine | State: DROWSY     | Confidence: 1.000
2026-04-22 11:29:26 | [92mINFO[0m | pipeline.inference.realtime_engine | State: DROWSY     | Confidence: 1.000
2026-04-22 11:29:26 | [92mINFO[0m | pipeline.inference.realtime_engine | State: DROWSY     | Confidence: 1.000
2026-04-22 11:29:27 | [92mINFO[0m | pipeline.inference.realtime_engine | State: DROWSY     | Confidence: 1.000
2026-04-22 11:29:27 | [92mINFO[0m | pipeline.inference.realtime_engine | State: DROWSY     | Confidence: 1.000
2026-04-22 11:29:28 | [92mINFO[0m | pipeline.inference.realtime_engine | State: DROWSY     | Confidence: 0.990
2026-04-22 11:29:28 | [92mINFO[0m | pipeline.inference.realtime_engine | State: DROWSY     | Confidence: 0.355
2026-04-22 11:29:29 | [92mINFO[0m | pipeline.inference.realtime_engine | State: DROWSY     | Confidence: 0.453
2026-04-22 11:29:29 | [92mINFO[0m | pipeline.inference.realtime_engine | State: DROWSY     | Confidence: 0.563
2026-04-22 11:29:30 | [92mINFO[0m | pipeline.inference.realtime_engine | State: FOCUSED    | Confidence: 0.421
2026-04-22 11:29:30 | [92mINFO[0m | pipeline.inference.realtime_engine | State: FOCUSED    | Confidence: 0.561
2026-04-22 11:29:31 | [92mINFO[0m | pipeline.inference.realtime_engine | State: FOCUSED    | Confidence: 0.519
2026-04-22 11:29:31 | [92mINFO[0m | pipeline.inference.realtime_engine | State: STRESSED   | Confidence: 0.583
2026-04-22 11:29:32 | [92mINFO[0m | pipeline.inference.realtime_engine | State: STRESSED   | Confidence: 0.636
2026-04-22 11:29:32 | [92mINFO[0m | pipeline.inference.realtime_engine | State: FOCUSED    | Confidence: 0.496
2026-04-22 11:29:33 | [92mINFO[0m | pipeline.inference.realtime_engine | State: FOCUSED    | Confidence: 0.517
2026-04-22 11:29:33 | [92mINFO[0m | pipeline.inference.realtime_engine | State: FOCUSED    | Confidence: 0.492
2026-04-22 11:29:34 | [92mINFO[0m | pipeline.inference.realtime_engine | State: FOCUSED    | Confidence: 0.483
2026-04-22 11:29:34 | [92mINFO[0m | pipeline.inference.realtime_engine | State: FOCUSED    | Confidence: 0.679
2026-04-22 11:29:35 | [92mINFO[0m | pipeline.inference.realtime_engine | State: FOCUSED    | Confidence: 0.640
2026-04-22 11:29:35 | [92mINFO[0m | pipeline.inference.realtime_engine | State: STRESSED   | Confidence: 0.511
2026-04-22 11:29:36 | [92mINFO[0m | pipeline.inference.realtime_engine | State: STRESSED   | Confidence: 0.859
2026-04-22 11:29:36 | [92mINFO[0m | pipeline.inference.realtime_engine | State: STRESSED   | Confidence: 0.918
2026-04-22 11:29:37 | [92mINFO[0m | pipeline.inference.realtime_engine | State: STRESSED   | Confidence: 0.999
2026-04-22 11:29:37 | [92mINFO[0m | pipeline.inference.realtime_engine | State: STRESSED   | Confidence: 1.000
2026-04-22 11:29:38 | [92mINFO[0m | pipeline.inference.realtime_engine | State: DROWSY     | Confidence: 1.000
2026-04-22 11:29:38 | [92mINFO[0m | pipeline.inference.realtime_engine | State: DROWSY     | Confidence: 1.000
2026-04-22 11:29:39 | [92mINFO[0m | pipeline.inference.realtime_engine | State: DROWSY     | Confidence: 1.000
2026-04-22 11:29:39 | [92mINFO[0m | pipeline.inference.realtime_engine | State: DROWSY     | Confidence: 1.000
2026-04-22 11:29:40 | [92mINFO[0m | pipeline.inference.realtime_engine | State: DROWSY     | Confidence: 1.000
2026-04-22 11:29:40 | [92mINFO[0m | pipeline.inference.realtime_engine | State: DROWSY     | Confidence: 0.990
2026-04-22 11:29:41 | [92mINFO[0m | pipeline.inference.realtime_engine | State: DROWSY     | Confidence: 1.000
2026-04-22 11:29:41 | [92mINFO[0m | pipeline.inference.realtime_engine | State: DROWSY     | Confidence: 0.801
2026-04-22 11:29:42 | [92mINFO[0m | pipeline.inference.realtime_engine | State: DROWSY     | Confidence: 0.793
2026-04-22 11:29:42 | [92mINFO[0m | pipeline.inference.realtime_engine | State: DROWSY     | Confidence: 1.000
2026-04-22 11:29:43 | [92mINFO[0m | pipeline.inference.realtime_engine | State: DROWSY     | Confidence: 0.995
2026-04-22 11:29:43 | [92mINFO[0m | pipeline.inference.realtime_engine | State: DROWSY     | Confidence: 0.643
2026-04-22 11:29:44 | [92mINFO[0m | pipeline.inference.realtime_engine | State: DROWSY     | Confidence: 1.000
2026-04-22 11:29:44 | [92mINFO[0m | pipeline.inference.realtime_engine | State: DROWSY     | Confidence: 1.000
2026-04-22 11:29:45 | [92mINFO[0m | pipeline.inference.realtime_engine | State: DROWSY     | Confidence: 1.000
2026-04-22 11:29:45 | [92mINFO[0m | pipeline.inference.realtime_engine | State: DROWSY     | Confidence: 1.000
2026-04-22 11:29:46 | [92mINFO[0m | pipeline.inference.realtime_engine | State: DROWSY     | Confidence: 0.656
2026-04-22 11:29:46 | [92mINFO[0m | pipeline.inference.realtime_engine | State: DROWSY     | Confidence: 0.531
2026-04-22 11:29:47 | [92mINFO[0m | pipeline.inference.realtime_engine | State: DROWSY     | Confidence: 0.581
2026-04-22 11:29:47 | [92mINFO[0m | pipeline.inference.realtime_engine | State: FOCUSED    | Confidence: 0.604
2026-04-22 11:29:48 | [92mINFO[0m | pipeline.inference.realtime_engine | State: FOCUSED    | Confidence: 0.572
2026-04-22 11:29:48 | [92mINFO[0m | pipeline.inference.realtime_engine | State: FOCUSED    | Confidence: 0.354
2026-04-22 11:29:49 | [92mINFO[0m | pipeline.inference.realtime_engine | State: FOCUSED    | Confidence: 0.556
2026-04-22 11:29:49 | [92mINFO[0m | pipeline.inference.realtime_engine | State: FOCUSED    | Confidence: 0.591
2026-04-22 11:29:50 | [92mINFO[0m | pipeline.inference.realtime_engine | State: FOCUSED    | Confidence: 0.627
2026-04-22 11:29:50 | [92mINFO[0m | pipeline.inference.realtime_engine | State: FOCUSED    | Confidence: 0.726
2026-04-22 11:29:51 | [92mINFO[0m | pipeline.inference.realtime_engine | State: FOCUSED    | Confidence: 0.584
2026-04-22 11:29:51 | [92mINFO[0m | pipeline.inference.realtime_engine | State: FOCUSED    | Confidence: 0.541
2026-04-22 11:29:52 | [92mINFO[0m | pipeline.inference.realtime_engine | State: DROWSY     | Confidence: 0.926
2026-04-22 11:29:52 | [92mINFO[0m | pipeline.inference.realtime_engine | State: DROWSY     | Confidence: 0.704
2026-04-22 11:29:53 | [92mINFO[0m | pipeline.inference.realtime_engine | State: DROWSY     | Confidence: 0.900
2026-04-22 11:29:53 | [92mINFO[0m | pipeline.inference.realtime_engine | State: DROWSY     | Confidence: 0.955
2026-04-22 11:29:54 | [92mINFO[0m | pipeline.inference.realtime_engine | State: DROWSY     | Confidence: 0.439
2026-04-22 11:29:54 | [92mINFO[0m | pipeline.inference.realtime_engine | State: FOCUSED    | Confidence: 0.663
2026-04-22 11:29:55 | [92mINFO[0m | pipeline.inference.realtime_engine | State: STRESSED   | Confidence: 0.994
2026-04-22 11:29:55 | [92mINFO[0m | pipeline.inference.realtime_engine | State: STRESSED   | Confidence: 0.996
2026-04-22 11:29:56 | [92mINFO[0m | pipeline.inference.realtime_engine | State: STRESSED   | Confidence: 1.000
2026-04-22 11:29:56 | [92mINFO[0m | pipeline.inference.realtime_engine | State: STRESSED   | Confidence: 1.000
2026-04-22 11:29:57 | [92mINFO[0m | pipeline.inference.realtime_engine | State: STRESSED   | Confidence: 1.000
2026-04-22 11:29:57 | [92mINFO[0m | pipeline.inference.realtime_engine | State: DROWSY     | Confidence: 1.000
2026-04-22 11:29:58 | [92mINFO[0m | pipeline.inference.realtime_engine | State: DROWSY     | Confidence: 1.000
2026-04-22 11:29:58 | [92mINFO[0m | pipeline.inference.realtime_engine | State: DROWSY     | Confidence: 0.875
2026-04-22 11:29:59 | [92mINFO[0m | pipeline.inference.realtime_engine | State: DROWSY     | Confidence: 1.000
2026-04-22 11:29:59 | [92mINFO[0m | pipeline.inference.realtime_engine | State: DROWSY     | Confidence: 1.000
2026-04-22 11:30:00 | [92mINFO[0m | pipeline.inference.realtime_engine | State: DROWSY     | Confidence: 1.000
2026-04-22 11:30:00 | [92mINFO[0m | pipeline.inference.realtime_engine | State: DROWSY     | Confidence: 0.548
2026-04-22 11:30:01 | [92mINFO[0m | pipeline.inference.realtime_engine | State: DROWSY     | Confidence: 1.000
2026-04-22 11:30:01 | [92mINFO[0m | pipeline.inference.realtime_engine | State: DROWSY     | Confidence: 1.000
2026-04-22 11:30:02 | [92mINFO[0m | pipeline.inference.realtime_engine | State: STRESSED   | Confidence: 1.000
2026-04-22 11:30:02 | [92mINFO[0m | pipeline.inference.realtime_engine | State: STRESSED   | Confidence: 0.545
2026-04-22 11:30:03 | [92mINFO[0m | pipeline.inference.realtime_engine | State: STRESSED   | Confidence: 1.000
2026-04-22 11:30:03 | [92mINFO[0m | pipeline.inference.realtime_engine | State: STRESSED   | Confidence: 1.000
2026-04-22 11:30:04 | [92mINFO[0m | pipeline.inference.realtime_engine | State: DROWSY     | Confidence: 1.000
2026-04-22 11:30:04 | [92mINFO[0m | pipeline.inference.realtime_engine | State: DROWSY     | Confidence: 1.000
2026-04-22 11:30:05 | [92mINFO[0m | pipeline.inference.realtime_engine | State: DROWSY     | Confidence: 0.688
2026-04-22 11:30:05 | [92mINFO[0m | pipeline.inference.realtime_engine | State: DROWSY     | Confidence: 0.757
2026-04-22 11:30:06 | [92mINFO[0m | pipeline.inference.realtime_engine | State: DROWSY     | Confidence: 0.621
2026-04-22 11:30:06 | [92mINFO[0m | pipeline.inference.realtime_engine | State: DROWSY     | Confidence: 0.428
2026-04-22 11:30:07 | [92mINFO[0m | pipeline.inference.realtime_engine | State: DROWSY     | Confidence: 0.812
2026-04-22 11:30:07 | [92mINFO[0m | pipeline.inference.realtime_engine | State: STRESSED   | Confidence: 0.828
2026-04-22 11:30:08 | [92mINFO[0m | pipeline.inference.realtime_engine | State: STRESSED   | Confidence: 0.898
2026-04-22 11:30:08 | [92mINFO[0m | pipeline.inference.realtime_engine | State: STRESSED   | Confidence: 0.575
2026-04-22 11:30:09 | [92mINFO[0m | pipeline.inference.realtime_engine | State: STRESSED   | Confidence: 0.887
2026-04-22 11:30:09 | [92mINFO[0m | pipeline.inference.realtime_engine | State: STRESSED   | Confidence: 0.534
2026-04-22 11:30:10 | [92mINFO[0m | pipeline.inference.realtime_engine | State: DROWSY     | Confidence: 0.419
2026-04-22 11:30:10 | [92mINFO[0m | pipeline.inference.realtime_engine | State: DROWSY     | Confidence: 0.400
2026-04-22 11:30:11 | [92mINFO[0m | pipeline.inference.realtime_engine | State: DROWSY     | Confidence: 0.539
2026-04-22 11:30:11 | [92mINFO[0m | pipeline.inference.realtime_engine | State: DROWSY     | Confidence: 0.618
2026-04-22 11:30:12 | [92mINFO[0m | pipeline.inference.realtime_engine | State: DROWSY     | Confidence: 0.750
2026-04-22 11:30:12 | [92mINFO[0m | pipeline.inference.realtime_engine | State: DROWSY     | Confidence: 0.411
2026-04-22 11:30:13 | [92mINFO[0m | pipeline.inference.realtime_engine | State: DROWSY     | Confidence: 0.677
2026-04-22 11:30:13 | [92mINFO[0m | pipeline.inference.realtime_engine | State: DROWSY     | Confidence: 0.515
2026-04-22 11:30:14 | [92mINFO[0m | pipeline.inference.realtime_engine | State: FOCUSED    | Confidence: 0.638
2026-04-22 11:30:14 | [92mINFO[0m | pipeline.inference.realtime_engine | State: FOCUSED    | Confidence: 0.955
2026-04-22 11:30:15 | [92mINFO[0m | pipeline.inference.realtime_engine | State: FOCUSED    | Confidence: 0.753
2026-04-22 11:30:15 | [92mINFO[0m | pipeline.inference.realtime_engine | State: FOCUSED    | Confidence: 0.857
2026-04-22 11:30:16 | [92mINFO[0m | pipeline.inference.realtime_engine | State: STRESSED   | Confidence: 0.832
2026-04-22 11:30:16 | [92mINFO[0m | pipeline.inference.realtime_engine | State: STRESSED   | Confidence: 0.990
2026-04-22 11:30:17 | [92mINFO[0m | pipeline.inference.realtime_engine | State: STRESSED   | Confidence: 0.999
2026-04-22 11:30:17 | [92mINFO[0m | pipeline.inference.realtime_engine | State: STRESSED   | Confidence: 1.000
2026-04-22 11:30:18 | [92mINFO[0m | pipeline.inference.realtime_engine | State: STRESSED   | Confidence: 0.969
2026-04-22 11:30:18 | [92mINFO[0m | pipeline.inference.realtime_engine | State: STRESSED   | Confidence: 0.997
2026-04-22 11:30:19 | [92mINFO[0m | pipeline.inference.realtime_engine | State: STRESSED   | Confidence: 1.000
2026-04-22 11:30:19 | [92mINFO[0m | pipeline.inference.realtime_engine | State: STRESSED   | Confidence: 0.999
2026-04-22 11:30:20 | [92mINFO[0m | pipeline.inference.realtime_engine | State: STRESSED   | Confidence: 0.977
2026-04-22 11:30:20 | [92mINFO[0m | pipeline.inference.realtime_engine | State: STRESSED   | Confidence: 0.913
2026-04-22 11:30:21 | [92mINFO[0m | pipeline.inference.realtime_engine | State: STRESSED   | Confidence: 0.540
2026-04-22 11:30:21 | [92mINFO[0m | pipeline.inference.realtime_engine | State: STRESSED   | Confidence: 0.557
2026-04-22 11:30:22 | [92mINFO[0m | pipeline.inference.realtime_engine | State: STRESSED   | Confidence: 0.979
2026-04-22 11:30:22 | [92mINFO[0m | pipeline.inference.realtime_engine | State: FOCUSED    | Confidence: 0.699
2026-04-22 11:30:23 | [92mINFO[0m | pipeline.inference.realtime_engine | State: FOCUSED    | Confidence: 0.695
2026-04-22 11:30:23 | [92mINFO[0m | pipeline.inference.realtime_engine | State: FOCUSED    | Confidence: 0.508
2026-04-22 11:30:24 | [92mINFO[0m | pipeline.inference.realtime_engine | State: FOCUSED    | Confidence: 0.584
2026-04-22 11:30:24 | [92mINFO[0m | pipeline.inference.realtime_engine | State: FOCUSED    | Confidence: 0.565
2026-04-22 11:30:25 | [92mINFO[0m | pipeline.inference.realtime_engine | State: STRESSED   | Confidence: 0.970
2026-04-22 11:30:25 | [92mINFO[0m | pipeline.inference.realtime_engine | State: STRESSED   | Confidence: 0.954
2026-04-22 11:30:26 | [92mINFO[0m | pipeline.inference.realtime_engine | State: STRESSED   | Confidence: 1.000
2026-04-22 11:30:26 | [92mINFO[0m | pipeline.inference.realtime_engine | State: STRESSED   | Confidence: 0.998
2026-04-22 11:30:27 | [92mINFO[0m | pipeline.inference.realtime_engine | State: STRESSED   | Confidence: 1.000
2026-04-22 11:30:27 | [92mINFO[0m | pipeline.inference.realtime_engine | State: STRESSED   | Confidence: 0.908
2026-04-22 11:30:28 | [92mINFO[0m | pipeline.inference.realtime_engine | State: STRESSED   | Confidence: 0.997
2026-04-22 11:30:28 | [92mINFO[0m | pipeline.inference.realtime_engine | State: STRESSED   | Confidence: 1.000
2026-04-22 11:30:29 | [92mINFO[0m | pipeline.inference.realtime_engine | State: STRESSED   | Confidence: 0.614
2026-04-22 11:30:29 | [92mINFO[0m | pipeline.inference.realtime_engine | State: STRESSED   | Confidence: 0.987
2026-04-22 11:30:30 | [92mINFO[0m | pipeline.inference.realtime_engine | State: STRESSED   | Confidence: 0.754
2026-04-22 11:30:30 | [92mINFO[0m | pipeline.inference.realtime_engine | State: STRESSED   | Confidence: 0.987
2026-04-22 11:30:31 | [92mINFO[0m | pipeline.inference.realtime_engine | State: STRESSED   | Confidence: 1.000
2026-04-22 11:30:31 | [92mINFO[0m | pipeline.inference.realtime_engine | State: STRESSED   | Confidence: 0.993
2026-04-22 11:30:32 | [92mINFO[0m | pipeline.inference.realtime_engine | State: STRESSED   | Confidence: 0.989
2026-04-22 11:30:32 | [92mINFO[0m | pipeline.inference.realtime_engine | State: STRESSED   | Confidence: 0.682
2026-04-22 11:30:33 | [92mINFO[0m | pipeline.inference.realtime_engine | State: STRESSED   | Confidence: 0.943
2026-04-22 11:30:33 | [92mINFO[0m | pipeline.inference.realtime_engine | State: STRESSED   | Confidence: 0.657
2026-04-22 11:30:34 | [92mINFO[0m | pipeline.inference.realtime_engine | State: STRESSED   | Confidence: 0.595
2026-04-22 11:30:34 | [92mINFO[0m | pipeline.inference.realtime_engine | State: STRESSED   | Confidence: 0.994
2026-04-22 11:30:35 | [92mINFO[0m | pipeline.inference.realtime_engine | State: STRESSED   | Confidence: 0.830
2026-04-22 11:30:35 | [92mINFO[0m | pipeline.inference.realtime_engine | State: STRESSED   | Confidence: 0.960
2026-04-22 11:30:36 | [92mINFO[0m | pipeline.inference.realtime_engine | State: STRESSED   | Confidence: 0.996
2026-04-22 11:30:36 | [92mINFO[0m | pipeline.inference.realtime_engine | State: STRESSED   | Confidence: 0.953
2026-04-22 11:30:37 | [92mINFO[0m | pipeline.inference.realtime_engine | State: STRESSED   | Confidence: 0.996
2026-04-22 11:30:37 | [92mINFO[0m | pipeline.inference.realtime_engine | State: STRESSED   | Confidence: 0.895
2026-04-22 11:30:38 | [92mINFO[0m | pipeline.inference.realtime_engine | State: STRESSED   | Confidence: 0.783
2026-04-22 11:30:38 | [92mINFO[0m | pipeline.inference.realtime_engine | State: STRESSED   | Confidence: 0.991
2026-04-22 11:30:39 | [92mINFO[0m | pipeline.inference.realtime_engine | State: STRESSED   | Confidence: 0.975
2026-04-22 11:30:39 | [92mINFO[0m | pipeline.inference.realtime_engine | State: STRESSED   | Confidence: 0.897
2026-04-22 11:30:40 | [92mINFO[0m | pipeline.inference.realtime_engine | State: STRESSED   | Confidence: 0.522
2026-04-22 11:30:40 | [92mINFO[0m | pipeline.inference.realtime_engine | State: STRESSED   | Confidence: 0.911
2026-04-22 11:30:41 | [92mINFO[0m | pipeline.inference.realtime_engine | State: STRESSED   | Confidence: 0.559
2026-04-22 11:30:41 | [92mINFO[0m | pipeline.inference.realtime_engine | State: STRESSED   | Confidence: 0.535
2026-04-22 11:30:42 | [92mINFO[0m | pipeline.inference.realtime_engine | State: STRESSED   | Confidence: 0.930
2026-04-22 11:30:42 | [92mINFO[0m | pipeline.inference.realtime_engine | State: STRESSED   | Confidence: 0.851
2026-04-22 11:30:43 | [92mINFO[0m | pipeline.inference.realtime_engine | State: STRESSED   | Confidence: 0.477
2026-04-22 11:30:43 | [92mINFO[0m | pipeline.inference.realtime_engine | State: STRESSED   | Confidence: 0.533
2026-04-22 11:30:44 | [92mINFO[0m | pipeline.inference.realtime_engine | State: STRESSED   | Confidence: 0.673
2026-04-22 11:30:44 | [92mINFO[0m | pipeline.inference.realtime_engine | State: STRESSED   | Confidence: 0.777
2026-04-22 11:30:45 | [92mINFO[0m | pipeline.inference.realtime_engine | State: STRESSED   | Confidence: 0.772
2026-04-22 11:30:45 | [92mINFO[0m | pipeline.inference.realtime_engine | State: STRESSED   | Confidence: 0.929
2026-04-22 11:30:46 | [92mINFO[0m | pipeline.inference.realtime_engine | State: STRESSED   | Confidence: 0.807
2026-04-22 11:30:46 | [92mINFO[0m | pipeline.inference.realtime_engine | State: STRESSED   | Confidence: 0.629
2026-04-22 11:30:47 | [92mINFO[0m | pipeline.inference.realtime_engine | State: STRESSED   | Confidence: 0.513
2026-04-22 11:30:47 | [92mINFO[0m | pipeline.inference.realtime_engine | State: STRESSED   | Confidence: 0.387
2026-04-22 11:30:48 | [92mINFO[0m | pipeline.inference.realtime_engine | State: FOCUSED    | Confidence: 0.778
2026-04-22 11:30:48 | [92mINFO[0m | pipeline.inference.realtime_engine | State: FOCUSED    | Confidence: 0.492
2026-04-22 11:30:49 | [92mINFO[0m | pipeline.inference.realtime_engine | State: FOCUSED    | Confidence: 0.548
2026-04-22 11:30:49 | [92mINFO[0m | pipeline.inference.realtime_engine | State: FOCUSED    | Confidence: 0.579
2026-04-22 11:30:50 | [92mINFO[0m | pipeline.inference.realtime_engine | State: FOCUSED    | Confidence: 0.869
2026-04-22 11:30:50 | [92mINFO[0m | pipeline.inference.realtime_engine | State: DROWSY     | Confidence: 0.850
2026-04-22 11:30:51 | [92mINFO[0m | pipeline.inference.realtime_engine | State: DROWSY     | Confidence: 0.786
2026-04-22 11:30:51 | [92mINFO[0m | pipeline.inference.realtime_engine | State: STRESSED   | Confidence: 0.986
2026-04-22 11:30:52 | [92mINFO[0m | pipeline.inference.realtime_engine | State: STRESSED   | Confidence: 1.000
2026-04-22 11:30:52 | [92mINFO[0m | pipeline.inference.realtime_engine | State: STRESSED   | Confidence: 0.964
2026-04-22 11:30:53 | [92mINFO[0m | pipeline.inference.realtime_engine | State: STRESSED   | Confidence: 0.836
2026-04-22 11:33:58 | [92mINFO[0m | __main__ |  Configuration loaded
2026-04-22 11:34:00 | [92mINFO[0m | pipeline.ingestion.arduino_reader | Initialized ArduinoReader for COM5 @ 230400 baud
2026-04-22 11:34:00 | [92mINFO[0m | pipeline.inference.realtime_engine | [OK] Model loaded from models\saved\eegnet_best.pth
2026-04-22 11:34:00 | [92mINFO[0m | pipeline.ingestion.arduino_reader | Connecting to COM5...
2026-04-22 11:34:03 | [92mINFO[0m | pipeline.ingestion.arduino_reader |  [ok] Connected to UNO-R4
2026-04-22 11:34:03 | [92mINFO[0m | pipeline.inference.realtime_engine | Streaming predictions (Ctrl+C to stop)...

2026-04-22 11:34:05 | [92mINFO[0m | pipeline.inference.realtime_engine | State: NEUTRAL    | Confidence: 0.480
2026-04-22 11:34:05 | [92mINFO[0m | pipeline.inference.realtime_engine | State: NEUTRAL    | Confidence: 0.638
2026-04-22 11:34:05 | [92mINFO[0m | pipeline.inference.realtime_engine | State: NEUTRAL    | Confidence: 1.000
2026-04-22 11:34:06 | [92mINFO[0m | pipeline.inference.realtime_engine | State: DROWSY     | Confidence: 1.000
2026-04-22 11:34:06 | [92mINFO[0m | pipeline.inference.realtime_engine | State: DROWSY     | Confidence: 1.000
2026-04-22 11:34:07 | [92mINFO[0m | pipeline.inference.realtime_engine | State: DROWSY     | Confidence: 1.000
2026-04-22 11:34:07 | [92mINFO[0m | pipeline.inference.realtime_engine | State: DROWSY     | Confidence: 1.000
2026-04-22 11:34:08 | [92mINFO[0m | pipeline.inference.realtime_engine | State: DROWSY     | Confidence: 1.000
2026-04-22 11:34:08 | [92mINFO[0m | pipeline.inference.realtime_engine | State: DROWSY     | Confidence: 1.000
2026-04-22 11:34:09 | [92mINFO[0m | pipeline.inference.realtime_engine | State: DROWSY     | Confidence: 1.000
2026-04-22 11:34:09 | [92mINFO[0m | pipeline.inference.realtime_engine | State: DROWSY     | Confidence: 1.000
2026-04-22 11:34:10 | [92mINFO[0m | pipeline.inference.realtime_engine | State: DROWSY     | Confidence: 1.000
2026-04-22 11:34:10 | [92mINFO[0m | pipeline.inference.realtime_engine | State: DROWSY     | Confidence: 1.000
2026-04-22 11:34:11 | [92mINFO[0m | pipeline.inference.realtime_engine | State: DROWSY     | Confidence: 1.000
2026-04-22 11:34:11 | [92mINFO[0m | pipeline.inference.realtime_engine | State: DROWSY     | Confidence: 1.000
2026-04-22 11:34:12 | [92mINFO[0m | pipeline.inference.realtime_engine | State: DROWSY     | Confidence: 1.000
2026-04-22 11:34:12 | [92mINFO[0m | pipeline.inference.realtime_engine | State: DROWSY     | Confidence: 0.999
2026-04-22 11:34:13 | [92mINFO[0m | pipeline.inference.realtime_engine | State: DROWSY     | Confidence: 0.798
2026-04-22 11:34:13 | [92mINFO[0m | pipeline.inference.realtime_engine | State: DROWSY     | Confidence: 1.000
2026-04-22 11:34:14 | [92mINFO[0m | pipeline.inference.realtime_engine | State: DROWSY     | Confidence: 0.999
2026-04-22 11:34:14 | [92mINFO[0m | pipeline.inference.realtime_engine | State: DROWSY     | Confidence: 0.966
2026-04-22 11:34:15 | [92mINFO[0m | pipeline.inference.realtime_engine | State: DROWSY     | Confidence: 0.776
2026-04-22 11:34:15 | [92mINFO[0m | pipeline.inference.realtime_engine | State: DROWSY     | Confidence: 1.000
2026-04-22 11:34:16 | [92mINFO[0m | pipeline.inference.realtime_engine | State: NEUTRAL    | Confidence: 0.761
2026-04-22 11:34:16 | [92mINFO[0m | pipeline.inference.realtime_engine | State: NEUTRAL    | Confidence: 1.000
2026-04-22 11:34:17 | [92mINFO[0m | pipeline.inference.realtime_engine | State: DROWSY     | Confidence: 1.000
2026-04-22 11:34:17 | [92mINFO[0m | pipeline.inference.realtime_engine | State: DROWSY     | Confidence: 1.000
2026-04-22 11:34:18 | [92mINFO[0m | pipeline.inference.realtime_engine | State: DROWSY     | Confidence: 1.000
2026-04-22 11:34:18 | [92mINFO[0m | pipeline.inference.realtime_engine | State: DROWSY     | Confidence: 1.000
2026-04-22 11:34:19 | [92mINFO[0m | pipeline.inference.realtime_engine | State: DROWSY     | Confidence: 1.000
2026-04-22 11:34:19 | [92mINFO[0m | pipeline.inference.realtime_engine | State: DROWSY     | Confidence: 1.000
2026-04-22 11:34:20 | [92mINFO[0m | pipeline.inference.realtime_engine | State: DROWSY     | Confidence: 1.000
2026-04-22 11:34:20 | [92mINFO[0m | pipeline.inference.realtime_engine | State: DROWSY     | Confidence: 1.000
2026-04-22 11:34:21 | [92mINFO[0m | pipeline.inference.realtime_engine | State: DROWSY     | Confidence: 1.000
2026-04-22 11:34:21 | [92mINFO[0m | pipeline.inference.realtime_engine | State: DROWSY     | Confidence: 1.000
2026-04-22 11:34:22 | [92mINFO[0m | pipeline.inference.realtime_engine | State: DROWSY     | Confidence: 0.966
2026-04-22 11:34:22 | [92mINFO[0m | pipeline.inference.realtime_engine | State: DROWSY     | Confidence: 1.000
2026-04-22 11:34:23 | [92mINFO[0m | pipeline.inference.realtime_engine | State: DROWSY     | Confidence: 1.000
2026-04-22 11:34:23 | [92mINFO[0m | pipeline.inference.realtime_engine | State: DROWSY     | Confidence: 1.000
2026-04-22 11:34:24 | [92mINFO[0m | pipeline.inference.realtime_engine | State: DROWSY     | Confidence: 0.919
2026-04-22 11:34:24 | [92mINFO[0m | pipeline.inference.realtime_engine | State: DROWSY     | Confidence: 1.000
2026-04-22 11:34:25 | [92mINFO[0m | pipeline.inference.realtime_engine | State: DROWSY     | Confidence: 1.000
2026-04-22 11:34:25 | [92mINFO[0m | pipeline.inference.realtime_engine | State: DROWSY     | Confidence: 1.000
2026-04-22 11:34:26 | [92mINFO[0m | pipeline.inference.realtime_engine | State: DROWSY     | Confidence: 0.997
2026-04-22 11:34:26 | [92mINFO[0m | pipeline.inference.realtime_engine | State: DROWSY     | Confidence: 0.977
2026-04-22 11:34:27 | [92mINFO[0m | pipeline.inference.realtime_engine | State: NEUTRAL    | Confidence: 1.000
2026-04-22 11:34:27 | [92mINFO[0m | pipeline.inference.realtime_engine | State: NEUTRAL    | Confidence: 0.994
2026-04-22 11:34:28 | [92mINFO[0m | pipeline.inference.realtime_engine | State: NEUTRAL    | Confidence: 0.969
2026-04-22 11:34:28 | [92mINFO[0m | pipeline.inference.realtime_engine | State: NEUTRAL    | Confidence: 1.000
2026-04-22 11:34:29 | [92mINFO[0m | pipeline.inference.realtime_engine | State: NEUTRAL    | Confidence: 1.000
2026-04-22 11:34:29 | [92mINFO[0m | pipeline.inference.realtime_engine | State: DROWSY     | Confidence: 1.000
2026-04-22 11:34:30 | [92mINFO[0m | pipeline.inference.realtime_engine | State: DROWSY     | Confidence: 1.000
2026-04-22 11:34:30 | [92mINFO[0m | pipeline.inference.realtime_engine | State: DROWSY     | Confidence: 1.000
2026-04-22 11:34:31 | [92mINFO[0m | pipeline.inference.realtime_engine | State: DROWSY     | Confidence: 1.000
2026-04-22 11:34:31 | [92mINFO[0m | pipeline.inference.realtime_engine | State: DROWSY     | Confidence: 1.000
2026-04-22 11:34:32 | [92mINFO[0m | pipeline.inference.realtime_engine | State: DROWSY     | Confidence: 1.000
2026-04-22 11:34:32 | [92mINFO[0m | pipeline.inference.realtime_engine | State: DROWSY     | Confidence: 0.998
2026-04-22 11:34:33 | [92mINFO[0m | pipeline.inference.realtime_engine | State: DROWSY     | Confidence: 1.000
2026-04-22 11:34:33 | [92mINFO[0m | pipeline.inference.realtime_engine | State: DROWSY     | Confidence: 1.000
2026-04-22 11:34:34 | [92mINFO[0m | pipeline.inference.realtime_engine | State: DROWSY     | Confidence: 1.000
2026-04-22 11:34:34 | [92mINFO[0m | pipeline.inference.realtime_engine | State: DROWSY     | Confidence: 1.000
2026-04-22 11:34:35 | [92mINFO[0m | pipeline.inference.realtime_engine | State: DROWSY     | Confidence: 1.000
2026-04-22 11:34:35 | [92mINFO[0m | pipeline.inference.realtime_engine | State: DROWSY     | Confidence: 1.000
2026-04-22 11:34:36 | [92mINFO[0m | pipeline.inference.realtime_engine | State: DROWSY     | Confidence: 0.976
2026-04-22 11:34:36 | [92mINFO[0m | pipeline.inference.realtime_engine | State: DROWSY     | Confidence: 1.000
2026-04-22 11:34:37 | [92mINFO[0m | pipeline.inference.realtime_engine | State: NEUTRAL    | Confidence: 1.000
2026-04-22 11:34:37 | [92mINFO[0m | pipeline.inference.realtime_engine | State: NEUTRAL    | Confidence: 1.000
2026-04-22 11:34:38 | [92mINFO[0m | pipeline.inference.realtime_engine | State: NEUTRAL    | Confidence: 0.642
2026-04-22 11:34:38 | [92mINFO[0m | pipeline.inference.realtime_engine | State: NEUTRAL    | Confidence: 0.426
2026-04-22 11:34:39 | [92mINFO[0m | pipeline.inference.realtime_engine | State: NEUTRAL    | Confidence: 0.489
2026-04-22 11:34:39 | [92mINFO[0m | pipeline.inference.realtime_engine | State: NEUTRAL    | Confidence: 0.811
2026-04-22 11:34:40 | [92mINFO[0m | pipeline.inference.realtime_engine | State: NEUTRAL    | Confidence: 0.797
2026-04-22 11:34:40 | [92mINFO[0m | pipeline.inference.realtime_engine | State: NEUTRAL    | Confidence: 1.000
2026-04-22 11:34:41 | [92mINFO[0m | pipeline.inference.realtime_engine | State: NEUTRAL    | Confidence: 1.000
2026-04-22 11:34:41 | [92mINFO[0m | pipeline.inference.realtime_engine | State: NEUTRAL    | Confidence: 1.000
2026-04-22 11:34:42 | [92mINFO[0m | pipeline.inference.realtime_engine | State: NEUTRAL    | Confidence: 1.000
2026-04-22 11:34:42 | [92mINFO[0m | pipeline.inference.realtime_engine | State: NEUTRAL    | Confidence: 1.000
2026-04-22 11:34:43 | [92mINFO[0m | pipeline.inference.realtime_engine | State: NEUTRAL    | Confidence: 1.000
2026-04-22 11:34:43 | [92mINFO[0m | pipeline.inference.realtime_engine | State: NEUTRAL    | Confidence: 1.000
2026-04-22 11:34:44 | [92mINFO[0m | pipeline.inference.realtime_engine | State: NEUTRAL    | Confidence: 1.000
2026-04-22 11:34:44 | [92mINFO[0m | pipeline.inference.realtime_engine | State: NEUTRAL    | Confidence: 1.000
2026-04-22 11:34:45 | [92mINFO[0m | pipeline.inference.realtime_engine | State: NEUTRAL    | Confidence: 1.000
2026-04-22 11:34:45 | [92mINFO[0m | pipeline.inference.realtime_engine | State: NEUTRAL    | Confidence: 1.000
2026-04-22 11:34:46 | [92mINFO[0m | pipeline.inference.realtime_engine | State: NEUTRAL    | Confidence: 1.000
2026-04-22 11:34:46 | [92mINFO[0m | pipeline.inference.realtime_engine | State: NEUTRAL    | Confidence: 0.769
2026-04-22 11:34:47 | [92mINFO[0m | pipeline.inference.realtime_engine | State: NEUTRAL    | Confidence: 0.644
2026-04-22 11:34:47 | [92mINFO[0m | pipeline.inference.realtime_engine | State: FOCUSED    | Confidence: 0.512
2026-04-22 11:34:48 | [92mINFO[0m | pipeline.inference.realtime_engine | State: FOCUSED    | Confidence: 0.471
2026-04-22 11:34:48 | [92mINFO[0m | pipeline.inference.realtime_engine | State: FOCUSED    | Confidence: 0.484
2026-04-22 11:34:49 | [92mINFO[0m | pipeline.inference.realtime_engine | State: FOCUSED    | Confidence: 1.000
2026-04-22 11:34:49 | [92mINFO[0m | pipeline.inference.realtime_engine | State: FOCUSED    | Confidence: 1.000
2026-04-22 11:34:50 | [92mINFO[0m | pipeline.inference.realtime_engine | State: DROWSY     | Confidence: 1.000
2026-04-22 11:34:50 | [92mINFO[0m | pipeline.inference.realtime_engine | State: DROWSY     | Confidence: 1.000
2026-04-22 11:34:51 | [92mINFO[0m | pipeline.inference.realtime_engine | State: DROWSY     | Confidence: 0.995
2026-04-22 11:34:51 | [92mINFO[0m | pipeline.inference.realtime_engine | State: NEUTRAL    | Confidence: 0.816
2026-04-22 11:34:52 | [92mINFO[0m | pipeline.inference.realtime_engine | State: NEUTRAL    | Confidence: 0.903
2026-04-22 11:34:52 | [92mINFO[0m | pipeline.inference.realtime_engine | State: NEUTRAL    | Confidence: 0.603
2026-04-22 11:34:53 | [92mINFO[0m | pipeline.inference.realtime_engine | State: NEUTRAL    | Confidence: 1.000
2026-04-22 11:34:53 | [92mINFO[0m | pipeline.inference.realtime_engine | State: NEUTRAL    | Confidence: 1.000
2026-04-22 11:34:54 | [92mINFO[0m | pipeline.inference.realtime_engine | State: DROWSY     | Confidence: 1.000
2026-04-22 11:34:54 | [92mINFO[0m | pipeline.inference.realtime_engine | State: DROWSY     | Confidence: 1.000
2026-04-22 11:34:55 | [92mINFO[0m | pipeline.inference.realtime_engine | State: DROWSY     | Confidence: 1.000
2026-04-22 11:34:55 | [92mINFO[0m | pipeline.inference.realtime_engine | State: DROWSY     | Confidence: 1.000
2026-04-22 11:34:56 | [92mINFO[0m | pipeline.inference.realtime_engine | State: DROWSY     | Confidence: 1.000
2026-04-22 11:34:56 | [92mINFO[0m | pipeline.inference.realtime_engine | State: DROWSY     | Confidence: 1.000
2026-04-22 11:34:57 | [92mINFO[0m | pipeline.inference.realtime_engine | State: DROWSY     | Confidence: 1.000
2026-04-22 11:34:57 | [92mINFO[0m | pipeline.inference.realtime_engine | State: DROWSY     | Confidence: 1.000
2026-04-22 11:34:58 | [92mINFO[0m | pipeline.inference.realtime_engine | State: DROWSY     | Confidence: 1.000
2026-04-22 11:34:58 | [92mINFO[0m | pipeline.inference.realtime_engine | State: DROWSY     | Confidence: 0.986
2026-04-22 11:34:59 | [92mINFO[0m | pipeline.inference.realtime_engine | State: DROWSY     | Confidence: 0.999
2026-04-22 11:34:59 | [92mINFO[0m | pipeline.inference.realtime_engine | State: DROWSY     | Confidence: 0.832
2026-04-22 11:35:00 | [92mINFO[0m | pipeline.inference.realtime_engine | State: DROWSY     | Confidence: 0.555
2026-04-22 11:35:00 | [92mINFO[0m | pipeline.inference.realtime_engine | State: DROWSY     | Confidence: 0.566
2026-04-22 11:35:01 | [92mINFO[0m | pipeline.inference.realtime_engine | State: DROWSY     | Confidence: 0.932
2026-04-22 11:35:01 | [92mINFO[0m | pipeline.inference.realtime_engine | State: DROWSY     | Confidence: 0.995
2026-04-22 11:35:02 | [92mINFO[0m | pipeline.inference.realtime_engine | State: DROWSY     | Confidence: 0.989
2026-04-22 11:35:02 | [92mINFO[0m | pipeline.inference.realtime_engine | State: DROWSY     | Confidence: 0.703
2026-04-22 11:35:03 | [92mINFO[0m | pipeline.inference.realtime_engine | State: DROWSY     | Confidence: 0.748
2026-04-22 11:35:03 | [92mINFO[0m | pipeline.inference.realtime_engine | State: DROWSY     | Confidence: 0.896
2026-04-22 11:35:04 | [92mINFO[0m | pipeline.inference.realtime_engine | State: FOCUSED    | Confidence: 0.703
2026-04-22 11:35:04 | [92mINFO[0m | pipeline.inference.realtime_engine | State: FOCUSED    | Confidence: 0.568
2026-04-22 11:35:05 | [92mINFO[0m | pipeline.inference.realtime_engine | State: FOCUSED    | Confidence: 0.751
2026-04-22 11:35:05 | [92mINFO[0m | pipeline.inference.realtime_engine | State: FOCUSED    | Confidence: 0.549
2026-04-22 11:35:06 | [92mINFO[0m | pipeline.inference.realtime_engine | State: FOCUSED    | Confidence: 0.429
2026-04-22 11:35:06 | [92mINFO[0m | pipeline.inference.realtime_engine | State: FOCUSED    | Confidence: 0.550
2026-04-22 11:35:07 | [92mINFO[0m | pipeline.inference.realtime_engine | State: DROWSY     | Confidence: 0.949
2026-04-22 11:35:07 | [92mINFO[0m | pipeline.inference.realtime_engine | State: DROWSY     | Confidence: 1.000
2026-04-22 11:35:08 | [92mINFO[0m | pipeline.inference.realtime_engine | State: DROWSY     | Confidence: 0.746
2026-04-22 11:35:08 | [92mINFO[0m | pipeline.inference.realtime_engine | State: DROWSY     | Confidence: 0.429
2026-04-22 11:35:09 | [92mINFO[0m | pipeline.inference.realtime_engine | State: DROWSY     | Confidence: 0.425
2026-04-22 11:35:09 | [92mINFO[0m | pipeline.inference.realtime_engine | State: DROWSY     | Confidence: 0.833
2026-04-22 11:35:10 | [92mINFO[0m | pipeline.inference.realtime_engine | State: DROWSY     | Confidence: 0.583
2026-04-22 11:35:10 | [92mINFO[0m | pipeline.inference.realtime_engine | State: DROWSY     | Confidence: 0.832
2026-04-22 11:35:11 | [92mINFO[0m | pipeline.inference.realtime_engine | State: DROWSY     | Confidence: 0.547
2026-04-22 11:35:11 | [92mINFO[0m | pipeline.inference.realtime_engine | State: DROWSY     | Confidence: 0.739
2026-04-22 11:35:12 | [92mINFO[0m | pipeline.inference.realtime_engine | State: DROWSY     | Confidence: 0.995
2026-04-22 11:35:12 | [92mINFO[0m | pipeline.inference.realtime_engine | State: DROWSY     | Confidence: 0.776
2026-04-22 11:35:13 | [92mINFO[0m | pipeline.inference.realtime_engine | State: DROWSY     | Confidence: 0.724
2026-04-22 11:35:13 | [92mINFO[0m | pipeline.inference.realtime_engine | State: DROWSY     | Confidence: 0.715
2026-04-22 11:35:14 | [92mINFO[0m | pipeline.inference.realtime_engine | State: DROWSY     | Confidence: 0.387
2026-04-22 11:35:14 | [92mINFO[0m | pipeline.inference.realtime_engine | State: DROWSY     | Confidence: 0.589
2026-04-22 11:35:15 | [92mINFO[0m | pipeline.inference.realtime_engine | State: DROWSY     | Confidence: 0.720
2026-04-22 11:35:15 | [92mINFO[0m | pipeline.inference.realtime_engine | State: DROWSY     | Confidence: 0.448
2026-04-22 11:35:16 | [92mINFO[0m | pipeline.inference.realtime_engine | State: FOCUSED    | Confidence: 0.606
2026-04-22 11:35:16 | [92mINFO[0m | pipeline.inference.realtime_engine | State: FOCUSED    | Confidence: 0.444
2026-04-22 11:35:17 | [92mINFO[0m | pipeline.inference.realtime_engine | State: FOCUSED    | Confidence: 0.538
2026-04-22 11:35:17 | [92mINFO[0m | pipeline.inference.realtime_engine | State: FOCUSED    | Confidence: 0.651
2026-04-22 11:35:18 | [92mINFO[0m | pipeline.inference.realtime_engine | State: FOCUSED    | Confidence: 1.000
2026-04-22 11:35:18 | [92mINFO[0m | pipeline.inference.realtime_engine | State: FOCUSED    | Confidence: 0.981
2026-04-22 11:35:19 | [92mINFO[0m | pipeline.inference.realtime_engine | State: FOCUSED    | Confidence: 1.000
2026-04-22 11:35:19 | [92mINFO[0m | pipeline.inference.realtime_engine | State: NEUTRAL    | Confidence: 0.999
2026-04-22 11:35:20 | [92mINFO[0m | pipeline.inference.realtime_engine | State: NEUTRAL    | Confidence: 0.989
2026-04-22 11:35:20 | [92mINFO[0m | pipeline.inference.realtime_engine | State: NEUTRAL    | Confidence: 1.000
2026-04-22 11:35:21 | [92mINFO[0m | pipeline.inference.realtime_engine | State: NEUTRAL    | Confidence: 0.992
2026-04-22 11:35:21 | [92mINFO[0m | pipeline.inference.realtime_engine | State: NEUTRAL    | Confidence: 0.585
2026-04-22 11:35:22 | [92mINFO[0m | pipeline.inference.realtime_engine | State: DROWSY     | Confidence: 0.586
2026-04-22 11:35:22 | [92mINFO[0m | pipeline.inference.realtime_engine | State: DROWSY     | Confidence: 0.767
2026-04-22 11:35:23 | [92mINFO[0m | pipeline.inference.realtime_engine | State: DROWSY     | Confidence: 0.852
2026-04-22 11:35:23 | [92mINFO[0m | pipeline.inference.realtime_engine | State: DROWSY     | Confidence: 0.897
2026-04-22 11:35:24 | [92mINFO[0m | pipeline.inference.realtime_engine | State: DROWSY     | Confidence: 0.829
2026-04-22 11:35:24 | [92mINFO[0m | pipeline.inference.realtime_engine | State: DROWSY     | Confidence: 0.349
2026-04-22 11:35:25 | [92mINFO[0m | pipeline.inference.realtime_engine | State: DROWSY     | Confidence: 0.947
2026-04-22 11:35:25 | [92mINFO[0m | pipeline.inference.realtime_engine | State: DROWSY     | Confidence: 0.978
2026-04-22 11:35:26 | [92mINFO[0m | pipeline.inference.realtime_engine | State: DROWSY     | Confidence: 0.869
2026-04-22 11:35:26 | [92mINFO[0m | pipeline.inference.realtime_engine | State: DROWSY     | Confidence: 0.728
2026-04-22 11:35:27 | [92mINFO[0m | pipeline.inference.realtime_engine | State: DROWSY     | Confidence: 0.463
2026-04-22 11:35:27 | [92mINFO[0m | pipeline.inference.realtime_engine | State: FOCUSED    | Confidence: 0.614
2026-04-22 11:35:28 | [92mINFO[0m | pipeline.inference.realtime_engine | State: FOCUSED    | Confidence: 0.436
2026-04-22 11:35:28 | [92mINFO[0m | pipeline.inference.realtime_engine | State: FOCUSED    | Confidence: 0.427
2026-04-22 11:35:29 | [92mINFO[0m | pipeline.inference.realtime_engine | State: FOCUSED    | Confidence: 0.896
2026-04-22 11:35:29 | [92mINFO[0m | pipeline.inference.realtime_engine | State: DROWSY     | Confidence: 0.529
2026-04-22 11:35:30 | [92mINFO[0m | pipeline.inference.realtime_engine | State: DROWSY     | Confidence: 0.465
2026-04-22 11:35:30 | [92mINFO[0m | pipeline.inference.realtime_engine | State: DROWSY     | Confidence: 0.533
2026-04-22 11:35:31 | [92mINFO[0m | pipeline.inference.realtime_engine | State: FOCUSED    | Confidence: 0.788
2026-04-22 11:35:31 | [92mINFO[0m | pipeline.inference.realtime_engine | State: FOCUSED    | Confidence: 0.566
2026-04-22 11:35:32 | [92mINFO[0m | pipeline.inference.realtime_engine | State: FOCUSED    | Confidence: 0.765
2026-04-22 11:35:32 | [92mINFO[0m | pipeline.inference.realtime_engine | State: FOCUSED    | Confidence: 0.720
2026-04-22 11:35:33 | [92mINFO[0m | pipeline.inference.realtime_engine | State: FOCUSED    | Confidence: 0.720
2026-04-22 11:35:33 | [92mINFO[0m | pipeline.inference.realtime_engine | State: FOCUSED    | Confidence: 0.720
2026-04-22 11:35:34 | [92mINFO[0m | pipeline.inference.realtime_engine | State: FOCUSED    | Confidence: 0.582
2026-04-22 11:35:34 | [92mINFO[0m | pipeline.inference.realtime_engine | State: FOCUSED    | Confidence: 0.731
2026-04-22 11:35:35 | [92mINFO[0m | pipeline.inference.realtime_engine | State: FOCUSED    | Confidence: 0.726
2026-04-22 11:35:35 | [92mINFO[0m | pipeline.inference.realtime_engine | State: FOCUSED    | Confidence: 0.715
2026-04-22 11:35:36 | [92mINFO[0m | pipeline.inference.realtime_engine | State: FOCUSED    | Confidence: 0.574
2026-04-22 11:35:36 | [92mINFO[0m | pipeline.inference.realtime_engine | State: FOCUSED    | Confidence: 0.697
2026-04-22 11:35:37 | [92mINFO[0m | pipeline.inference.realtime_engine | State: FOCUSED    | Confidence: 0.720
2026-04-22 11:35:37 | [92mINFO[0m | pipeline.inference.realtime_engine | State: FOCUSED    | Confidence: 0.720
2026-04-22 11:35:38 | [92mINFO[0m | pipeline.inference.realtime_engine | State: FOCUSED    | Confidence: 0.916
2026-04-22 11:35:38 | [92mINFO[0m | pipeline.inference.realtime_engine | State: FOCUSED    | Confidence: 0.773
2026-04-22 11:35:39 | [92mINFO[0m | pipeline.inference.realtime_engine | State: FOCUSED    | Confidence: 0.542
2026-04-22 11:35:39 | [92mINFO[0m | pipeline.inference.realtime_engine | State: FOCUSED    | Confidence: 0.560
2026-04-22 11:35:40 | [92mINFO[0m | pipeline.inference.realtime_engine | State: FOCUSED    | Confidence: 0.609
2026-04-22 11:35:40 | [92mINFO[0m | pipeline.inference.realtime_engine | State: FOCUSED    | Confidence: 0.800
2026-04-22 11:35:41 | [92mINFO[0m | pipeline.inference.realtime_engine | State: FOCUSED    | Confidence: 0.498
2026-04-22 11:35:41 | [92mINFO[0m | pipeline.inference.realtime_engine | State: FOCUSED    | Confidence: 0.397
2026-04-22 11:35:42 | [92mINFO[0m | pipeline.inference.realtime_engine | State: FOCUSED    | Confidence: 0.555
2026-04-22 11:35:42 | [92mINFO[0m | pipeline.inference.realtime_engine | State: FOCUSED    | Confidence: 0.502
2026-04-22 11:35:43 | [92mINFO[0m | pipeline.inference.realtime_engine | State: NEUTRAL    | Confidence: 0.769
2026-04-22 11:35:43 | [92mINFO[0m | pipeline.inference.realtime_engine | State: NEUTRAL    | Confidence: 0.922
2026-04-22 11:35:44 | [92mINFO[0m | pipeline.inference.realtime_engine | State: DROWSY     | Confidence: 0.977
2026-04-22 11:35:44 | [92mINFO[0m | pipeline.inference.realtime_engine | State: FOCUSED    | Confidence: 0.525
2026-04-22 11:35:45 | [92mINFO[0m | pipeline.inference.realtime_engine | State: FOCUSED    | Confidence: 0.644
2026-04-22 11:35:45 | [92mINFO[0m | pipeline.inference.realtime_engine | State: FOCUSED    | Confidence: 0.827
2026-04-22 11:35:46 | [92mINFO[0m | pipeline.inference.realtime_engine | State: FOCUSED    | Confidence: 0.389
2026-04-22 11:35:46 | [92mINFO[0m | pipeline.inference.realtime_engine | State: FOCUSED    | Confidence: 0.708
2026-04-22 11:35:47 | [92mINFO[0m | pipeline.inference.realtime_engine | State: DROWSY     | Confidence: 0.988
2026-04-22 11:35:47 | [92mINFO[0m | pipeline.inference.realtime_engine | State: DROWSY     | Confidence: 0.957
2026-04-22 11:35:48 | [92mINFO[0m | pipeline.inference.realtime_engine | State: DROWSY     | Confidence: 0.970
2026-04-22 11:35:48 | [92mINFO[0m | pipeline.inference.realtime_engine | State: DROWSY     | Confidence: 0.934
2026-04-22 11:35:49 | [92mINFO[0m | pipeline.inference.realtime_engine | State: DROWSY     | Confidence: 0.967
2026-04-22 11:35:49 | [92mINFO[0m | pipeline.inference.realtime_engine | State: NEUTRAL    | Confidence: 0.660
2026-04-22 11:35:50 | [92mINFO[0m | pipeline.inference.realtime_engine | State: NEUTRAL    | Confidence: 0.467
2026-04-22 11:35:50 | [92mINFO[0m | pipeline.inference.realtime_engine | State: NEUTRAL    | Confidence: 0.674
2026-04-22 11:35:51 | [92mINFO[0m | pipeline.inference.realtime_engine | State: DROWSY     | Confidence: 0.761
2026-04-22 11:35:51 | [92mINFO[0m | pipeline.inference.realtime_engine | State: FOCUSED    | Confidence: 0.551
2026-04-22 11:35:52 | [92mINFO[0m | pipeline.inference.realtime_engine | State: FOCUSED    | Confidence: 0.609
2026-04-22 11:35:52 | [92mINFO[0m | pipeline.inference.realtime_engine | State: FOCUSED    | Confidence: 0.687
2026-04-22 11:35:53 | [92mINFO[0m | pipeline.inference.realtime_engine | State: FOCUSED    | Confidence: 0.720
2026-04-22 11:35:53 | [92mINFO[0m | pipeline.inference.realtime_engine | State: FOCUSED    | Confidence: 0.722
2026-04-22 11:35:54 | [92mINFO[0m | pipeline.inference.realtime_engine | State: FOCUSED    | Confidence: 0.647
2026-04-22 11:35:54 | [92mINFO[0m | pipeline.inference.realtime_engine | State: FOCUSED    | Confidence: 0.710
2026-04-22 11:35:55 | [92mINFO[0m | pipeline.inference.realtime_engine | State: FOCUSED    | Confidence: 0.490
2026-04-22 11:35:55 | [92mINFO[0m | pipeline.inference.realtime_engine | State: FOCUSED    | Confidence: 0.720
2026-04-22 11:35:56 | [92mINFO[0m | pipeline.inference.realtime_engine | State: FOCUSED    | Confidence: 0.613
2026-04-22 11:35:56 | [92mINFO[0m | pipeline.inference.realtime_engine | State: FOCUSED    | Confidence: 0.798
2026-04-22 11:35:57 | [92mINFO[0m | pipeline.inference.realtime_engine | State: FOCUSED    | Confidence: 0.582
2026-04-22 11:35:57 | [92mINFO[0m | pipeline.inference.realtime_engine | State: FOCUSED    | Confidence: 0.709
2026-04-22 11:35:58 | [92mINFO[0m | pipeline.inference.realtime_engine | State: FOCUSED    | Confidence: 0.760
2026-04-22 11:35:58 | [92mINFO[0m | pipeline.inference.realtime_engine | State: FOCUSED    | Confidence: 0.391
2026-04-22 11:35:59 | [92mINFO[0m | pipeline.inference.realtime_engine | State: FOCUSED    | Confidence: 0.635
2026-04-22 11:35:59 | [92mINFO[0m | pipeline.inference.realtime_engine | State: FOCUSED    | Confidence: 0.553
2026-04-22 11:36:00 | [92mINFO[0m | pipeline.inference.realtime_engine | State: FOCUSED    | Confidence: 0.887
2026-04-22 11:36:00 | [92mINFO[0m | pipeline.inference.realtime_engine | State: FOCUSED    | Confidence: 0.720
2026-04-22 11:36:01 | [92mINFO[0m | pipeline.inference.realtime_engine | State: FOCUSED    | Confidence: 0.688
2026-04-22 11:36:01 | [92mINFO[0m | pipeline.inference.realtime_engine | State: FOCUSED    | Confidence: 0.736
2026-04-22 11:36:02 | [92mINFO[0m | pipeline.inference.realtime_engine | State: FOCUSED    | Confidence: 0.576
2026-04-22 11:36:02 | [92mINFO[0m | pipeline.inference.realtime_engine | State: FOCUSED    | Confidence: 0.504
2026-04-22 11:36:03 | [92mINFO[0m | pipeline.inference.realtime_engine | State: DROWSY     | Confidence: 0.524
2026-04-22 11:36:03 | [92mINFO[0m | pipeline.inference.realtime_engine | State: DROWSY     | Confidence: 0.981
2026-04-22 11:36:04 | [92mINFO[0m | pipeline.inference.realtime_engine | State: DROWSY     | Confidence: 0.733
2026-04-22 11:36:04 | [92mINFO[0m | pipeline.inference.realtime_engine | State: DROWSY     | Confidence: 0.600
2026-04-22 11:36:05 | [92mINFO[0m | pipeline.inference.realtime_engine | State: DROWSY     | Confidence: 0.445
2026-04-22 11:36:05 | [92mINFO[0m | pipeline.inference.realtime_engine | State: FOCUSED    | Confidence: 0.635
2026-04-22 11:36:06 | [92mINFO[0m | pipeline.inference.realtime_engine | State: FOCUSED    | Confidence: 0.470
2026-04-22 11:36:06 | [92mINFO[0m | pipeline.inference.realtime_engine | State: FOCUSED    | Confidence: 0.707
2026-04-22 11:36:07 | [92mINFO[0m | pipeline.inference.realtime_engine | State: FOCUSED    | Confidence: 0.720
2026-04-22 11:36:07 | [92mINFO[0m | pipeline.inference.realtime_engine | State: FOCUSED    | Confidence: 0.720
2026-04-22 11:36:08 | [92mINFO[0m | pipeline.inference.realtime_engine | State: FOCUSED    | Confidence: 0.719
2026-04-22 11:36:08 | [92mINFO[0m | pipeline.inference.realtime_engine | State: FOCUSED    | Confidence: 0.720
2026-04-22 11:36:09 | [92mINFO[0m | pipeline.inference.realtime_engine | State: FOCUSED    | Confidence: 0.887
2026-04-22 11:36:09 | [92mINFO[0m | pipeline.inference.realtime_engine | State: FOCUSED    | Confidence: 0.691
2026-04-22 11:36:10 | [92mINFO[0m | pipeline.inference.realtime_engine | State: FOCUSED    | Confidence: 0.573
2026-04-22 11:36:10 | [92mINFO[0m | pipeline.inference.realtime_engine | State: FOCUSED    | Confidence: 0.840
2026-04-22 11:36:11 | [92mINFO[0m | pipeline.inference.realtime_engine | State: FOCUSED    | Confidence: 0.911
2026-04-22 11:36:11 | [92mINFO[0m | pipeline.inference.realtime_engine | State: FOCUSED    | Confidence: 0.640
2026-04-22 11:36:12 | [92mINFO[0m | pipeline.inference.realtime_engine | State: DROWSY     | Confidence: 0.946
2026-04-22 11:36:12 | [92mINFO[0m | pipeline.inference.realtime_engine | State: DROWSY     | Confidence: 1.000
2026-04-22 11:36:13 | [92mINFO[0m | pipeline.inference.realtime_engine | State: DROWSY     | Confidence: 0.359
2026-04-22 11:36:13 | [92mINFO[0m | pipeline.inference.realtime_engine | State: DROWSY     | Confidence: 0.676
2026-04-22 11:36:14 | [92mINFO[0m | pipeline.inference.realtime_engine | State: DROWSY     | Confidence: 0.711
2026-04-22 11:36:14 | [92mINFO[0m | pipeline.inference.realtime_engine | State: DROWSY     | Confidence: 0.590
2026-04-22 11:36:15 | [92mINFO[0m | pipeline.inference.realtime_engine | State: DROWSY     | Confidence: 0.412
2026-04-22 11:36:15 | [92mINFO[0m | pipeline.inference.realtime_engine | State: DROWSY     | Confidence: 1.000
2026-04-22 11:36:16 | [92mINFO[0m | pipeline.inference.realtime_engine | State: DROWSY     | Confidence: 1.000
2026-04-22 11:36:16 | [92mINFO[0m | pipeline.inference.realtime_engine | State: DROWSY     | Confidence: 1.000
2026-04-22 11:36:17 | [92mINFO[0m | pipeline.inference.realtime_engine | State: DROWSY     | Confidence: 1.000
2026-04-22 11:36:17 | [92mINFO[0m | pipeline.inference.realtime_engine | State: DROWSY     | Confidence: 1.000
2026-04-22 11:36:18 | [92mINFO[0m | pipeline.inference.realtime_engine | State: DROWSY     | Confidence: 1.000
2026-04-22 11:36:18 | [92mINFO[0m | pipeline.inference.realtime_engine | State: DROWSY     | Confidence: 1.000
2026-04-22 11:36:19 | [92mINFO[0m | pipeline.inference.realtime_engine | State: DROWSY     | Confidence: 1.000
2026-04-22 11:36:19 | [92mINFO[0m | pipeline.inference.realtime_engine | State: DROWSY     | Confidence: 0.962
2026-04-22 11:36:20 | [92mINFO[0m | pipeline.inference.realtime_engine | State: DROWSY     | Confidence: 0.572
2026-04-22 11:36:20 | [92mINFO[0m | pipeline.inference.realtime_engine | State: DROWSY     | Confidence: 0.574
2026-04-22 11:36:21 | [92mINFO[0m | pipeline.inference.realtime_engine | State: DROWSY     | Confidence: 0.390
2026-04-22 11:36:21 | [92mINFO[0m | pipeline.inference.realtime_engine | State: DROWSY     | Confidence: 0.497
2026-04-22 11:36:22 | [92mINFO[0m | pipeline.inference.realtime_engine | State: DROWSY     | Confidence: 0.429
2026-04-22 11:36:22 | [92mINFO[0m | pipeline.inference.realtime_engine | State: DROWSY     | Confidence: 0.680
2026-04-22 11:36:23 | [92mINFO[0m | pipeline.inference.realtime_engine | State: FOCUSED    | Confidence: 0.788
2026-04-22 11:36:23 | [92mINFO[0m | pipeline.inference.realtime_engine | State: FOCUSED    | Confidence: 0.720
2026-04-22 11:36:24 | [92mINFO[0m | pipeline.inference.realtime_engine | State: FOCUSED    | Confidence: 0.734
2026-04-22 11:36:24 | [92mINFO[0m | pipeline.inference.realtime_engine | State: FOCUSED    | Confidence: 0.464
2026-04-22 11:36:25 | [92mINFO[0m | pipeline.inference.realtime_engine | State: FOCUSED    | Confidence: 0.583
2026-04-22 11:36:25 | [92mINFO[0m | pipeline.inference.realtime_engine | State: FOCUSED    | Confidence: 0.818
2026-04-22 11:36:26 | [92mINFO[0m | pipeline.inference.realtime_engine | State: FOCUSED    | Confidence: 0.723
2026-04-22 11:36:26 | [92mINFO[0m | pipeline.inference.realtime_engine | State: FOCUSED    | Confidence: 0.661
2026-04-22 11:36:27 | [92mINFO[0m | pipeline.inference.realtime_engine | State: FOCUSED    | Confidence: 0.451
2026-04-22 11:36:27 | [92mINFO[0m | pipeline.inference.realtime_engine | State: FOCUSED    | Confidence: 0.595
2026-04-22 11:36:28 | [92mINFO[0m | pipeline.inference.realtime_engine | State: FOCUSED    | Confidence: 0.997
2026-04-22 11:36:28 | [92mINFO[0m | pipeline.inference.realtime_engine | State: FOCUSED    | Confidence: 0.561
2026-04-22 11:36:29 | [92mINFO[0m | pipeline.inference.realtime_engine | State: FOCUSED    | Confidence: 0.610
2026-04-22 11:36:29 | [92mINFO[0m | pipeline.inference.realtime_engine | State: FOCUSED    | Confidence: 0.663
2026-04-22 11:36:30 | [92mINFO[0m | pipeline.inference.realtime_engine | State: FOCUSED    | Confidence: 0.496
2026-04-22 11:36:30 | [92mINFO[0m | pipeline.inference.realtime_engine | State: FOCUSED    | Confidence: 0.581
2026-04-22 11:36:31 | [92mINFO[0m | pipeline.inference.realtime_engine | State: FOCUSED    | Confidence: 0.722
2026-04-22 11:36:31 | [92mINFO[0m | pipeline.inference.realtime_engine | State: DROWSY     | Confidence: 0.650
2026-04-22 11:36:32 | [92mINFO[0m | pipeline.inference.realtime_engine | State: FOCUSED    | Confidence: 0.693
2026-04-22 11:36:32 | [92mINFO[0m | pipeline.inference.realtime_engine | State: FOCUSED    | Confidence: 0.646
2026-04-22 11:36:33 | [92mINFO[0m | pipeline.inference.realtime_engine | State: FOCUSED    | Confidence: 0.585
2026-04-22 11:36:33 | [92mINFO[0m | pipeline.inference.realtime_engine | State: FOCUSED    | Confidence: 0.701
2026-04-22 11:36:34 | [92mINFO[0m | pipeline.inference.realtime_engine | State: FOCUSED    | Confidence: 0.717
2026-04-22 11:36:34 | [92mINFO[0m | pipeline.inference.realtime_engine | State: FOCUSED    | Confidence: 0.727
2026-04-22 11:36:35 | [92mINFO[0m | pipeline.inference.realtime_engine | State: FOCUSED    | Confidence: 0.511
2026-04-22 11:36:35 | [92mINFO[0m | pipeline.inference.realtime_engine | State: FOCUSED    | Confidence: 0.710
2026-04-22 11:36:36 | [92mINFO[0m | pipeline.inference.realtime_engine | State: FOCUSED    | Confidence: 0.929
2026-04-22 11:36:36 | [92mINFO[0m | pipeline.inference.realtime_engine | State: FOCUSED    | Confidence: 0.710
2026-04-22 11:36:37 | [92mINFO[0m | pipeline.inference.realtime_engine | State: FOCUSED    | Confidence: 0.830
2026-04-22 11:36:37 | [92mINFO[0m | pipeline.inference.realtime_engine | State: FOCUSED    | Confidence: 0.908
2026-04-22 11:36:38 | [92mINFO[0m | pipeline.inference.realtime_engine | State: FOCUSED    | Confidence: 0.670
2026-04-22 11:36:38 | [92mINFO[0m | pipeline.inference.realtime_engine | State: FOCUSED    | Confidence: 0.668
2026-04-22 11:36:39 | [92mINFO[0m | pipeline.inference.realtime_engine | State: FOCUSED    | Confidence: 0.490
2026-04-22 11:36:39 | [92mINFO[0m | pipeline.inference.realtime_engine | State: FOCUSED    | Confidence: 0.912
2026-04-22 11:36:40 | [92mINFO[0m | pipeline.inference.realtime_engine | State: FOCUSED    | Confidence: 0.797
2026-04-22 11:36:40 | [92mINFO[0m | pipeline.inference.realtime_engine | State: FOCUSED    | Confidence: 0.997
2026-04-22 11:36:41 | [92mINFO[0m | pipeline.inference.realtime_engine | State: DROWSY     | Confidence: 0.938
2026-04-22 11:36:41 | [92mINFO[0m | pipeline.inference.realtime_engine | State: DROWSY     | Confidence: 0.993
2026-04-22 11:36:42 | [92mINFO[0m | pipeline.inference.realtime_engine | State: DROWSY     | Confidence: 0.993
2026-04-22 11:36:42 | [92mINFO[0m | pipeline.inference.realtime_engine | State: NEUTRAL    | Confidence: 0.999
2026-04-22 11:36:43 | [92mINFO[0m | pipeline.inference.realtime_engine | State: NEUTRAL    | Confidence: 1.000
2026-04-22 11:36:43 | [92mINFO[0m | pipeline.inference.realtime_engine | State: NEUTRAL    | Confidence: 1.000
2026-04-22 11:36:44 | [92mINFO[0m | pipeline.inference.realtime_engine | State: NEUTRAL    | Confidence: 1.000
2026-04-22 11:36:44 | [92mINFO[0m | pipeline.inference.realtime_engine | State: NEUTRAL    | Confidence: 1.000
2026-04-22 11:36:45 | [92mINFO[0m | pipeline.inference.realtime_engine | State: NEUTRAL    | Confidence: 0.824
2026-04-22 11:36:45 | [92mINFO[0m | pipeline.inference.realtime_engine | State: NEUTRAL    | Confidence: 1.000
2026-04-22 11:36:46 | [92mINFO[0m | pipeline.inference.realtime_engine | State: DROWSY     | Confidence: 1.000
2026-04-22 11:36:46 | [92mINFO[0m | pipeline.inference.realtime_engine | State: DROWSY     | Confidence: 0.997
2026-04-22 11:36:47 | [92mINFO[0m | pipeline.inference.realtime_engine | State: DROWSY     | Confidence: 1.000
2026-04-22 11:36:47 | [92mINFO[0m | pipeline.inference.realtime_engine | State: NEUTRAL    | Confidence: 1.000
2026-04-22 11:36:48 | [92mINFO[0m | pipeline.inference.realtime_engine | State: NEUTRAL    | Confidence: 1.000
2026-04-22 11:36:48 | [92mINFO[0m | pipeline.inference.realtime_engine | State: NEUTRAL    | Confidence: 0.998
2026-04-22 11:36:49 | [92mINFO[0m | pipeline.inference.realtime_engine | State: NEUTRAL    | Confidence: 1.000
2026-04-22 11:36:49 | [92mINFO[0m | pipeline.inference.realtime_engine | State: NEUTRAL    | Confidence: 1.000
2026-04-22 11:36:50 | [92mINFO[0m | pipeline.inference.realtime_engine | State: NEUTRAL    | Confidence: 0.988
2026-04-22 11:36:50 | [92mINFO[0m | pipeline.inference.realtime_engine | State: NEUTRAL    | Confidence: 0.600
2026-04-22 11:36:51 | [92mINFO[0m | pipeline.inference.realtime_engine | State: NEUTRAL    | Confidence: 0.720
2026-04-22 11:36:51 | [92mINFO[0m | pipeline.inference.realtime_engine | State: FOCUSED    | Confidence: 0.720
2026-04-22 11:36:52 | [92mINFO[0m | pipeline.inference.realtime_engine | State: FOCUSED    | Confidence: 0.355
2026-04-22 11:36:52 | [92mINFO[0m | pipeline.inference.realtime_engine | State: FOCUSED    | Confidence: 0.953
2026-04-22 11:36:53 | [92mINFO[0m | pipeline.inference.realtime_engine | State: FOCUSED    | Confidence: 0.716
2026-04-22 11:36:53 | [92mINFO[0m | pipeline.inference.realtime_engine | State: FOCUSED    | Confidence: 0.525
2026-04-22 11:36:54 | [92mINFO[0m | pipeline.inference.realtime_engine | State: FOCUSED    | Confidence: 0.664
2026-04-22 11:36:54 | [92mINFO[0m | pipeline.inference.realtime_engine | State: FOCUSED    | Confidence: 0.545
2026-04-22 11:36:55 | [92mINFO[0m | pipeline.inference.realtime_engine | State: FOCUSED    | Confidence: 0.551
2026-04-22 11:36:55 | [92mINFO[0m | pipeline.inference.realtime_engine | State: FOCUSED    | Confidence: 0.494
2026-04-22 11:36:56 | [92mINFO[0m | pipeline.inference.realtime_engine | State: FOCUSED    | Confidence: 0.588
2026-04-22 11:36:56 | [92mINFO[0m | pipeline.inference.realtime_engine | State: NEUTRAL    | Confidence: 0.555
2026-04-22 11:36:57 | [92mINFO[0m | pipeline.inference.realtime_engine | State: NEUTRAL    | Confidence: 0.997
2026-04-22 11:36:57 | [92mINFO[0m | pipeline.inference.realtime_engine | State: NEUTRAL    | Confidence: 0.959
2026-04-22 11:36:58 | [92mINFO[0m | pipeline.inference.realtime_engine | State: NEUTRAL    | Confidence: 0.955
2026-04-22 11:36:58 | [92mINFO[0m | pipeline.inference.realtime_engine | State: NEUTRAL    | Confidence: 0.999
2026-04-22 11:36:59 | [92mINFO[0m | pipeline.inference.realtime_engine | State: NEUTRAL    | Confidence: 0.555
2026-04-22 11:36:59 | [92mINFO[0m | pipeline.inference.realtime_engine | State: NEUTRAL    | Confidence: 0.628
2026-04-22 11:37:00 | [92mINFO[0m | pipeline.inference.realtime_engine | State: DROWSY     | Confidence: 0.515
2026-04-22 11:37:00 | [92mINFO[0m | pipeline.inference.realtime_engine | State: DROWSY     | Confidence: 0.798
2026-04-22 11:37:01 | [92mINFO[0m | pipeline.inference.realtime_engine | State: DROWSY     | Confidence: 0.918
2026-04-22 11:37:01 | [92mINFO[0m | pipeline.inference.realtime_engine | State: DROWSY     | Confidence: 0.952
2026-04-22 11:37:02 | [92mINFO[0m | pipeline.inference.realtime_engine | State: DROWSY     | Confidence: 0.994
2026-04-22 11:37:02 | [92mINFO[0m | pipeline.inference.realtime_engine | State: NEUTRAL    | Confidence: 0.574
2026-04-22 11:37:03 | [92mINFO[0m | pipeline.inference.realtime_engine | State: NEUTRAL    | Confidence: 0.587
2026-04-22 11:37:03 | [92mINFO[0m | pipeline.inference.realtime_engine | State: FOCUSED    | Confidence: 0.722
2026-04-22 11:37:04 | [92mINFO[0m | pipeline.inference.realtime_engine | State: FOCUSED    | Confidence: 0.612
2026-04-22 11:37:04 | [92mINFO[0m | pipeline.inference.realtime_engine | State: FOCUSED    | Confidence: 0.471
2026-04-22 11:37:05 | [92mINFO[0m | pipeline.inference.realtime_engine | State: FOCUSED    | Confidence: 0.468
2026-04-22 11:37:05 | [92mINFO[0m | pipeline.inference.realtime_engine | State: FOCUSED    | Confidence: 0.987
2026-04-22 11:37:06 | [92mINFO[0m | pipeline.inference.realtime_engine | State: FOCUSED    | Confidence: 0.996
2026-04-22 11:37:06 | [92mINFO[0m | pipeline.inference.realtime_engine | State: NEUTRAL    | Confidence: 1.000
2026-04-22 11:37:07 | [92mINFO[0m | pipeline.inference.realtime_engine | State: NEUTRAL    | Confidence: 1.000
2026-04-22 11:37:07 | [92mINFO[0m | pipeline.inference.realtime_engine | State: NEUTRAL    | Confidence: 0.996
2026-04-22 11:37:08 | [92mINFO[0m | pipeline.inference.realtime_engine | State: NEUTRAL    | Confidence: 1.000
2026-04-22 11:37:08 | [92mINFO[0m | pipeline.inference.realtime_engine | State: NEUTRAL    | Confidence: 1.000
2026-04-22 11:37:09 | [92mINFO[0m | pipeline.inference.realtime_engine | State: NEUTRAL    | Confidence: 0.624
2026-04-22 11:37:09 | [92mINFO[0m | pipeline.inference.realtime_engine | State: NEUTRAL    | Confidence: 1.000
2026-04-22 11:37:10 | [92mINFO[0m | pipeline.inference.realtime_engine | State: NEUTRAL    | Confidence: 1.000
2026-04-22 11:37:10 | [92mINFO[0m | pipeline.inference.realtime_engine | State: NEUTRAL    | Confidence: 1.000
2026-04-22 11:37:11 | [92mINFO[0m | pipeline.inference.realtime_engine | State: NEUTRAL    | Confidence: 1.000
2026-04-22 11:37:11 | [92mINFO[0m | pipeline.inference.realtime_engine | State: NEUTRAL    | Confidence: 1.000
2026-04-22 11:37:12 | [92mINFO[0m | pipeline.inference.realtime_engine | State: NEUTRAL    | Confidence: 1.000
2026-04-22 11:37:12 | [92mINFO[0m | pipeline.inference.realtime_engine | State: NEUTRAL    | Confidence: 0.801
2026-04-22 11:37:13 | [92mINFO[0m | pipeline.inference.realtime_engine | State: NEUTRAL    | Confidence: 1.000
2026-04-22 11:37:13 | [92mINFO[0m | pipeline.inference.realtime_engine | State: NEUTRAL    | Confidence: 1.000
2026-04-22 11:37:14 | [92mINFO[0m | pipeline.inference.realtime_engine | State: NEUTRAL    | Confidence: 1.000
2026-04-22 11:37:14 | [92mINFO[0m | pipeline.inference.realtime_engine | State: NEUTRAL    | Confidence: 1.000
2026-04-22 11:37:15 | [92mINFO[0m | pipeline.inference.realtime_engine | State: NEUTRAL    | Confidence: 1.000
2026-04-22 11:37:15 | [92mINFO[0m | pipeline.inference.realtime_engine | State: NEUTRAL    | Confidence: 0.999
2026-04-22 11:37:16 | [92mINFO[0m | pipeline.inference.realtime_engine | State: NEUTRAL    | Confidence: 0.998
2026-04-22 11:37:16 | [92mINFO[0m | pipeline.inference.realtime_engine | State: NEUTRAL    | Confidence: 0.999
2026-04-22 11:37:17 | [92mINFO[0m | pipeline.inference.realtime_engine | State: NEUTRAL    | Confidence: 0.955
2026-04-22 11:37:17 | [92mINFO[0m | pipeline.inference.realtime_engine | State: NEUTRAL    | Confidence: 0.816
2026-04-22 11:37:18 | [92mINFO[0m | pipeline.inference.realtime_engine | State: NEUTRAL    | Confidence: 0.999
2026-04-22 11:37:18 | [92mINFO[0m | pipeline.inference.realtime_engine | State: NEUTRAL    | Confidence: 1.000
2026-04-22 11:37:19 | [92mINFO[0m | pipeline.inference.realtime_engine | State: NEUTRAL    | Confidence: 0.929
2026-04-22 11:37:19 | [92mINFO[0m | pipeline.inference.realtime_engine | State: NEUTRAL    | Confidence: 1.000
2026-04-22 11:37:20 | [92mINFO[0m | pipeline.inference.realtime_engine | State: NEUTRAL    | Confidence: 1.000
2026-04-22 11:37:20 | [92mINFO[0m | pipeline.inference.realtime_engine | State: NEUTRAL    | Confidence: 1.000
2026-04-22 11:51:33 | [92mINFO[0m | __main__ |  Configuration loaded
2026-04-22 11:51:37 | [92mINFO[0m | pipeline.ingestion.arduino_reader | Initialized ArduinoReader for COM5 @ 230400 baud
2026-04-22 11:51:37 | [92mINFO[0m | pipeline.inference.realtime_engine | [OK] Model loaded from models\saved\eegnet_best.pth
2026-04-22 11:51:37 | [92mINFO[0m | pipeline.ingestion.arduino_reader | Connecting to COM5...
2026-04-22 11:51:40 | [92mINFO[0m | pipeline.ingestion.arduino_reader |  [ok] Connected to UNO-R4
2026-04-22 11:51:40 | [92mINFO[0m | pipeline.inference.realtime_engine | Streaming predictions (Ctrl+C to stop)...

2026-04-22 11:51:42 | [92mINFO[0m | pipeline.inference.realtime_engine | State: NEUTRAL    | Confidence: 0.597
2026-04-22 11:51:42 | [92mINFO[0m | pipeline.inference.realtime_engine | State: DROWSY     | Confidence: 1.000
2026-04-22 11:51:42 | [92mINFO[0m | pipeline.inference.realtime_engine | State: DROWSY     | Confidence: 1.000
2026-04-22 11:51:43 | [92mINFO[0m | pipeline.inference.realtime_engine | State: DROWSY     | Confidence: 1.000
2026-04-22 11:51:43 | [92mINFO[0m | pipeline.inference.realtime_engine | State: DROWSY     | Confidence: 0.948
2026-04-22 11:51:44 | [92mINFO[0m | pipeline.inference.realtime_engine | State: DROWSY     | Confidence: 0.349
2026-04-22 11:51:44 | [92mINFO[0m | pipeline.inference.realtime_engine | State: FOCUSED    | Confidence: 0.712
2026-04-22 11:51:45 | [92mINFO[0m | pipeline.inference.realtime_engine | State: FOCUSED    | Confidence: 0.724
2026-04-22 11:51:45 | [92mINFO[0m | pipeline.inference.realtime_engine | State: FOCUSED    | Confidence: 0.463
2026-04-22 11:51:46 | [92mINFO[0m | pipeline.inference.realtime_engine | State: FOCUSED    | Confidence: 0.465
2026-04-22 11:51:46 | [92mINFO[0m | pipeline.inference.realtime_engine | State: FOCUSED    | Confidence: 0.442
2026-04-22 11:51:47 | [92mINFO[0m | pipeline.inference.realtime_engine | State: FOCUSED    | Confidence: 0.499
2026-04-22 11:51:47 | [92mINFO[0m | pipeline.inference.realtime_engine | State: FOCUSED    | Confidence: 0.575
2026-04-22 11:51:48 | [92mINFO[0m | pipeline.inference.realtime_engine | State: FOCUSED    | Confidence: 0.680
2026-04-22 11:51:48 | [92mINFO[0m | pipeline.inference.realtime_engine | State: FOCUSED    | Confidence: 0.571
2026-04-22 11:51:49 | [92mINFO[0m | pipeline.inference.realtime_engine | State: FOCUSED    | Confidence: 0.500
2026-04-22 11:51:49 | [92mINFO[0m | pipeline.inference.realtime_engine | State: FOCUSED    | Confidence: 0.632
2026-04-22 11:51:50 | [92mINFO[0m | pipeline.inference.realtime_engine | State: FOCUSED    | Confidence: 0.550
2026-04-22 11:51:50 | [92mINFO[0m | pipeline.inference.realtime_engine | State: NEUTRAL    | Confidence: 0.519
2026-04-22 11:51:51 | [92mINFO[0m | pipeline.inference.realtime_engine | State: NEUTRAL    | Confidence: 0.400
2026-04-22 11:51:51 | [92mINFO[0m | pipeline.inference.realtime_engine | State: NEUTRAL    | Confidence: 0.979
2026-04-22 11:51:52 | [92mINFO[0m | pipeline.inference.realtime_engine | State: NEUTRAL    | Confidence: 0.897
2026-04-22 11:51:52 | [92mINFO[0m | pipeline.inference.realtime_engine | State: NEUTRAL    | Confidence: 0.995
2026-04-22 11:51:53 | [92mINFO[0m | pipeline.inference.realtime_engine | State: NEUTRAL    | Confidence: 0.979
2026-04-22 11:51:53 | [92mINFO[0m | pipeline.inference.realtime_engine | State: NEUTRAL    | Confidence: 0.959
2026-04-22 11:51:54 | [92mINFO[0m | pipeline.inference.realtime_engine | State: NEUTRAL    | Confidence: 0.502
2026-04-22 11:51:54 | [92mINFO[0m | pipeline.inference.realtime_engine | State: NEUTRAL    | Confidence: 0.709
2026-04-22 11:51:55 | [92mINFO[0m | pipeline.inference.realtime_engine | State: NEUTRAL    | Confidence: 0.984
2026-04-22 11:51:55 | [92mINFO[0m | pipeline.inference.realtime_engine | State: DROWSY     | Confidence: 0.860
2026-04-22 11:51:56 | [92mINFO[0m | pipeline.inference.realtime_engine | State: NEUTRAL    | Confidence: 0.419
2026-04-22 11:51:56 | [92mINFO[0m | pipeline.inference.realtime_engine | State: NEUTRAL    | Confidence: 0.568
2026-04-22 11:51:57 | [92mINFO[0m | pipeline.inference.realtime_engine | State: NEUTRAL    | Confidence: 0.543
2026-04-22 11:51:57 | [92mINFO[0m | pipeline.inference.realtime_engine | State: NEUTRAL    | Confidence: 0.902
2026-04-22 11:51:58 | [92mINFO[0m | pipeline.inference.realtime_engine | State: NEUTRAL    | Confidence: 0.893
2026-04-22 11:51:58 | [92mINFO[0m | pipeline.inference.realtime_engine | State: NEUTRAL    | Confidence: 0.474
2026-04-22 11:51:59 | [92mINFO[0m | pipeline.inference.realtime_engine | State: NEUTRAL    | Confidence: 0.814
2026-04-22 11:51:59 | [92mINFO[0m | pipeline.inference.realtime_engine | State: NEUTRAL    | Confidence: 0.527
2026-04-22 11:52:00 | [92mINFO[0m | pipeline.inference.realtime_engine | State: NEUTRAL    | Confidence: 0.340
2026-04-22 11:52:00 | [92mINFO[0m | pipeline.inference.realtime_engine | State: NEUTRAL    | Confidence: 0.874
2026-04-22 11:52:01 | [92mINFO[0m | pipeline.inference.realtime_engine | State: DROWSY     | Confidence: 1.000
2026-04-22 11:52:01 | [92mINFO[0m | pipeline.inference.realtime_engine | State: DROWSY     | Confidence: 0.993
2026-04-22 11:52:02 | [92mINFO[0m | pipeline.inference.realtime_engine | State: DROWSY     | Confidence: 0.979
2026-04-22 11:52:02 | [92mINFO[0m | pipeline.inference.realtime_engine | State: DROWSY     | Confidence: 0.869
2026-04-22 11:52:03 | [92mINFO[0m | pipeline.inference.realtime_engine | State: DROWSY     | Confidence: 0.910
2026-04-22 11:52:03 | [92mINFO[0m | pipeline.inference.realtime_engine | State: NEUTRAL    | Confidence: 0.984
2026-04-22 11:52:04 | [92mINFO[0m | pipeline.inference.realtime_engine | State: NEUTRAL    | Confidence: 1.000
2026-04-22 11:52:04 | [92mINFO[0m | pipeline.inference.realtime_engine | State: NEUTRAL    | Confidence: 1.000
2026-04-22 11:52:05 | [92mINFO[0m | pipeline.inference.realtime_engine | State: NEUTRAL    | Confidence: 1.000
2026-04-22 11:52:05 | [92mINFO[0m | pipeline.inference.realtime_engine | State: NEUTRAL    | Confidence: 0.996
2026-04-22 11:52:06 | [92mINFO[0m | pipeline.inference.realtime_engine | State: NEUTRAL    | Confidence: 0.996
2026-04-22 11:52:06 | [92mINFO[0m | pipeline.inference.realtime_engine | State: NEUTRAL    | Confidence: 0.993
2026-04-22 11:52:07 | [92mINFO[0m | pipeline.inference.realtime_engine | State: NEUTRAL    | Confidence: 1.000
2026-04-22 11:52:07 | [92mINFO[0m | pipeline.inference.realtime_engine | State: NEUTRAL    | Confidence: 0.506
2026-04-22 11:52:08 | [92mINFO[0m | pipeline.inference.realtime_engine | State: NEUTRAL    | Confidence: 0.757
2026-04-22 11:52:08 | [92mINFO[0m | pipeline.inference.realtime_engine | State: NEUTRAL    | Confidence: 1.000
2026-04-22 11:52:09 | [92mINFO[0m | pipeline.inference.realtime_engine | State: NEUTRAL    | Confidence: 0.871
2026-04-22 11:52:09 | [92mINFO[0m | pipeline.inference.realtime_engine | State: NEUTRAL    | Confidence: 0.999
2026-04-22 11:52:10 | [92mINFO[0m | pipeline.inference.realtime_engine | State: NEUTRAL    | Confidence: 0.938
2026-04-22 11:52:10 | [92mINFO[0m | pipeline.inference.realtime_engine | State: DROWSY     | Confidence: 0.999
2026-04-22 11:52:11 | [92mINFO[0m | pipeline.inference.realtime_engine | State: DROWSY     | Confidence: 0.999
2026-04-22 11:52:11 | [92mINFO[0m | pipeline.inference.realtime_engine | State: NEUTRAL    | Confidence: 0.999
2026-04-22 11:52:12 | [92mINFO[0m | pipeline.inference.realtime_engine | State: NEUTRAL    | Confidence: 0.980
2026-04-22 11:52:12 | [92mINFO[0m | pipeline.inference.realtime_engine | State: NEUTRAL    | Confidence: 1.000
2026-04-22 11:52:13 | [92mINFO[0m | pipeline.inference.realtime_engine | State: NEUTRAL    | Confidence: 0.999
2026-04-22 11:52:13 | [92mINFO[0m | pipeline.inference.realtime_engine | State: NEUTRAL    | Confidence: 0.964
2026-04-22 11:52:14 | [92mINFO[0m | pipeline.inference.realtime_engine | State: NEUTRAL    | Confidence: 0.971
2026-04-22 11:52:14 | [92mINFO[0m | pipeline.inference.realtime_engine | State: NEUTRAL    | Confidence: 0.998
2026-04-22 11:52:15 | [92mINFO[0m | pipeline.inference.realtime_engine | State: NEUTRAL    | Confidence: 0.965
2026-04-22 11:52:15 | [92mINFO[0m | pipeline.inference.realtime_engine | State: NEUTRAL    | Confidence: 0.381
2026-04-22 11:52:16 | [92mINFO[0m | pipeline.inference.realtime_engine | State: NEUTRAL    | Confidence: 0.625
2026-04-22 11:52:16 | [92mINFO[0m | pipeline.inference.realtime_engine | State: DROWSY     | Confidence: 0.654
2026-04-22 11:52:17 | [92mINFO[0m | pipeline.inference.realtime_engine | State: DROWSY     | Confidence: 0.603
2026-04-22 11:52:17 | [92mINFO[0m | pipeline.inference.realtime_engine | State: DROWSY     | Confidence: 1.000
2026-04-22 11:52:18 | [92mINFO[0m | pipeline.inference.realtime_engine | State: DROWSY     | Confidence: 1.000
2026-04-22 11:52:18 | [92mINFO[0m | pipeline.inference.realtime_engine | State: DROWSY     | Confidence: 0.992
2026-04-22 11:52:19 | [92mINFO[0m | pipeline.inference.realtime_engine | State: DROWSY     | Confidence: 1.000
2026-04-22 11:52:19 | [92mINFO[0m | pipeline.inference.realtime_engine | State: DROWSY     | Confidence: 1.000
2026-04-22 11:52:20 | [92mINFO[0m | pipeline.inference.realtime_engine | State: DROWSY     | Confidence: 1.000
2026-04-22 11:52:20 | [92mINFO[0m | pipeline.inference.realtime_engine | State: DROWSY     | Confidence: 1.000
2026-04-22 11:52:21 | [92mINFO[0m | pipeline.inference.realtime_engine | State: DROWSY     | Confidence: 1.000
2026-04-22 11:52:21 | [92mINFO[0m | pipeline.inference.realtime_engine | State: DROWSY     | Confidence: 1.000
2026-04-22 11:52:22 | [92mINFO[0m | pipeline.inference.realtime_engine | State: DROWSY     | Confidence: 1.000
2026-04-22 11:52:22 | [92mINFO[0m | pipeline.inference.realtime_engine | State: DROWSY     | Confidence: 1.000
2026-04-22 11:52:23 | [92mINFO[0m | pipeline.inference.realtime_engine | State: DROWSY     | Confidence: 1.000
2026-04-22 11:52:23 | [92mINFO[0m | pipeline.inference.realtime_engine | State: DROWSY     | Confidence: 1.000
2026-04-22 11:52:24 | [92mINFO[0m | pipeline.inference.realtime_engine | State: DROWSY     | Confidence: 1.000
2026-04-22 11:52:24 | [92mINFO[0m | pipeline.inference.realtime_engine | State: DROWSY     | Confidence: 0.983
2026-04-22 11:52:25 | [92mINFO[0m | pipeline.inference.realtime_engine | State: NEUTRAL    | Confidence: 0.986
2026-04-22 11:52:25 | [92mINFO[0m | pipeline.inference.realtime_engine | State: NEUTRAL    | Confidence: 1.000
2026-04-22 11:52:26 | [92mINFO[0m | pipeline.inference.realtime_engine | State: NEUTRAL    | Confidence: 1.000
2026-04-22 11:52:26 | [92mINFO[0m | pipeline.inference.realtime_engine | State: DROWSY     | Confidence: 1.000
2026-04-22 11:52:27 | [92mINFO[0m | pipeline.inference.realtime_engine | State: DROWSY     | Confidence: 1.000
2026-04-22 11:52:27 | [92mINFO[0m | pipeline.inference.realtime_engine | State: DROWSY     | Confidence: 1.000
2026-04-22 11:52:28 | [92mINFO[0m | pipeline.inference.realtime_engine | State: NEUTRAL    | Confidence: 1.000
2026-04-22 11:52:28 | [92mINFO[0m | pipeline.inference.realtime_engine | State: NEUTRAL    | Confidence: 1.000
2026-04-22 11:52:29 | [92mINFO[0m | pipeline.inference.realtime_engine | State: NEUTRAL    | Confidence: 0.999
2026-04-22 11:52:29 | [92mINFO[0m | pipeline.inference.realtime_engine | State: NEUTRAL    | Confidence: 0.944
2026-04-22 11:52:30 | [92mINFO[0m | pipeline.inference.realtime_engine | State: NEUTRAL    | Confidence: 0.689
2026-04-22 11:52:30 | [92mINFO[0m | pipeline.inference.realtime_engine | State: NEUTRAL    | Confidence: 0.726
2026-04-22 11:52:31 | [92mINFO[0m | pipeline.inference.realtime_engine | State: NEUTRAL    | Confidence: 0.547
2026-04-22 11:52:31 | [92mINFO[0m | pipeline.inference.realtime_engine | State: NEUTRAL    | Confidence: 0.368
2026-04-22 11:52:32 | [92mINFO[0m | pipeline.inference.realtime_engine | State: NEUTRAL    | Confidence: 0.518
2026-04-22 11:52:32 | [92mINFO[0m | pipeline.inference.realtime_engine | State: NEUTRAL    | Confidence: 0.592
2026-04-22 11:52:33 | [92mINFO[0m | pipeline.inference.realtime_engine | State: NEUTRAL    | Confidence: 1.000
2026-04-22 11:52:33 | [92mINFO[0m | pipeline.inference.realtime_engine | State: NEUTRAL    | Confidence: 0.607
2026-04-22 11:52:34 | [92mINFO[0m | pipeline.inference.realtime_engine | State: NEUTRAL    | Confidence: 0.930
2026-04-22 11:52:34 | [92mINFO[0m | pipeline.inference.realtime_engine | State: NEUTRAL    | Confidence: 0.928
2026-04-22 11:52:35 | [92mINFO[0m | pipeline.inference.realtime_engine | State: NEUTRAL    | Confidence: 0.990
2026-04-22 11:52:35 | [92mINFO[0m | pipeline.inference.realtime_engine | State: NEUTRAL    | Confidence: 0.973
2026-04-22 11:52:36 | [92mINFO[0m | pipeline.inference.realtime_engine | State: NEUTRAL    | Confidence: 1.000
2026-04-22 11:52:36 | [92mINFO[0m | pipeline.inference.realtime_engine | State: NEUTRAL    | Confidence: 1.000
2026-04-22 11:52:37 | [92mINFO[0m | pipeline.inference.realtime_engine | State: NEUTRAL    | Confidence: 0.999
2026-04-22 11:52:37 | [92mINFO[0m | pipeline.inference.realtime_engine | State: NEUTRAL    | Confidence: 0.925
2026-04-22 11:52:38 | [92mINFO[0m | pipeline.inference.realtime_engine | State: NEUTRAL    | Confidence: 0.992
2026-04-22 11:52:38 | [92mINFO[0m | pipeline.inference.realtime_engine | State: NEUTRAL    | Confidence: 0.943
2026-04-22 11:52:39 | [92mINFO[0m | pipeline.inference.realtime_engine | State: NEUTRAL    | Confidence: 0.870
2026-04-22 11:52:39 | [92mINFO[0m | pipeline.inference.realtime_engine | State: NEUTRAL    | Confidence: 0.849
2026-04-22 11:52:40 | [92mINFO[0m | pipeline.inference.realtime_engine | State: NEUTRAL    | Confidence: 0.839
2026-04-22 11:52:40 | [92mINFO[0m | pipeline.inference.realtime_engine | State: NEUTRAL    | Confidence: 0.568
2026-04-22 11:52:41 | [92mINFO[0m | pipeline.inference.realtime_engine | State: NEUTRAL    | Confidence: 0.997
2026-04-22 11:52:41 | [92mINFO[0m | pipeline.inference.realtime_engine | State: NEUTRAL    | Confidence: 0.581
2026-04-22 11:52:42 | [92mINFO[0m | pipeline.inference.realtime_engine | State: FOCUSED    | Confidence: 0.671
2026-04-22 11:52:42 | [92mINFO[0m | pipeline.inference.realtime_engine | State: FOCUSED    | Confidence: 0.715
2026-04-22 11:52:43 | [92mINFO[0m | pipeline.inference.realtime_engine | State: FOCUSED    | Confidence: 0.644
2026-04-22 11:52:43 | [92mINFO[0m | pipeline.inference.realtime_engine | State: FOCUSED    | Confidence: 0.724
2026-04-22 11:52:44 | [92mINFO[0m | pipeline.inference.realtime_engine | State: FOCUSED    | Confidence: 0.645
2026-04-22 11:52:44 | [92mINFO[0m | pipeline.inference.realtime_engine | State: FOCUSED    | Confidence: 0.726
2026-04-22 11:52:45 | [92mINFO[0m | pipeline.inference.realtime_engine | State: FOCUSED    | Confidence: 0.721
2026-04-22 11:52:45 | [92mINFO[0m | pipeline.inference.realtime_engine | State: FOCUSED    | Confidence: 0.696
2026-04-22 11:52:46 | [92mINFO[0m | pipeline.inference.realtime_engine | State: FOCUSED    | Confidence: 0.697
2026-04-22 11:52:46 | [92mINFO[0m | pipeline.inference.realtime_engine | State: FOCUSED    | Confidence: 0.933
2026-04-22 11:52:47 | [92mINFO[0m | pipeline.inference.realtime_engine | State: FOCUSED    | Confidence: 0.561
2026-04-22 11:52:47 | [92mINFO[0m | pipeline.inference.realtime_engine | State: FOCUSED    | Confidence: 0.688
2026-04-22 11:52:48 | [92mINFO[0m | pipeline.inference.realtime_engine | State: FOCUSED    | Confidence: 0.684
2026-04-22 11:52:48 | [92mINFO[0m | pipeline.inference.realtime_engine | State: FOCUSED    | Confidence: 0.588
2026-04-22 11:52:49 | [92mINFO[0m | pipeline.inference.realtime_engine | State: FOCUSED    | Confidence: 0.895
2026-04-22 11:52:49 | [92mINFO[0m | pipeline.inference.realtime_engine | State: FOCUSED    | Confidence: 0.826
2026-04-22 11:52:50 | [92mINFO[0m | pipeline.inference.realtime_engine | State: NEUTRAL    | Confidence: 0.870
2026-04-22 11:52:50 | [92mINFO[0m | pipeline.inference.realtime_engine | State: NEUTRAL    | Confidence: 0.701
2026-04-22 11:52:51 | [92mINFO[0m | pipeline.inference.realtime_engine | State: NEUTRAL    | Confidence: 0.666
2026-04-22 11:52:51 | [92mINFO[0m | pipeline.inference.realtime_engine | State: NEUTRAL    | Confidence: 0.528
2026-04-22 11:52:52 | [92mINFO[0m | pipeline.inference.realtime_engine | State: NEUTRAL    | Confidence: 0.511
2026-04-22 11:52:52 | [92mINFO[0m | pipeline.inference.realtime_engine | State: NEUTRAL    | Confidence: 0.627
2026-04-22 11:52:53 | [92mINFO[0m | pipeline.inference.realtime_engine | State: NEUTRAL    | Confidence: 0.991
2026-04-22 11:52:53 | [92mINFO[0m | pipeline.inference.realtime_engine | State: NEUTRAL    | Confidence: 0.995
2026-04-22 11:52:54 | [92mINFO[0m | pipeline.inference.realtime_engine | State: NEUTRAL    | Confidence: 0.982
2026-04-22 11:52:54 | [92mINFO[0m | pipeline.inference.realtime_engine | State: DROWSY     | Confidence: 0.990
2026-04-22 11:52:55 | [92mINFO[0m | pipeline.inference.realtime_engine | State: DROWSY     | Confidence: 0.964
2026-04-22 11:52:55 | [92mINFO[0m | pipeline.inference.realtime_engine | State: DROWSY     | Confidence: 0.614
2026-04-22 11:52:56 | [92mINFO[0m | pipeline.inference.realtime_engine | State: DROWSY     | Confidence: 0.618
2026-04-22 11:52:56 | [92mINFO[0m | pipeline.inference.realtime_engine | State: FOCUSED    | Confidence: 0.693
2026-04-22 11:52:57 | [92mINFO[0m | pipeline.inference.realtime_engine | State: FOCUSED    | Confidence: 0.510
2026-04-22 11:52:57 | [92mINFO[0m | pipeline.inference.realtime_engine | State: FOCUSED    | Confidence: 0.492
2026-04-22 11:52:58 | [92mINFO[0m | pipeline.inference.realtime_engine | State: FOCUSED    | Confidence: 0.715
2026-04-22 11:52:58 | [92mINFO[0m | pipeline.inference.realtime_engine | State: FOCUSED    | Confidence: 0.415
2026-04-22 11:52:59 | [92mINFO[0m | pipeline.inference.realtime_engine | State: FOCUSED    | Confidence: 0.388
2026-04-22 11:52:59 | [92mINFO[0m | pipeline.inference.realtime_engine | State: DROWSY     | Confidence: 0.504
2026-04-22 11:53:00 | [92mINFO[0m | pipeline.inference.realtime_engine | State: DROWSY     | Confidence: 0.374
2026-04-22 11:53:00 | [92mINFO[0m | pipeline.inference.realtime_engine | State: NEUTRAL    | Confidence: 0.667
2026-04-22 11:53:01 | [92mINFO[0m | pipeline.inference.realtime_engine | State: NEUTRAL    | Confidence: 0.719
2026-04-22 11:53:01 | [92mINFO[0m | pipeline.inference.realtime_engine | State: FOCUSED    | Confidence: 0.720
2026-04-22 11:53:02 | [92mINFO[0m | pipeline.inference.realtime_engine | State: NEUTRAL    | Confidence: 0.576
2026-04-22 11:53:02 | [92mINFO[0m | pipeline.inference.realtime_engine | State: NEUTRAL    | Confidence: 0.830
2026-04-22 11:53:03 | [92mINFO[0m | pipeline.inference.realtime_engine | State: NEUTRAL    | Confidence: 0.930
2026-04-22 11:53:03 | [92mINFO[0m | pipeline.inference.realtime_engine | State: NEUTRAL    | Confidence: 0.998
2026-04-22 11:53:04 | [92mINFO[0m | pipeline.inference.realtime_engine | State: NEUTRAL    | Confidence: 0.993
2026-04-22 11:53:04 | [92mINFO[0m | pipeline.inference.realtime_engine | State: NEUTRAL    | Confidence: 0.889
2026-04-22 11:53:05 | [92mINFO[0m | pipeline.inference.realtime_engine | State: NEUTRAL    | Confidence: 0.558
2026-04-22 11:53:05 | [92mINFO[0m | pipeline.inference.realtime_engine | State: NEUTRAL    | Confidence: 0.540
2026-04-22 11:53:06 | [92mINFO[0m | pipeline.inference.realtime_engine | State: NEUTRAL    | Confidence: 0.988
2026-04-22 11:53:06 | [92mINFO[0m | pipeline.inference.realtime_engine | State: NEUTRAL    | Confidence: 0.971
2026-04-22 11:53:07 | [92mINFO[0m | pipeline.inference.realtime_engine | State: NEUTRAL    | Confidence: 0.486
2026-04-22 11:53:07 | [92mINFO[0m | pipeline.inference.realtime_engine | State: NEUTRAL    | Confidence: 0.748
2026-04-22 11:53:08 | [92mINFO[0m | pipeline.inference.realtime_engine | State: NEUTRAL    | Confidence: 0.959
2026-04-22 11:53:08 | [92mINFO[0m | pipeline.inference.realtime_engine | State: NEUTRAL    | Confidence: 0.564
2026-04-22 11:53:09 | [92mINFO[0m | pipeline.inference.realtime_engine | State: NEUTRAL    | Confidence: 0.764
2026-04-22 11:53:09 | [92mINFO[0m | pipeline.inference.realtime_engine | State: NEUTRAL    | Confidence: 0.961
2026-04-22 11:53:10 | [92mINFO[0m | pipeline.inference.realtime_engine | State: NEUTRAL    | Confidence: 0.695
2026-04-22 11:53:10 | [92mINFO[0m | pipeline.inference.realtime_engine | State: NEUTRAL    | Confidence: 0.686
2026-04-22 11:53:11 | [92mINFO[0m | pipeline.inference.realtime_engine | State: FOCUSED    | Confidence: 0.681
2026-04-22 11:53:11 | [92mINFO[0m | pipeline.inference.realtime_engine | State: FOCUSED    | Confidence: 0.562
2026-04-22 11:53:12 | [92mINFO[0m | pipeline.inference.realtime_engine | State: FOCUSED    | Confidence: 0.516
2026-04-22 11:53:12 | [92mINFO[0m | pipeline.inference.realtime_engine | State: FOCUSED    | Confidence: 0.954
2026-04-22 11:53:13 | [92mINFO[0m | pipeline.inference.realtime_engine | State: FOCUSED    | Confidence: 0.734
2026-04-22 11:53:13 | [92mINFO[0m | pipeline.inference.realtime_engine | State: NEUTRAL    | Confidence: 0.815
2026-04-22 11:53:14 | [92mINFO[0m | pipeline.inference.realtime_engine | State: NEUTRAL    | Confidence: 0.827
2026-04-22 11:53:15 | [92mINFO[0m | pipeline.inference.realtime_engine | State: NEUTRAL    | Confidence: 0.501
2026-04-22 11:53:15 | [92mINFO[0m | pipeline.inference.realtime_engine | State: NEUTRAL    | Confidence: 0.490
2026-04-22 11:53:15 | [92mINFO[0m | pipeline.inference.realtime_engine | State: NEUTRAL    | Confidence: 0.539
2026-04-22 11:53:16 | [92mINFO[0m | pipeline.inference.realtime_engine | State: DROWSY     | Confidence: 0.584
2026-04-22 11:53:18 | [92mINFO[0m | pipeline.inference.realtime_engine | State: DROWSY     | Confidence: 0.578
2026-04-22 11:53:18 | [92mINFO[0m | pipeline.inference.realtime_engine | State: DROWSY     | Confidence: 0.679
2026-04-22 11:53:18 | [92mINFO[0m | pipeline.inference.realtime_engine | State: FOCUSED    | Confidence: 0.582
2026-04-22 11:53:18 | [92mINFO[0m | pipeline.inference.realtime_engine | State: FOCUSED    | Confidence: 0.795
2026-04-22 11:53:19 | [92mINFO[0m | pipeline.inference.realtime_engine | State: FOCUSED    | Confidence: 0.620
2026-04-22 11:53:19 | [92mINFO[0m | pipeline.inference.realtime_engine | State: FOCUSED    | Confidence: 0.639
2026-04-22 11:53:20 | [92mINFO[0m | pipeline.inference.realtime_engine | State: FOCUSED    | Confidence: 0.999
2026-04-22 11:53:21 | [92mINFO[0m | pipeline.inference.realtime_engine | State: DROWSY     | Confidence: 0.887
2026-04-22 11:53:21 | [92mINFO[0m | pipeline.inference.realtime_engine | State: DROWSY     | Confidence: 0.990
2026-04-22 11:53:21 | [92mINFO[0m | pipeline.inference.realtime_engine | State: DROWSY     | Confidence: 0.441
2026-04-22 11:53:21 | [92mINFO[0m | pipeline.inference.realtime_engine | State: FOCUSED    | Confidence: 0.642
2026-04-22 11:53:23 | [92mINFO[0m | pipeline.inference.realtime_engine | State: FOCUSED    | Confidence: 0.657
2026-04-22 11:53:24 | [92mINFO[0m | pipeline.inference.realtime_engine | State: FOCUSED    | Confidence: 0.922
2026-04-22 11:53:24 | [92mINFO[0m | pipeline.inference.realtime_engine | State: FOCUSED    | Confidence: 0.871
2026-04-22 11:53:24 | [92mINFO[0m | pipeline.inference.realtime_engine | State: DROWSY     | Confidence: 0.995
2026-04-22 11:53:24 | [92mINFO[0m | pipeline.inference.realtime_engine | State: DROWSY     | Confidence: 1.000
2026-04-22 11:53:24 | [92mINFO[0m | pipeline.inference.realtime_engine | State: DROWSY     | Confidence: 0.841
2026-04-22 11:53:26 | [92mINFO[0m | pipeline.inference.realtime_engine | State: DROWSY     | Confidence: 0.407
2026-04-22 11:53:27 | [92mINFO[0m | pipeline.inference.realtime_engine | State: DROWSY     | Confidence: 0.353
2026-04-22 11:53:27 | [92mINFO[0m | pipeline.inference.realtime_engine | State: DROWSY     | Confidence: 0.424
2026-04-22 11:53:27 | [92mINFO[0m | pipeline.inference.realtime_engine | State: NEUTRAL    | Confidence: 0.627
2026-04-22 11:53:27 | [92mINFO[0m | pipeline.inference.realtime_engine | State: NEUTRAL    | Confidence: 0.407
2026-04-22 11:53:29 | [92mINFO[0m | pipeline.inference.realtime_engine | State: DROWSY     | Confidence: 0.614
2026-04-22 11:53:29 | [92mINFO[0m | pipeline.inference.realtime_engine | State: FOCUSED    | Confidence: 0.634
2026-04-22 11:53:29 | [92mINFO[0m | pipeline.inference.realtime_engine | State: FOCUSED    | Confidence: 0.565
2026-04-22 11:53:30 | [92mINFO[0m | pipeline.inference.realtime_engine | State: FOCUSED    | Confidence: 0.677
2026-04-22 11:53:30 | [92mINFO[0m | pipeline.inference.realtime_engine | State: FOCUSED    | Confidence: 0.631
2026-04-22 11:53:32 | [92mINFO[0m | pipeline.inference.realtime_engine | State: FOCUSED    | Confidence: 0.577
2026-04-22 11:53:32 | [92mINFO[0m | pipeline.inference.realtime_engine | State: DROWSY     | Confidence: 0.440
2026-04-22 11:53:32 | [92mINFO[0m | pipeline.inference.realtime_engine | State: DROWSY     | Confidence: 0.986
2026-04-22 11:53:32 | [92mINFO[0m | pipeline.inference.realtime_engine | State: DROWSY     | Confidence: 0.770
2026-04-22 11:53:32 | [92mINFO[0m | pipeline.inference.realtime_engine | State: DROWSY     | Confidence: 0.771
2026-04-22 11:53:34 | [92mINFO[0m | pipeline.inference.realtime_engine | State: DROWSY     | Confidence: 0.626
2026-04-22 11:53:34 | [92mINFO[0m | pipeline.inference.realtime_engine | State: DROWSY     | Confidence: 0.546
2026-04-22 11:53:34 | [92mINFO[0m | pipeline.inference.realtime_engine | State: DROWSY     | Confidence: 0.827
2026-04-22 11:53:35 | [92mINFO[0m | pipeline.inference.realtime_engine | State: DROWSY     | Confidence: 0.679
2026-04-22 11:53:35 | [92mINFO[0m | pipeline.inference.realtime_engine | State: DROWSY     | Confidence: 0.603
2026-04-22 11:53:35 | [92mINFO[0m | pipeline.inference.realtime_engine | State: DROWSY     | Confidence: 0.754
2026-04-22 11:53:36 | [92mINFO[0m | pipeline.inference.realtime_engine | State: DROWSY     | Confidence: 0.646
2026-04-22 11:53:36 | [92mINFO[0m | pipeline.inference.realtime_engine | State: DROWSY     | Confidence: 0.722
2026-04-22 11:53:37 | [92mINFO[0m | pipeline.inference.realtime_engine | State: DROWSY     | Confidence: 0.456
2026-04-22 11:53:37 | [92mINFO[0m | pipeline.inference.realtime_engine | State: DROWSY     | Confidence: 0.632
2026-04-22 11:53:38 | [92mINFO[0m | pipeline.inference.realtime_engine | State: FOCUSED    | Confidence: 0.552
2026-04-22 11:53:39 | [92mINFO[0m | pipeline.inference.realtime_engine | State: FOCUSED    | Confidence: 0.552
2026-04-22 11:53:39 | [92mINFO[0m | pipeline.inference.realtime_engine | State: NEUTRAL    | Confidence: 0.685
2026-04-22 11:53:39 | [92mINFO[0m | pipeline.inference.realtime_engine | State: NEUTRAL    | Confidence: 0.597
2026-04-22 11:53:40 | [92mINFO[0m | pipeline.inference.realtime_engine | State: FOCUSED    | Confidence: 0.692
2026-04-22 11:53:40 | [92mINFO[0m | pipeline.inference.realtime_engine | State: FOCUSED    | Confidence: 0.870
2026-04-22 11:53:41 | [92mINFO[0m | pipeline.inference.realtime_engine | State: FOCUSED    | Confidence: 0.538
2026-04-22 11:53:41 | [92mINFO[0m | pipeline.inference.realtime_engine | State: FOCUSED    | Confidence: 0.793
2026-04-22 11:53:43 | [92mINFO[0m | pipeline.inference.realtime_engine | State: FOCUSED    | Confidence: 0.698
2026-04-22 11:53:43 | [92mINFO[0m | pipeline.inference.realtime_engine | State: FOCUSED    | Confidence: 0.720
2026-04-22 11:53:43 | [92mINFO[0m | pipeline.inference.realtime_engine | State: FOCUSED    | Confidence: 0.538
2026-04-22 11:53:43 | [92mINFO[0m | pipeline.inference.realtime_engine | State: FOCUSED    | Confidence: 0.554
2026-04-22 11:53:44 | [92mINFO[0m | pipeline.inference.realtime_engine | State: FOCUSED    | Confidence: 0.967
2026-04-22 11:53:44 | [92mINFO[0m | pipeline.inference.realtime_engine | State: NEUTRAL    | Confidence: 0.967
2026-04-22 11:53:45 | [92mINFO[0m | pipeline.inference.realtime_engine | State: NEUTRAL    | Confidence: 0.870
2026-04-22 11:53:47 | [92mINFO[0m | pipeline.inference.realtime_engine | State: NEUTRAL    | Confidence: 0.552
2026-04-22 11:53:47 | [92mINFO[0m | pipeline.inference.realtime_engine | State: NEUTRAL    | Confidence: 0.616
2026-04-22 11:53:51 | [92mINFO[0m | pipeline.inference.realtime_engine | State: NEUTRAL    | Confidence: 0.798
2026-04-22 11:53:51 | [92mINFO[0m | pipeline.inference.realtime_engine | State: FOCUSED    | Confidence: 0.941
2026-04-22 11:53:51 | [92mINFO[0m | pipeline.inference.realtime_engine | State: FOCUSED    | Confidence: 0.699
2026-04-22 11:53:51 | [92mINFO[0m | pipeline.inference.realtime_engine | State: FOCUSED    | Confidence: 0.682
2026-04-22 11:53:52 | [92mINFO[0m | pipeline.inference.realtime_engine | State: FOCUSED    | Confidence: 0.606
2026-04-22 11:53:54 | [92mINFO[0m | pipeline.inference.realtime_engine | State: FOCUSED    | Confidence: 0.955
2026-04-22 11:53:54 | [92mINFO[0m | pipeline.inference.realtime_engine | State: FOCUSED    | Confidence: 0.843
2026-04-22 11:53:54 | [92mINFO[0m | pipeline.inference.realtime_engine | State: DROWSY     | Confidence: 0.677
2026-04-22 11:53:54 | [92mINFO[0m | pipeline.inference.realtime_engine | State: DROWSY     | Confidence: 0.992
2026-04-22 11:53:55 | [92mINFO[0m | pipeline.inference.realtime_engine | State: DROWSY     | Confidence: 0.492
2026-04-22 11:53:55 | [92mINFO[0m | pipeline.inference.realtime_engine | State: DROWSY     | Confidence: 0.660
2026-04-22 11:53:57 | [92mINFO[0m | pipeline.inference.realtime_engine | State: FOCUSED    | Confidence: 0.757
2026-04-22 11:53:57 | [92mINFO[0m | pipeline.inference.realtime_engine | State: FOCUSED    | Confidence: 0.699
2026-04-22 11:53:57 | [92mINFO[0m | pipeline.inference.realtime_engine | State: NEUTRAL    | Confidence: 0.979
2026-04-22 11:53:57 | [92mINFO[0m | pipeline.inference.realtime_engine | State: NEUTRAL    | Confidence: 0.753
2026-04-22 11:53:57 | [92mINFO[0m | pipeline.inference.realtime_engine | State: NEUTRAL    | Confidence: 0.735
2026-04-22 11:53:59 | [92mINFO[0m | pipeline.inference.realtime_engine | State: DROWSY     | Confidence: 0.652
2026-04-22 11:53:59 | [92mINFO[0m | pipeline.inference.realtime_engine | State: DROWSY     | Confidence: 0.685
2026-04-22 11:53:59 | [92mINFO[0m | pipeline.inference.realtime_engine | State: DROWSY     | Confidence: 0.487
2026-04-22 11:53:59 | [92mINFO[0m | pipeline.inference.realtime_engine | State: DROWSY     | Confidence: 0.762
2026-04-22 11:54:00 | [92mINFO[0m | pipeline.inference.realtime_engine | State: DROWSY     | Confidence: 0.725
2026-04-22 11:54:02 | [92mINFO[0m | pipeline.inference.realtime_engine | State: FOCUSED    | Confidence: 0.513
2026-04-22 11:54:02 | [92mINFO[0m | pipeline.inference.realtime_engine | State: FOCUSED    | Confidence: 0.721
2026-04-22 11:54:02 | [92mINFO[0m | pipeline.inference.realtime_engine | State: FOCUSED    | Confidence: 0.720
2026-04-22 11:54:03 | [92mINFO[0m | pipeline.inference.realtime_engine | State: FOCUSED    | Confidence: 0.722
2026-04-22 11:54:03 | [92mINFO[0m | pipeline.inference.realtime_engine | State: FOCUSED    | Confidence: 0.727
2026-04-22 11:54:03 | [92mINFO[0m | pipeline.inference.realtime_engine | State: FOCUSED    | Confidence: 0.726
2026-04-22 11:54:04 | [92mINFO[0m | pipeline.inference.realtime_engine | State: FOCUSED    | Confidence: 0.716
2026-04-22 11:54:04 | [92mINFO[0m | pipeline.inference.realtime_engine | State: FOCUSED    | Confidence: 0.745
2026-04-22 11:54:04 | [92mINFO[0m | pipeline.inference.realtime_engine | State: FOCUSED    | Confidence: 0.635
2026-04-22 11:54:05 | [92mINFO[0m | pipeline.inference.realtime_engine | State: FOCUSED    | Confidence: 0.667
2026-04-22 11:54:06 | [92mINFO[0m | pipeline.inference.realtime_engine | State: FOCUSED    | Confidence: 0.967
2026-04-22 11:54:06 | [92mINFO[0m | pipeline.inference.realtime_engine | State: NEUTRAL    | Confidence: 0.982
2026-04-22 11:54:06 | [92mINFO[0m | pipeline.inference.realtime_engine | State: NEUTRAL    | Confidence: 0.722
2026-04-22 11:54:08 | [92mINFO[0m | pipeline.inference.realtime_engine | State: NEUTRAL    | Confidence: 0.680
2026-04-22 11:54:09 | [92mINFO[0m | pipeline.inference.realtime_engine | State: NEUTRAL    | Confidence: 0.673
2026-04-22 11:54:09 | [92mINFO[0m | pipeline.inference.realtime_engine | State: NEUTRAL    | Confidence: 0.594
2026-04-22 11:54:09 | [92mINFO[0m | pipeline.inference.realtime_engine | State: FOCUSED    | Confidence: 0.700
2026-04-22 11:54:09 | [92mINFO[0m | pipeline.inference.realtime_engine | State: FOCUSED    | Confidence: 0.414
2026-04-22 11:54:09 | [92mINFO[0m | pipeline.inference.realtime_engine | State: FOCUSED    | Confidence: 0.718
2026-04-22 11:54:11 | [92mINFO[0m | pipeline.inference.realtime_engine | State: FOCUSED    | Confidence: 0.637
2026-04-22 11:54:12 | [92mINFO[0m | pipeline.inference.realtime_engine | State: FOCUSED    | Confidence: 0.644
2026-04-22 11:54:12 | [92mINFO[0m | pipeline.inference.realtime_engine | State: FOCUSED    | Confidence: 0.851
2026-04-22 11:54:12 | [92mINFO[0m | pipeline.inference.realtime_engine | State: NEUTRAL    | Confidence: 0.954
2026-04-22 11:54:12 | [92mINFO[0m | pipeline.inference.realtime_engine | State: NEUTRAL    | Confidence: 0.744
2026-04-22 11:54:13 | [92mINFO[0m | pipeline.inference.realtime_engine | State: NEUTRAL    | Confidence: 0.696
2026-04-22 11:54:14 | [92mINFO[0m | pipeline.inference.realtime_engine | State: NEUTRAL    | Confidence: 0.648
2026-04-22 11:54:15 | [92mINFO[0m | pipeline.inference.realtime_engine | State: FOCUSED    | Confidence: 0.762
2026-04-22 11:54:15 | [92mINFO[0m | pipeline.inference.realtime_engine | State: FOCUSED    | Confidence: 0.583
2026-04-22 11:54:15 | [92mINFO[0m | pipeline.inference.realtime_engine | State: FOCUSED    | Confidence: 0.404
2026-04-22 11:54:15 | [92mINFO[0m | pipeline.inference.realtime_engine | State: FOCUSED    | Confidence: 0.478
2026-04-22 11:54:17 | [92mINFO[0m | pipeline.inference.realtime_engine | State: FOCUSED    | Confidence: 0.599
2026-04-22 11:54:17 | [92mINFO[0m | pipeline.inference.realtime_engine | State: FOCUSED    | Confidence: 0.670
2026-04-22 11:54:17 | [92mINFO[0m | pipeline.inference.realtime_engine | State: FOCUSED    | Confidence: 0.527
2026-04-22 11:54:17 | [92mINFO[0m | pipeline.inference.realtime_engine | State: FOCUSED    | Confidence: 0.491
2026-04-22 11:54:18 | [92mINFO[0m | pipeline.inference.realtime_engine | State: FOCUSED    | Confidence: 0.817
2026-04-22 11:54:19 | [92mINFO[0m | pipeline.inference.realtime_engine | State: FOCUSED    | Confidence: 0.792
2026-04-22 11:54:20 | [92mINFO[0m | pipeline.inference.realtime_engine | State: NEUTRAL    | Confidence: 0.670
2026-04-22 11:54:20 | [92mINFO[0m | pipeline.inference.realtime_engine | State: NEUTRAL    | Confidence: 0.410
2026-04-22 11:54:20 | [92mINFO[0m | pipeline.inference.realtime_engine | State: NEUTRAL    | Confidence: 0.606
2026-04-22 11:54:20 | [92mINFO[0m | pipeline.inference.realtime_engine | State: NEUTRAL    | Confidence: 0.554
2026-04-22 11:54:22 | [92mINFO[0m | pipeline.inference.realtime_engine | State: FOCUSED    | Confidence: 0.841
2026-04-22 11:54:22 | [92mINFO[0m | pipeline.inference.realtime_engine | State: FOCUSED    | Confidence: 0.488
2026-04-22 11:54:22 | [92mINFO[0m | pipeline.inference.realtime_engine | State: FOCUSED    | Confidence: 0.579
2026-04-22 11:54:23 | [92mINFO[0m | pipeline.inference.realtime_engine | State: DROWSY     | Confidence: 0.456
2026-04-22 11:54:23 | [92mINFO[0m | pipeline.inference.realtime_engine | State: DROWSY     | Confidence: 0.561
2026-04-22 11:54:23 | [92mINFO[0m | pipeline.inference.realtime_engine | State: FOCUSED    | Confidence: 0.524
2026-04-22 11:54:24 | [92mINFO[0m | pipeline.inference.realtime_engine | State: DROWSY     | Confidence: 0.664
2026-04-22 11:54:24 | [92mINFO[0m | pipeline.inference.realtime_engine | State: FOCUSED    | Confidence: 0.559
2026-04-22 11:54:26 | [92mINFO[0m | pipeline.inference.realtime_engine | State: NEUTRAL    | Confidence: 0.801
2026-04-22 11:54:26 | [92mINFO[0m | pipeline.inference.realtime_engine | State: FOCUSED    | Confidence: 0.600
2026-04-22 11:54:27 | [92mINFO[0m | pipeline.inference.realtime_engine | State: NEUTRAL    | Confidence: 0.591
2026-04-22 11:54:27 | [92mINFO[0m | pipeline.inference.realtime_engine | State: NEUTRAL    | Confidence: 0.983
2026-04-22 11:54:27 | [92mINFO[0m | pipeline.inference.realtime_engine | State: NEUTRAL    | Confidence: 0.767
2026-04-22 11:54:27 | [92mINFO[0m | pipeline.inference.realtime_engine | State: NEUTRAL    | Confidence: 0.922
2026-04-22 11:54:28 | [92mINFO[0m | pipeline.inference.realtime_engine | State: NEUTRAL    | Confidence: 0.801
2026-04-22 11:54:29 | [92mINFO[0m | pipeline.inference.realtime_engine | State: FOCUSED    | Confidence: 0.725
2026-04-22 11:54:29 | [92mINFO[0m | pipeline.inference.realtime_engine | State: FOCUSED    | Confidence: 0.720
2026-04-22 11:54:30 | [92mINFO[0m | pipeline.inference.realtime_engine | State: FOCUSED    | Confidence: 0.723
2026-04-22 11:54:30 | [92mINFO[0m | pipeline.inference.realtime_engine | State: FOCUSED    | Confidence: 0.536
2026-04-22 11:54:31 | [92mINFO[0m | pipeline.inference.realtime_engine | State: FOCUSED    | Confidence: 0.603
2026-04-22 11:54:31 | [92mINFO[0m | pipeline.inference.realtime_engine | State: FOCUSED    | Confidence: 0.583
2026-04-22 11:54:31 | [92mINFO[0m | pipeline.inference.realtime_engine | State: FOCUSED    | Confidence: 0.622
2026-04-22 11:54:32 | [92mINFO[0m | pipeline.inference.realtime_engine | State: FOCUSED    | Confidence: 0.694
2026-04-22 11:54:32 | [92mINFO[0m | pipeline.inference.realtime_engine | State: FOCUSED    | Confidence: 0.513
2026-04-22 11:54:33 | [92mINFO[0m | pipeline.inference.realtime_engine | State: FOCUSED    | Confidence: 0.739
2026-04-22 11:54:33 | [92mINFO[0m | pipeline.inference.realtime_engine | State: FOCUSED    | Confidence: 0.545
2026-04-22 11:54:34 | [92mINFO[0m | pipeline.inference.realtime_engine | State: FOCUSED    | Confidence: 0.759
2026-04-22 11:54:35 | [92mINFO[0m | pipeline.inference.realtime_engine | State: NEUTRAL    | Confidence: 0.632
2026-04-22 11:54:36 | [92mINFO[0m | pipeline.inference.realtime_engine | State: NEUTRAL    | Confidence: 0.827
2026-04-22 11:54:36 | [92mINFO[0m | pipeline.inference.realtime_engine | State: NEUTRAL    | Confidence: 0.789
2026-04-22 11:54:36 | [92mINFO[0m | pipeline.inference.realtime_engine | State: NEUTRAL    | Confidence: 0.539
2026-04-22 11:54:36 | [92mINFO[0m | pipeline.inference.realtime_engine | State: FOCUSED    | Confidence: 0.611
2026-04-22 11:54:38 | [92mINFO[0m | pipeline.inference.realtime_engine | State: FOCUSED    | Confidence: 0.818
2026-04-22 11:54:40 | [92mINFO[0m | pipeline.inference.realtime_engine | State: FOCUSED    | Confidence: 0.685
2026-04-22 11:54:40 | [92mINFO[0m | pipeline.inference.realtime_engine | State: FOCUSED    | Confidence: 0.642
2026-04-22 11:54:42 | [92mINFO[0m | pipeline.inference.realtime_engine | State: FOCUSED    | Confidence: 0.978
2026-04-22 11:54:42 | [92mINFO[0m | pipeline.inference.realtime_engine | State: NEUTRAL    | Confidence: 0.554
2026-04-22 11:54:42 | [92mINFO[0m | pipeline.inference.realtime_engine | State: FOCUSED    | Confidence: 0.582
2026-04-22 11:54:42 | [92mINFO[0m | pipeline.inference.realtime_engine | State: NEUTRAL    | Confidence: 0.996
2026-04-22 11:54:43 | [92mINFO[0m | pipeline.inference.realtime_engine | State: NEUTRAL    | Confidence: 0.994
2026-04-22 11:54:44 | [92mINFO[0m | pipeline.inference.realtime_engine | State: NEUTRAL    | Confidence: 0.999
2026-04-22 11:54:45 | [92mINFO[0m | pipeline.inference.realtime_engine | State: NEUTRAL    | Confidence: 0.999
2026-04-22 11:54:45 | [92mINFO[0m | pipeline.inference.realtime_engine | State: NEUTRAL    | Confidence: 0.677
2026-04-22 11:54:45 | [92mINFO[0m | pipeline.inference.realtime_engine | State: NEUTRAL    | Confidence: 0.953
2026-04-22 11:54:45 | [92mINFO[0m | pipeline.inference.realtime_engine | State: NEUTRAL    | Confidence: 0.500
2026-04-22 11:54:47 | [92mINFO[0m | pipeline.inference.realtime_engine | State: NEUTRAL    | Confidence: 0.720
2026-04-22 11:54:47 | [92mINFO[0m | pipeline.inference.realtime_engine | State: NEUTRAL    | Confidence: 0.723
2026-04-22 11:54:47 | [92mINFO[0m | pipeline.inference.realtime_engine | State: FOCUSED    | Confidence: 0.557
2026-04-22 11:54:47 | [92mINFO[0m | pipeline.inference.realtime_engine | State: FOCUSED    | Confidence: 0.707
2026-04-22 11:54:49 | [92mINFO[0m | pipeline.inference.realtime_engine | State: FOCUSED    | Confidence: 0.578
2026-04-22 11:54:50 | [92mINFO[0m | pipeline.inference.realtime_engine | State: FOCUSED    | Confidence: 0.595
2026-04-22 11:54:50 | [92mINFO[0m | pipeline.inference.realtime_engine | State: FOCUSED    | Confidence: 0.990
2026-04-22 11:54:50 | [92mINFO[0m | pipeline.inference.realtime_engine | State: FOCUSED    | Confidence: 0.992
2026-04-22 11:54:50 | [92mINFO[0m | pipeline.inference.realtime_engine | State: FOCUSED    | Confidence: 0.581
2026-04-22 11:54:51 | [92mINFO[0m | pipeline.inference.realtime_engine | State: DROWSY     | Confidence: 0.992
2026-04-22 11:54:52 | [92mINFO[0m | pipeline.inference.realtime_engine | State: DROWSY     | Confidence: 0.826
2026-06-05 20:21:02 | [92mINFO[0m | __main__ | 
=== Critical Files ===
2026-06-05 20:21:02 | [92mINFO[0m | __main__ | [OK] Configuration: config.yaml
2026-06-05 20:21:02 | [92mINFO[0m | __main__ | [OK] CLI Entry Point: app.py
2026-06-05 20:21:02 | [92mINFO[0m | __main__ | [OK] Dependencies: requirements.txt
2026-06-05 20:21:02 | [92mINFO[0m | __main__ | [OK] Setup Script: setup.py
2026-06-05 20:21:02 | [92mINFO[0m | __main__ | 
=== Pipeline Modules ===
2026-06-05 20:21:02 | [92mINFO[0m | __main__ | [OK] Pipeline: ingestion/arduino_reader.py: arduino_reader.py
2026-06-05 20:21:02 | [92mINFO[0m | __main__ | [OK] Pipeline: ingestion/record_session.py: record_session.py
2026-06-05 20:21:02 | [92mINFO[0m | __main__ | [OK] Pipeline: ingestion/test_connection.py: test_connection.py
2026-06-05 20:21:02 | [92mINFO[0m | __main__ | [OK] Pipeline: preprocessing/filters.py: filters.py
2026-06-05 20:21:02 | [92mINFO[0m | __main__ | [OK] Pipeline: preprocessing/windowing.py: windowing.py
2026-06-05 20:21:02 | [92mINFO[0m | __main__ | [OK] Pipeline: preprocessing/artifact_rejection.py: artifact_rejection.py
2026-06-05 20:21:02 | [92mINFO[0m | __main__ | [OK] Pipeline: preprocessing/process_pipeline.py: process_pipeline.py
2026-06-05 20:21:02 | [92mINFO[0m | __main__ | [OK] Pipeline: features/band_powers.py: band_powers.py
2026-06-05 20:21:02 | [92mINFO[0m | __main__ | [OK] Pipeline: features/hjorth_params.py: hjorth_params.py
2026-06-05 20:21:02 | [92mINFO[0m | __main__ | [OK] Pipeline: features/spectral_entropy.py: spectral_entropy.py
2026-06-05 20:21:02 | [92mINFO[0m | __main__ | [OK] Pipeline: features/feature_extractor.py: feature_extractor.py
2026-06-05 20:21:02 | [92mINFO[0m | __main__ | [OK] Pipeline: training/dataset.py: dataset.py
2026-06-05 20:21:02 | [92mINFO[0m | __main__ | [OK] Pipeline: training/eegnet.py: eegnet.py
2026-06-05 20:21:02 | [92mINFO[0m | __main__ | [OK] Pipeline: training/train.py: train.py
2026-06-05 20:21:02 | [92mINFO[0m | __main__ | [OK] Pipeline: training/tune.py: tune.py
2026-06-05 20:21:02 | [92mINFO[0m | __main__ | [OK] Pipeline: inference/realtime_engine.py: realtime_engine.py
2026-06-05 20:21:02 | [92mINFO[0m | __main__ | [OK] Pipeline: adaptive/learning_engine.py: learning_engine.py
2026-06-05 20:21:02 | [92mINFO[0m | __main__ | 
=== API Modules ===
2026-06-05 20:21:02 | [92mINFO[0m | __main__ | [OK] API: main.py: main.py
2026-06-05 20:21:02 | [92mINFO[0m | __main__ | [OK] API: schemas.py: schemas.py
2026-06-05 20:21:02 | [92mINFO[0m | __main__ | [OK] API: websocket_manager.py: websocket_manager.py
2026-06-05 20:21:02 | [92mINFO[0m | __main__ | 
=== Utilities ===
2026-06-05 20:21:02 | [92mINFO[0m | __main__ | [OK] Utils: logger.py: logger.py
2026-06-05 20:21:02 | [92mINFO[0m | __main__ | [OK] Utils: exceptions.py: exceptions.py
2026-06-05 20:21:02 | [92mINFO[0m | __main__ | [OK] Utils: config_loader.py: config_loader.py
2026-06-05 20:21:02 | [92mINFO[0m | __main__ | 
=== Directories ===
2026-06-05 20:21:02 | [92mINFO[0m | __main__ | [OK] Directory: data/raw
2026-06-05 20:21:02 | [92mINFO[0m | __main__ | [OK] Directory: data/processed
2026-06-05 20:21:02 | [92mINFO[0m | __main__ | [OK] Directory: data/external
2026-06-05 20:21:02 | [92mINFO[0m | __main__ | [OK] Directory: models/saved
2026-06-05 20:21:02 | [92mINFO[0m | __main__ | [OK] Directory: logs
2026-06-05 20:21:02 | [92mINFO[0m | __main__ | 
======================================================================
2026-06-05 20:21:02 | [92mINFO[0m | __main__ | Verification Results: 32/32 checks passed
2026-06-05 20:21:02 | [92mINFO[0m | __main__ | [OK] ALL CHECKS PASSED - Project structure is correct!
2026-06-05 20:21:02 | [92mINFO[0m | __main__ | 
=== Configuration Keys ===
2026-06-05 20:21:02 | [92mINFO[0m | __main__ | [OK] hardware
2026-06-05 20:21:02 | [92mINFO[0m | __main__ | [OK] signal
2026-06-05 20:21:02 | [92mINFO[0m | __main__ | [OK] windowing
2026-06-05 20:21:02 | [92mINFO[0m | __main__ | [OK] bands
2026-06-05 20:21:02 | [92mINFO[0m | __main__ | [OK] model
2026-06-05 20:21:02 | [92mINFO[0m | __main__ | [OK] training
2026-06-05 20:21:02 | [92mINFO[0m | __main__ | [OK] optuna
2026-06-05 20:21:02 | [92mINFO[0m | __main__ | [OK] api
2026-06-05 20:21:02 | [92mINFO[0m | __main__ | [OK] recording
2026-06-05 20:21:02 | [92mINFO[0m | __main__ | [OK] paths
2026-06-05 20:21:02 | [92mINFO[0m | __main__ | 
[OK] Configuration is valid
2026-06-05 20:21:02 | [92mINFO[0m | __main__ | 
=== Import Tests ===
2026-06-05 20:21:02 | [92mINFO[0m | __main__ | [OK] utils.logger.get_logger
2026-06-05 20:21:02 | [92mINFO[0m | __main__ | [OK] utils.config_loader.load_config
2026-06-05 20:21:02 | [92mINFO[0m | __main__ | [OK] utils.exceptions.HardwareConnectionError
2026-06-05 20:21:04 | [92mINFO[0m | __main__ | [OK] pipeline.ingestion.arduino_reader.ArduinoReader
2026-06-05 20:21:25 | [92mINFO[0m | __main__ | [OK] pipeline.preprocessing.filters.notch_filter
2026-06-05 20:21:38 | [92mINFO[0m | __main__ | [OK] pipeline.training.eegnet.EEGNet
2026-06-05 20:21:38 | [92mINFO[0m | __main__ | [OK] pipeline.training.dataset.EEGDataset
2026-06-05 20:21:39 | [92mINFO[0m | __main__ | [OK] api.schemas.BrainStateResponse
2026-06-05 20:21:39 | [92mINFO[0m | __main__ | 
[OK] All imports successful
2026-06-05 20:21:39 | [92mINFO[0m | __main__ | Structure: [OK] PASSED
2026-06-05 20:21:39 | [92mINFO[0m | __main__ | Configuration: [OK] PASSED
2026-06-05 20:21:39 | [92mINFO[0m | __main__ | Imports: [OK] PASSED
2026-06-05 20:21:39 | [92mINFO[0m | __main__ | 
ALL VERIFICATIONS PASSED!
2026-06-05 20:21:39 | [92mINFO[0m | __main__ | Project is ready to use.
2026-06-05 20:21:39 | [92mINFO[0m | __main__ | 
Next steps:
2026-06-05 20:21:39 | [92mINFO[0m | __main__ |   1. python app.py --mode test
2026-06-05 20:21:39 | [92mINFO[0m | __main__ |   2. python app.py --mode collect
2026-06-05 20:21:39 | [92mINFO[0m | __main__ |   3. python app.py --mode train
2026-06-05 20:32:07 | [92mINFO[0m | __main__ | 
=== Critical Files ===
2026-06-05 20:32:07 | [92mINFO[0m | __main__ | [OK] Configuration: config.yaml
2026-06-05 20:32:07 | [92mINFO[0m | __main__ | [OK] CLI Entry Point: app.py
2026-06-05 20:32:07 | [92mINFO[0m | __main__ | [OK] Dependencies: requirements.txt
2026-06-05 20:32:07 | [92mINFO[0m | __main__ | [OK] Setup Script: setup.py
2026-06-05 20:32:07 | [92mINFO[0m | __main__ | 
=== Pipeline Modules ===
2026-06-05 20:32:07 | [92mINFO[0m | __main__ | [OK] Pipeline: ingestion/arduino_reader.py: arduino_reader.py
2026-06-05 20:32:07 | [92mINFO[0m | __main__ | [OK] Pipeline: ingestion/record_session.py: record_session.py
2026-06-05 20:32:07 | [92mINFO[0m | __main__ | [OK] Pipeline: ingestion/test_connection.py: test_connection.py
2026-06-05 20:32:07 | [92mINFO[0m | __main__ | [OK] Pipeline: preprocessing/filters.py: filters.py
2026-06-05 20:32:07 | [92mINFO[0m | __main__ | [OK] Pipeline: preprocessing/windowing.py: windowing.py
2026-06-05 20:32:07 | [92mINFO[0m | __main__ | [OK] Pipeline: preprocessing/artifact_rejection.py: artifact_rejection.py
2026-06-05 20:32:07 | [92mINFO[0m | __main__ | [OK] Pipeline: preprocessing/process_pipeline.py: process_pipeline.py
2026-06-05 20:32:07 | [92mINFO[0m | __main__ | [OK] Pipeline: features/band_powers.py: band_powers.py
2026-06-05 20:32:07 | [92mINFO[0m | __main__ | [OK] Pipeline: features/hjorth_params.py: hjorth_params.py
2026-06-05 20:32:07 | [92mINFO[0m | __main__ | [OK] Pipeline: features/spectral_entropy.py: spectral_entropy.py
2026-06-05 20:32:07 | [92mINFO[0m | __main__ | [OK] Pipeline: features/feature_extractor.py: feature_extractor.py
2026-06-05 20:32:07 | [92mINFO[0m | __main__ | [OK] Pipeline: training/dataset.py: dataset.py
2026-06-05 20:32:07 | [92mINFO[0m | __main__ | [OK] Pipeline: training/eegnet.py: eegnet.py
2026-06-05 20:32:07 | [92mINFO[0m | __main__ | [OK] Pipeline: training/train.py: train.py
2026-06-05 20:32:07 | [92mINFO[0m | __main__ | [OK] Pipeline: training/tune.py: tune.py
2026-06-05 20:32:07 | [92mINFO[0m | __main__ | [OK] Pipeline: inference/realtime_engine.py: realtime_engine.py
2026-06-05 20:32:07 | [92mINFO[0m | __main__ | [OK] Pipeline: adaptive/learning_engine.py: learning_engine.py
2026-06-05 20:32:07 | [92mINFO[0m | __main__ | 
=== API Modules ===
2026-06-05 20:32:07 | [92mINFO[0m | __main__ | [OK] API: main.py: main.py
2026-06-05 20:32:07 | [92mINFO[0m | __main__ | [OK] API: schemas.py: schemas.py
2026-06-05 20:32:07 | [92mINFO[0m | __main__ | [OK] API: websocket_manager.py: websocket_manager.py
2026-06-05 20:32:07 | [92mINFO[0m | __main__ | 
=== Utilities ===
2026-06-05 20:32:07 | [92mINFO[0m | __main__ | [OK] Utils: logger.py: logger.py
2026-06-05 20:32:07 | [92mINFO[0m | __main__ | [OK] Utils: exceptions.py: exceptions.py
2026-06-05 20:32:07 | [92mINFO[0m | __main__ | [OK] Utils: config_loader.py: config_loader.py
2026-06-05 20:32:07 | [92mINFO[0m | __main__ | 
=== Directories ===
2026-06-05 20:32:07 | [92mINFO[0m | __main__ | [OK] Directory: data/raw
2026-06-05 20:32:07 | [92mINFO[0m | __main__ | [OK] Directory: data/processed
2026-06-05 20:32:07 | [92mINFO[0m | __main__ | [OK] Directory: data/external
2026-06-05 20:32:07 | [92mINFO[0m | __main__ | [OK] Directory: models/saved
2026-06-05 20:32:07 | [92mINFO[0m | __main__ | [OK] Directory: logs
2026-06-05 20:32:07 | [92mINFO[0m | __main__ | 
======================================================================
2026-06-05 20:32:07 | [92mINFO[0m | __main__ | Verification Results: 32/32 checks passed
2026-06-05 20:32:07 | [92mINFO[0m | __main__ | [OK] ALL CHECKS PASSED - Project structure is correct!
2026-06-05 20:32:07 | [92mINFO[0m | __main__ | 
=== Configuration Keys ===
2026-06-05 20:32:07 | [92mINFO[0m | __main__ | [OK] hardware
2026-06-05 20:32:07 | [92mINFO[0m | __main__ | [OK] signal
2026-06-05 20:32:07 | [92mINFO[0m | __main__ | [OK] windowing
2026-06-05 20:32:07 | [92mINFO[0m | __main__ | [OK] bands
2026-06-05 20:32:07 | [92mINFO[0m | __main__ | [OK] model
2026-06-05 20:32:07 | [92mINFO[0m | __main__ | [OK] training
2026-06-05 20:32:07 | [92mINFO[0m | __main__ | [OK] optuna
2026-06-05 20:32:07 | [92mINFO[0m | __main__ | [OK] api
2026-06-05 20:32:07 | [92mINFO[0m | __main__ | [OK] recording
2026-06-05 20:32:07 | [92mINFO[0m | __main__ | [OK] paths
2026-06-05 20:32:07 | [92mINFO[0m | __main__ | 
[OK] Configuration is valid
2026-06-05 20:32:07 | [92mINFO[0m | __main__ | 
=== Import Tests ===
2026-06-05 20:32:07 | [92mINFO[0m | __main__ | [OK] utils.logger.get_logger
2026-06-05 20:32:07 | [92mINFO[0m | __main__ | [OK] utils.config_loader.load_config
2026-06-05 20:32:07 | [92mINFO[0m | __main__ | [OK] utils.exceptions.HardwareConnectionError
2026-06-05 20:32:07 | [92mINFO[0m | __main__ | [OK] pipeline.ingestion.arduino_reader.ArduinoReader
2026-06-05 20:32:09 | [92mINFO[0m | __main__ | [OK] pipeline.preprocessing.filters.notch_filter
2026-06-05 20:32:16 | [92mINFO[0m | __main__ | [OK] pipeline.training.eegnet.EEGNet
2026-06-05 20:32:16 | [92mINFO[0m | __main__ | [OK] pipeline.training.dataset.EEGDataset
2026-06-05 20:32:16 | [92mINFO[0m | __main__ | [OK] api.schemas.BrainStateResponse
2026-06-05 20:32:16 | [92mINFO[0m | __main__ | 
[OK] All imports successful
2026-06-05 20:32:16 | [92mINFO[0m | __main__ | Structure: [OK] PASSED
2026-06-05 20:32:16 | [92mINFO[0m | __main__ | Configuration: [OK] PASSED
2026-06-05 20:32:16 | [92mINFO[0m | __main__ | Imports: [OK] PASSED
2026-06-05 20:32:16 | [92mINFO[0m | __main__ | 
ALL VERIFICATIONS PASSED!
2026-06-05 20:32:16 | [92mINFO[0m | __main__ | Project is ready to use.
2026-06-05 20:32:16 | [92mINFO[0m | __main__ | 
Next steps:
2026-06-05 20:32:16 | [92mINFO[0m | __main__ |   1. python app.py --mode test
2026-06-05 20:32:16 | [92mINFO[0m | __main__ |   2. python app.py --mode collect
2026-06-05 20:32:16 | [92mINFO[0m | __main__ |   3. python app.py --mode train
2026-06-05 20:33:03 | [92mINFO[0m | __main__ |  Configuration loaded
2026-06-05 20:33:10 | [92mINFO[0m | pipeline.ingestion.arduino_reader | Initialized ArduinoReader for COM5 @ 230400 baud
2026-06-05 20:33:10 | [92mINFO[0m | pipeline.inference.realtime_engine | [OK] Model loaded from models\saved\eegnet_best.pth
2026-06-05 20:33:10 | [92mINFO[0m | pipeline.adaptive.learning_engine | Initialized adaptive engine (difficulty={'hardware': {'port': 'COM5', 'baud_rate': 230400, 'sample_rate': 500, 'n_channels': 1, 'channel_names': ['Fp1'], 'adc_resolution': 14, 'adc_reference_voltage': 3.3}, 'signal': {'bandpass_low': 1.0, 'bandpass_high': 45.0, 'notch_freq': 50.0, 'notch_quality': 30, 'filter_order': 4, 'artifact_threshold_uv': 500.0, 'flatline_threshold': 0.5}, 'windowing': {'window_seconds': 2.0, 'step_seconds': 0.5, 'window_samples': 1000, 'step_samples': 250}, 'bands': {'delta': [1, 4], 'theta': [4, 8], 'alpha': [8, 12], 'beta': [13, 30], 'gamma': [30, 45]}, 'model': {'architecture': 'EEGNet', 'n_classes': 3, 'n_channels': 1, 'n_samples': 1000, 'F1': 16, 'D': 4, 'F2': 64, 'dropout': 0.2765, 'class_names': ['focused', 'drowsy', 'neutral']}, 'training': {'epochs': 194, 'batch_size': 64, 'learning_rate': 0.009923, 'weight_decay': 6.9e-05, 'scheduler': 'cosine', 'patience': 50, 'val_split': 0.2, 'random_seed': 42}, 'optuna': {'n_trials': 50, 'direction': 'maximize'}, 'api': {'host': '0.0.0.0', 'port': 8000, 'frontend_url': 'http://localhost:3000', 'websocket_interval': 0.5}, 'recording': {'states': {'focused': {'label': 0, 'duration': 1200, 'instruction': 'Solve hard LeetCode/CodeChef problems. Stay physically still.'}, 'drowsy': {'label': 1, 'duration': 1200, 'instruction': 'Late night, lie back, eyes half open, listen to brown noise.'}, 'stressed': {'label': 2, 'duration': 1200, 'instruction': 'Play fast-paced game or take timed Stroop test with alarm.'}}, 'baseline_duration': 120, 'buffer_seconds': 30}, 'paths': {'raw_data': 'data/raw/', 'processed_data': 'data/processed/', 'saved_models': 'models/saved/', 'logs': 'logs/'}})
2026-06-05 20:33:10 | [92mINFO[0m | api.main | [OK] Engines initialized
